Date,AAPL,GLD,JPM,MSFT,NVDA,SPY
2018-01-03,-0.00017397760749514636,-0.0026403330092135157,0.0010185543038779194,0.0046436254939024564,0.06373872846449098,0.0063056191295885605
2018-01-04,0.004634132578361208,0.005114278310262769,0.014223968332477632,0.008762545029385487,0.005257168241248838,0.004205636390995162
2018-01-05,0.011320875624482293,-0.001036702137934486,-0.006440378021414821,0.012322198504816521,0.008438686518314824,0.006642025110606126
2018-01-08,-0.0037210618146478118,-0.0001596255390370604,0.0014758279159044197,0.0010200210024017655,0.030180985014791842,0.0018271274874863761
2018-01-09,-0.00011465364278688423,-0.004639219643041588,0.005056479319730273,-0.0006803067757130332,-0.00027067979679627015,0.0022606755857791294
2018-01-10,-0.00022981445600391245,0.002402270692406848,0.010943955515837775,-0.0045438363901219815,0.007809340729154327,-0.0015309606964070577
2018-01-11,0.005664280447253774,0.003273877321212141,0.005336866744580628,0.002956067664372014,0.0017870983834411807,0.007269706229146421
2018-01-12,0.010273509786602068,0.012044492942167013,0.016375608594888947,0.017109541097250654,-0.00492151246455211,0.006497586164077239
2018-01-16,-0.0050950139039227585,0.001652690627169873,-0.003556543642127048,-0.01404897055165146,-0.012954531086446074,-0.0034237660749192617
2018-01-17,0.016381194637060534,-0.008132363237354055,0.006392834316461921,0.0200575878054159,0.020727847612456315,0.009486269204707635
2018-01-18,0.0008929081010344317,-0.002222213448585594,0.002386668274541805,-0.00044357333733430427,-0.0012468892728430602,-0.0016821531948091647
2018-01-19,-0.00447262613476237,0.0044394996120163946,-0.002209835726527088,-0.0011105339634880432,0.024949227991094114,0.004539317100216416
2018-01-22,-0.008214889626341142,0.0018177059354296304,0.011612609358137342,0.017730686103126496,0.015437867170685092,0.008097690869661157
2018-01-23,0.00022546734834643492,0.004961985943158681,-0.0010501217669662128,0.003160688308220714,0.02209141891506012,0.0021207971113772254
2018-01-24,-0.01605640781470745,0.012104345577545294,0.012702603003649171,-0.0008711571041647082,-0.013102898092534872,-0.00038854868924886876
2018-01-25,-0.01801209254240166,-0.006697849027902464,0.00025921619237184636,0.005539193838389572,0.002329784208321488,0.00042324630913317284
2018-01-26,0.0023349644779613733,0.0007811756386790387,0.0053443596141143895,0.018563588024990776,0.029104715451872834,0.011512005250603146
2018-01-29,-0.020915830185876227,-0.005637857183470335,-0.001031982818859615,-0.00148946780797361,0.014362098605850807,-0.006652358926722298
2018-01-30,-0.005911675692383156,-0.004328123373076199,-0.009424907115291823,-0.012643270552673646,-0.01687216785493351,-0.010310217489516773
2018-01-31,0.002751108752724596,0.00668108957049156,0.004853314127665416,0.024182283097672497,0.012609842379553132,0.0004969651488834523
2018-02-01,0.0020883306543785446,0.0032848909860550284,0.010320917599888922,-0.007925423462528438,-0.021798176007775203,-0.001136081161943301
2018-02-02,-0.0443595654713554,-0.013204686797240324,-0.022410725148502172,-0.026662358799106268,-0.029452534212504104,-0.022010350585266632
2018-02-05,-0.025301857036028816,0.0025286437555192493,-0.04914017132336352,-0.04205776866586669,-0.08869437713324071,-0.04272221011485853
2018-02-06,0.04094209251069162,-0.01055189964568088,0.02996915675342628,0.03714277746846364,0.05410195589720707,0.01951060155380757
2018-02-07,-0.02163978764164608,-0.004716772083453344,0.006756232469856687,-0.01901256413989565,0.014173031537326733,-0.005439686871523741
2018-02-08,-0.02790230075374421,0.001521419504394612,-0.0452169215842877,-0.052698298554010786,-0.050557292314373475,-0.03823044767236719
2018-02-09,0.012157330777651802,-0.0016817358427458674,0.019824177270517763,0.036611769110081835,0.06479109177829433,0.01490993931074705
2018-02-12,0.039488873006042216,0.0047973715177869495,0.015330831323389955,0.010715524512781682,-0.017604881927416726,0.01457780467462107
2018-02-13,0.009967481784469549,0.005647253596785453,0.006156033578912757,0.00782320396378697,0.01997221514485479,0.0024839287524534752
2018-02-14,0.01827011212483403,0.0169088525197643,0.022862051496064476,0.015536607373700351,0.03708889618356956,0.013405958515826853
2018-02-15,0.033026867728051065,0.0011691607653979673,0.004164382379963699,0.020167447338863928,0.020823665098806628,0.012679652427652071
2018-02-16,-0.0032424868273080642,-0.0032769459911664296,-0.007211673603888876,-0.007147957644246175,-0.010849563037278971,0.00029292684726536826
2018-02-20,-0.003369720978154888,-0.013532867750937797,0.00026145365051406555,0.007795505179991409,0.02126205671531552,-0.0062807595179631024
2018-02-21,-0.00454898104397352,-0.004604964057785746,0.0041760584262776354,-0.013354698569203198,-0.030863358941551445,-0.004986720050946359
2018-02-22,0.008324588310905165,0.005080177401414419,-0.0018247193425861262,0.00261982438531774,0.003267447413998841,0.0012952881876502744
2018-02-23,0.017241433123818442,-0.0012676571223934087,0.02006152226660072,0.025083329272254856,0.015489706974669533,0.015813475034581876
2018-02-26,0.0195793549203647,0.0024545525850455277,0.012368913937794384,0.014355210383313737,0.002639677263277843,0.011545384150415292
2018-02-27,-0.003246110520135738,-0.010493774054732095,-0.011942718373751104,-0.01286796621247592,-0.00211137209967797,-0.012565216735485413
2018-02-28,-0.001514423680592072,-0.0010394376248337527,-0.01597587246886069,-0.004575075272232974,-0.01663736813932869,-0.010181525728345292
2018-03-01,-0.017671859301583465,-0.0022425027652310265,-0.018084125705241382,-0.009859382815295172,-0.0412959909749912,-0.014647193700494276
2018-03-02,0.006890728009543457,0.005357640797750738,-0.0009705819882966476,0.002151682646188627,0.01847553399711084,0.005141463928341655
2018-03-05,0.00345574073018422,-0.0016761714003699012,0.015237936167173272,0.006320304404153867,-0.003769768948004954,0.01149138076171722
2018-03-06,-0.0008487998178644914,0.010726720619181963,0.0008689502725793002,-0.0034229282635200747,0.027250816237016903,0.002532043485645101
2018-03-07,-0.009326026798052561,-0.006422202914569186,-0.0037407661902240825,0.005769777048943604,-0.00132241435607439,-0.0003668301579079619
2018-03-08,0.010853329765462159,-0.002389131123572836,8.687143585773151e-05,0.006054579690693557,-0.0027324856182419804,0.004827460429292104
2018-03-09,0.01703473433117034,0.000956349666608725,0.028355013915456067,0.022098793516315596,0.01706062599247545,0.017252862334865
2018-03-12,0.009621459396497122,0.0,-0.003224302711597724,0.002379310870920689,0.017895937199732856,-0.001256046818010923
2018-03-13,-0.00967676583999602,0.001909899228192024,-0.012056147706367351,-0.024689852573509537,-0.008241399305814245,-0.006483419435016258
2018-03-14,-0.008537892513398752,-0.0006362480921955626,-0.011245615352606028,-0.005949342960718636,0.004149493748370539,-0.005144927233409643
2018-03-15,0.0011760125204533449,-0.0063846619697597,0.0025195966894424986,0.0035101319942082584,0.0024093761793411504,-0.001090329435043683
2018-03-16,-0.003532559581145311,-0.002404835241203122,0.0017339386614749076,0.0044495355913485145,0.0045614059642153735,0.0010839062422293984
2018-03-19,-0.015396993728620802,0.0021646240154515875,-0.00791419986642625,-0.01824133834996045,-0.03858205531729247,-0.013622870487700499
2018-03-20,-0.00034250689158616277,-0.0044947919586221805,0.0009599998473168606,0.0025803896626692014,0.03498260682859357,0.0016997313792308862
2018-03-21,-0.02291491213468625,0.017305793278474,0.0008717165233069265,-0.00700418896256724,-0.004095248937686849,-0.0019213959932792557
2018-03-22,-0.014230616688525502,-0.0039610286020946425,-0.042642683377166174,-0.02951884722988716,-0.027366889858965505,-0.02531504604159792
2018-03-23,-0.023428773862702257,0.01285555168848731,-0.027103405931104434,-0.029498554020653312,-0.03740795910059749,-0.021545074281421106
2018-03-26,0.04637907919992059,0.005236622780197456,0.030372287821869418,0.0729763556043809,0.04822389564386645,0.026991878027180973
2018-03-27,-0.025975387471549483,-0.006177451915059315,-0.019590688809282726,-0.04704766717328631,-0.0807243063936336,-0.017158417348267587
2018-03-28,-0.011110320656337982,-0.013901136089334824,-0.0015728832022089655,-0.000894900933790055,-0.01866390259437771,-0.002958997459588486
2018-03-29,0.007778310820693604,0.0004770798243684067,0.018076498178065357,0.020813556794475108,0.0452233323127517,0.012696636422340502
2018-04-02,-0.0065776800553946834,0.01161839746199109,-0.019466300141595276,-0.03059382445284464,-0.04657981535578779,-0.02182092954237302
2018-04-03,0.010206930541358813,-0.0075722010717776825,0.013629541847473961,0.013353692633478397,0.0192662151545295,0.012735530774836745
2018-04-04,0.018941585293621093,0.0011868954626521053,0.015069450048772295,0.028786819140032532,0.003941477284206168,0.01064226148988289
2018-04-05,0.006910512873264009,-0.005153580456720969,0.013044719103179205,0.0005416549586132294,-0.021715627409818153,0.007861272207219546
2018-04-06,-0.02591159709049768,0.004678991304775993,-0.025253554283305536,-0.02354867582251991,-0.032736996976963015,-0.022538248418637153
2018-04-09,0.00986923869042851,0.0033963960355940744,0.011937070170441601,0.005966780111979593,0.005399477568374244,0.004916188877580849
2018-04-10,0.0186430366124229,0.002362787969159084,0.01893175284997972,0.02297942955708976,0.05640756582202701,0.015775146267639376
2018-04-11,-0.004686515850205125,0.007757730797944395,-0.01694103715814763,-0.011042255022584194,-0.007354419003620062,-0.005255656636505211
2018-04-12,0.00981041799433946,-0.011698777825105413,0.02455598495050014,0.018551004037482076,0.036285347223467636,0.008193291663052823
2018-04-13,0.003382449171919586,0.00653361006986455,-0.027453117784728514,-0.005357493083960501,-0.013302004271511863,-0.0029376350265474774
2018-04-16,0.006218791909554923,0.0014113245973425364,-0.0008160479487871284,0.011642113801340457,-4.2966546969224845e-05,0.00818804612642776
2018-04-17,0.013670038694802569,0.000939797609092718,0.0,0.019975667615900094,0.025799281620488956,0.010641708061801796
2018-04-18,-0.0022464255421159964,0.0007824607184664891,-0.008108507822325597,0.003843784228101667,-0.004937617179442417,0.0007404114189117643
2018-04-19,-0.028749434590648926,-0.001957330849889553,0.021716508038061275,-0.00342773409146111,-0.03150172360034064,-0.005563155338312888
2018-04-20,-0.04183538559148227,-0.007630932179694891,-0.0022405078341889797,-0.011616290291458328,-0.0014417914160937328,-0.008515201281401133
2018-04-23,-0.0029004935097081135,-0.008007927882251619,-0.004855968251331243,0.0036773325531018882,-0.02134475689522748,-0.0001503965692208824
2018-04-24,-0.014017151200682108,0.004844167468111617,-0.004698806300358553,-0.023665106326450646,-0.012042902701872304,-0.013558973338578936
2018-04-25,0.00434775662749818,-0.006517267321502421,-0.003811277949771634,-0.008736956384552057,-0.020737868100363516,0.0024688296477857214
2018-04-26,0.0034772631901331644,-0.0035146807713917604,0.0009995638574153837,0.02090485786346197,0.038748140022066765,0.010114348446749955
2018-04-27,-0.011637210019113936,0.0042320403061771,-0.006377813459195727,0.016414380221622907,0.004916764119827453,0.0009382249560217486
2018-04-30,0.01795000723401203,-0.00727744165435215,-0.005683753960140265,-0.02429597368254806,-0.00633837225104581,-0.007720313169729116
2018-05-01,0.022970545675422397,-0.007088207443339079,0.0,0.015701465755363946,0.009910773507322447,0.0017753342577435174
2018-05-02,0.043227004624225546,-0.00048510316641562344,-0.007937104658624967,-0.01580862993767482,-0.003660980654861536,-0.0067398137262356834
2018-05-03,0.0018108472639330887,0.005082068394914099,-0.006321038157255482,0.005970910782841212,0.029089662874377427,-0.0022062182481385364
2018-05-04,0.03848311400626173,0.0020898820929316714,0.011035755191847256,0.011520381574870689,0.02571908354243013,0.012863037263257743
2018-05-07,0.00720902166608178,0.00024084765259023235,0.008631817532701388,0.011077970574156146,0.039452448675455845,0.0033775454354063495
2018-05-08,0.004795195018075101,0.0001605124693187213,0.014703603868974475,-0.004270544086030933,0.0068927859150623135,0.0
2018-05-09,0.007016278767307325,-0.002088981225264128,0.021569458272831903,0.01172508363396116,0.021257980209889317,0.009619402318446725
2018-05-10,0.014202685845552045,0.006813368242228766,0.007729376854708426,0.009956505062490307,0.016864147325991345,0.009307190850415117
2018-05-11,-0.003810627451027968,-0.0014389666321499815,-0.003769577587195812,-0.002146745530451545,-0.02176293825975328,0.0030465209465011618
2018-05-14,-0.0023356800351292473,-0.0040883630684626394,0.0003512448666550386,0.003371451597633217,0.0032554413839042382,0.0004765435574241268
2018-05-15,-0.009129883931296484,-0.016277595476396185,-0.0076675340491091995,-0.0072687073400343775,-0.03913292918757771,-0.006910806740855787
2018-05-16,0.009289433287230902,-0.0015524980696371136,0.00273892708876682,0.002576646992418118,0.0018309628325582465,0.0041962438443266595
2018-05-17,-0.006343954188806509,0.0005722435830601718,-0.003358482873579732,-0.010034779955737184,0.006886406254685277,-0.0008450652357309824
2018-05-18,-0.003643181651071181,0.00040857173330558584,-0.01633322454192742,0.0018696048054096077,-0.007171112332849577,-0.002503214221310148
2018-05-21,0.007060138446602739,0.0005716827532715196,0.00913673308240706,0.012786407454347906,-0.006936375984353746,0.007490290846212334
2018-05-22,-0.00250803702449643,-0.0005716827532715781,0.007639130451819187,-0.0010250777497833915,-0.0063251493043661264,-0.0027839671846699595
2018-05-23,0.006391023471145719,0.0010614187645907496,-0.004612122633183233,0.01182715304511443,0.020364155637557425,0.0027472682900322254
2018-05-24,-0.0011155384093088426,0.00853209120176816,-0.011264090363962908,-0.0035535461545289676,0.0006057471632016318,-0.0020505179019776345
2018-05-25,0.0022828440825155066,-0.0030793967645780895,-0.00513785443452411,0.000508363392981608,0.006398956301648344,-0.0023857431056149856
2018-05-29,-0.0036124086058253744,-0.00016231041385129715,-0.04368379237127663,-0.003564739460515747,-0.0027720036889410287,-0.011567503545769412
2018-05-30,-0.002131159536489439,0.001460093554237964,0.022587965435856353,0.009545024148505719,0.01754513243889093,0.013256496263330081
2018-05-31,-0.003365488913167336,-0.0021909715513725716,-0.012444058541266975,-0.0011123667682787068,-0.003167073771497167,-0.006144766944482351
2018-06-01,0.017873105358707,-0.004967644235411557,0.012905701469367427,0.019537035246642753,0.02130307338046947,0.009769849661270516
2018-06-04,0.008323450348117236,-0.0009801121170807511,0.00046099238988633396,0.008692988667907282,0.02767762105420789,0.0047399809474986294
2018-06-05,0.007685069701067971,0.003914822104047846,-0.005640403317976498,0.005101509328543766,0.0008305996753929627,0.0007279185778491918
2018-06-06,0.0034601242093326447,0.0005696358194504353,0.023098965545128653,0.0029313800854810458,0.0003017067600331454,0.00832557476448821
2018-06-07,-0.0026843288830172354,-0.0004882216623280107,0.00397934433790741,-0.015833641433040464,-0.008522030656227449,-0.00010818982681321828
2018-06-08,-0.009139041315941109,0.0012201695433653895,0.002793803315500039,0.007407372861489697,-0.0023611816021519216,0.0029519704203589034
2018-06-11,-0.002454808079856526,0.0017868849442266759,-0.0025231905420561632,-0.005723617023136467,-0.006349181363385104,0.0013293891129394879
2018-06-12,0.005475814219020616,-0.003332688774722517,-0.005791484347530683,0.0025700244441417617,0.007492429745872345,0.0012911616023975772
2018-06-13,-0.008251216193602489,0.003008032375587246,-0.0019985784792390677,-0.004551212989517193,-0.0006858362250534808,-0.003196162517432454
2018-06-14,0.0005243978237246482,0.0015411027282310494,-0.017798748839770083,0.005636230219042014,0.017041360975007476,0.002514643372863226
2018-06-15,-0.01032554241095466,-0.016672509186741995,-0.0012039331926091737,-0.012800873245910836,-0.0062010079016106565,-0.0012765972369637628
2018-06-18,-0.0005298420091250576,-0.0018972637609840908,0.002591706536333664,0.00726423279309386,-0.0006410425209486307,-0.002058668505438532
2018-06-19,-0.016291829358741773,-0.0025629178089953803,-0.005840681707827333,0.0,-0.018734104766298002,-0.0038402266993841612
2018-06-20,0.004352541204616705,-0.0044802273887545,-9.291759261879562e-05,0.009963739070290087,0.008191883234070703,0.0017044980302216145
2018-06-21,-0.005591924314597666,-0.0017477352868705306,-0.00027924593893626003,-0.007191790719606827,-0.020023152536909575,-0.006288631348520125
2018-06-22,-0.0029159299026426276,0.0024126912728642744,-0.016505772501956624,-0.007243805408449122,-0.024250064035750037,0.0018216351202043025
2018-06-25,-0.014983079931173782,-0.003746388732216758,-0.009119595862949447,-0.020322612531615093,-0.048288239362045814,-0.013706290405156533
2018-06-26,0.012329667724785592,-0.0052686490212925504,0.00066766255728729,0.006988391586922714,0.011930483687457735,0.0022118169466380858
2018-06-27,-0.0014647812063198929,-0.005718147886604777,-0.015569706658119674,-0.015665031268194886,-0.02625125711072428,-0.00831921341221451
2018-06-28,0.007249702750012402,-0.003040547998821346,0.016237014179461436,0.011112818771809665,0.02157115571965258,0.005701416261923982
2018-06-29,-0.002104583617245027,0.0036306900201949913,-0.006981404983650574,-0.00020269091050793142,-0.016578121134784917,0.0014385548298347982
2018-07-02,0.011120318990416204,-0.010080153442110952,0.008409968069515692,0.014097483840351178,0.02229115955690625,0.002135622708315682
2018-07-03,-0.01756982654490256,0.010080153442110855,-0.014088099962392572,-0.009645500596100783,-0.022544254481377993,-0.003537436494132799
2018-07-05,0.008014880928081577,0.0033656028250155126,0.0064806230358254256,0.00714254795655013,0.024565029196353366,0.008124978004746998
2018-07-06,0.01376673082822894,-0.0015972634935638506,0.003272749008428516,0.013936182612765843,0.018773814148064064,0.00842286924010767
2018-07-09,0.013789526350464725,0.002436881277559937,0.030474723951393078,0.006797763024354079,0.007732769575487853,0.008963598318391695
2018-07-10,-0.001207393449759889,-0.0018481290459546572,-0.006171316858601909,0.0026473362411159195,0.01592075977014727,0.0035922287317756403
2018-07-11,-0.013060875804342604,-0.010905978807671088,-0.0021594263878095517,-0.0013717132540730247,-0.02284560005657531,-0.007341319726349373
2018-07-12,0.0166267872055845,0.0041565812124297165,0.00431428803423681,0.02143916409268643,0.01483708290402263,0.00902499463346752
2018-07-13,0.0015693169831486166,-0.004411618657356192,-0.004596358175389161,0.011831155698494794,-0.007631490448779082,0.0007872871740617927
2018-07-16,-0.0021977170523275543,-0.0005102701051305093,0.03890978892494784,-0.0049442669215741955,-0.004502452238438753,-0.0008946030460654727
2018-07-17,0.002824822513897603,-0.010862735754725461,-0.0007239880056873352,0.00986428605966185,0.021878430927558097,0.004037384263026357
2018-07-18,-0.005499618466907994,0.00025795416772476286,0.009278118141660196,-0.007864534822642067,-0.007875319438469777,0.0021010692247376973
2018-07-19,0.007743157189565381,-0.004308123245285948,-0.014813736789087359,-0.006872925236545781,0.0013101413677531772,-0.003778502974501971
2018-07-20,-0.002295923315819716,0.006455244826308788,0.01256993109225118,0.017753462599460913,-0.00453332277192498,-0.0011435992787882166
2018-07-23,0.0008876325422843146,-0.004815949835095058,0.018430835294704948,0.015870262404246674,-0.005916472074151568,0.0018577082759280042
2018-07-24,0.007228151095385077,0.00034477603659500224,0.0070328620547119225,-0.002875451970055734,-0.002810523671491607,0.005019390468057411
2018-07-25,0.009386173304378987,0.00550018047205447,0.008982691011693597,0.02901965875148931,0.012625234016452904,0.008486272216301714
2018-07-26,-0.0031361307663868116,-0.00782971239395345,-0.0028691991794685067,-0.010977654867436834,0.011723123167414095,-0.0023617785639787068
2018-07-27,-0.016771628227102067,0.0005181795313150905,0.01022177275844829,-0.017856349744629525,-0.01112755719910083,-0.006799352976916187
2018-07-30,-0.005618205836148728,-0.001555212880989931,0.0060149774327567605,-0.021685522036257895,-0.031807319402817405,-0.005237001484150686
2018-07-31,0.0019989130571095273,0.0029355602050311473,-0.015366413782686281,0.006715422639315865,0.0029856001666324523,0.004916998588075718
2018-08-01,0.057240132508110594,-0.007355188129705078,0.006157824991848408,0.001883525287184735,0.006553806692786048,-0.0016719963228122722
2018-08-02,0.028811661600720583,-0.0053993230298752665,0.004227634365227617,0.012064743152114294,0.016697478584145557,0.00543297460847107
2018-08-03,0.0028889005987648687,0.003486767260953241,0.008060218354256469,0.004359631613521027,0.005887761149862838,0.004275452480649163
2018-08-06,0.005179051555366509,-0.005147198608389075,0.0002563054375286199,0.0008326170451971437,0.007626826764603068,0.0036608182542625426
2018-08-07,-0.009418961987615338,0.002271488910587502,0.0036647441747350205,0.0069120506821965366,0.011429103435779804,0.003296601764616921
2018-08-08,0.0006755769743033582,0.002788736658924094,0.0020394758528986478,0.0055872161248227085,0.005704516485559563,-0.00041993449819649687
2018-08-09,0.007834046420124625,-0.0014805645831976347,-0.00775569773390659,0.001642590440236386,-0.007613501765796352,-0.001367167069376592
2018-08-10,-0.002982899296439675,-0.00043582289228197795,-0.009887672276586004,-0.006128111192249677,-0.0065332025168035116,-0.006722919803658248
2018-08-13,0.006436434276868028,-0.015199092023381782,-0.016027001565844797,-0.007273952817536843,0.005206520089142431,-0.003750366814679904
2018-08-14,0.0042041966367279094,0.000973327608104041,0.006650965741316032,0.012398332876878793,0.020520551316657983,0.006360413532930431
2018-08-15,0.0023333826347577587,-0.016766621575930757,-0.008320621254591085,-0.013653150849701073,-0.009029434122746082,-0.007495616745319437
2018-08-16,0.01454364840909111,-0.0008097887609237462,0.009366837054520539,-0.00018589173301196543,-0.0063504756398893554,0.008058989522282036
2018-08-17,0.019773138393030038,0.009228205066865915,0.0,-0.0005573485426467026,-0.05026329281679238,0.0035141634794154017
2018-08-20,-0.009791351021039636,0.0049818196508907165,-0.0013079614522489077,-0.006621738752678867,0.012260016675832992,0.0021378602814018967
2018-08-21,-0.001951267765197129,0.0029240568705197916,0.006088499922947478,-0.008362974725082045,0.021870012758875755,0.0023424172649734905
2018-08-22,4.654764686561496e-05,0.0022095550764809732,-0.0030394930958161648,0.010139104886763872,0.0368158459029278,-0.0005936649175601382
2018-08-23,0.0020440095747638414,-0.009491353686729823,-0.0020895526801806416,0.004659578631548818,0.015180141956406419,-0.0013290663236679597
2018-08-24,0.0031042868422039706,0.017318039357996126,-0.00043603133517092316,0.007779222265086591,0.019961001948312664,0.0060006286630627246
2018-08-27,0.008200895291993979,0.0037595032326643405,0.017546747979502418,0.011009300154955756,0.013428014618520816,0.007864304220836867
2018-08-28,0.008043068649608454,-0.007973022006627225,-0.004895904426193377,0.006003854011627528,-0.005524312314551571,0.00048310878650294816
2018-08-29,0.01481933571368017,0.0045637840256251986,-0.0032774125118615123,0.015836180432584984,0.015415044536871958,0.0053662007372021385
2018-08-30,0.00915136712631487,-0.004915718883921124,-0.004936101572921187,-0.0006251420085456715,-0.0024445370256610632,-0.004056825148503963
2018-08-31,0.011488041171200685,-0.0011445940280617694,-0.005309633422198788,0.0033887730481133834,0.01027749035076652,3.469900772447438e-05
2018-09-04,0.0032017252896726005,-0.005122797149079999,0.004962233104421927,-0.005534847430235654,0.010701962703207413,-0.001723733630169536
2018-09-05,-0.006546161262653913,0.003447511831347845,-0.004875001407217903,-0.02924804060682923,-0.018786465847566387,-0.002694962036120684
2018-09-06,-0.01675700107451997,0.0019395335367870974,-0.004285395146358016,0.0023013404560025836,-0.020685171317166552,-0.003014544455766993
2018-09-07,-0.008100917293875628,-0.0027340278330774677,0.0019262258700556898,-0.004885800417321122,-0.0031583634569727404,-0.0019453611162037559
2018-09-10,-0.0135115885529475,-0.000706792407982718,-0.005349901041621167,0.010753835464970333,0.010501463144009298,0.0017370870508847413
2018-09-11,0.024968500998150858,0.0006184538252070439,0.006311871831276592,0.016862378752712848,-0.00704987386491277,0.0032920444620959046
2018-09-12,-0.012496404336337086,0.008355710260063364,-0.011867985721129645,0.004216286350464503,-0.0170058187542994,0.00024213414968545936
2018-09-13,0.023867682261556923,-0.0035975648169408914,0.0038836472278433215,0.01068504613007607,0.01163976649739621,0.005896905307720902
2018-09-14,-0.011416067661896923,-0.006526220333750846,-0.000176198816581135,0.0040654387746340654,0.01858480431253525,0.00017198491137797295
2018-09-17,-0.026986973064828536,0.005206771454576303,0.002991248699309133,-0.010908734915850767,-0.009085058964144483,-0.005308499308031149
2018-09-18,0.0016512157570658327,-0.0014974516487718237,0.004032434687885862,0.009496505261238512,-0.010679766326672117,0.005411557878482465
2018-09-19,0.0005951231386442054,0.0038711539862427546,0.02863266108769698,-0.013428047541923465,0.0035358229928064452,0.0010650647802976784
2018-09-20,0.007573273522401403,0.0034188014897895418,0.008550017735074222,0.01660305335525728,-0.021180037098238336,0.008071194100660511
2018-09-21,-0.0108298104104355,-0.0068493312914384265,-0.006596725906533815,0.006056897408484094,-0.010685007641921762,-0.0009140750255244165
2018-09-24,0.014277815319518498,-0.00017621292914007548,-0.009634602254090283,0.003582034560333868,0.008504468896476302,-0.0033279233243700603
2018-09-25,0.0063208812409449805,0.0015850681638403528,-0.0028312081622388213,-0.0019204684037194522,0.010147631255702179,-0.0009277326404785234
2018-09-26,-0.007998057134352707,-0.005293338005935142,-0.011840912390001472,-0.004114994368621743,-0.005566505857208812,-0.002996737663701149
2018-09-27,0.02034315904433271,-0.008884998236125718,-0.004356371530753409,0.003765741276407131,0.0017967376947801374,0.002790248609065282
2018-09-28,0.003505826982895031,0.0063164577082286105,-0.01477842128308929,-0.000349877485458748,0.049679826750891415,0.00010348530632667643
2018-10-01,0.0067109686660286536,-0.0016864375351172442,0.005831879316740863,0.010783788364294115,0.029245928438729397,0.00346803331765058
2018-10-02,0.00884917784076964,0.011482223287117932,0.004132279464626497,-0.003987080970307417,-0.010002936166943786,-0.0005827663281408917
2018-10-03,0.012095176407816544,-0.003959744500981412,0.009344832799616567,0.00017376906790391694,0.0008723846816883201,0.0005487438000620791
2018-10-04,-0.01773749517550501,0.0005289130805079614,0.008975548634666668,-0.020881544221199973,-0.02629024651309926,-0.007846869847915635
2018-10-05,-0.01636190177329362,0.0028159089867124108,-0.005655006144037205,-0.005868858274960833,-0.03434738981329518,-0.005612744225959916
2018-10-08,-0.0023209562353180974,-0.011133826368821452,0.00608863489747504,-0.011481026842411085,-0.015272201921954533,0.0
2018-10-09,0.013758371533184575,0.0005329800140063239,-0.00696138050336621,0.012639716945660797,-0.0008658792010121291,-0.001460339471858708
2018-10-10,-0.04743351822079791,0.0024835810584159217,-0.026993978395029337,-0.05587028600848403,-0.07769464540549806,-0.03217503908760403
2018-10-11,-0.008867120372323917,0.025366544894876334,-0.03042118367126897,-0.0023576455454082873,-0.04393199843232594,-0.022273070742478977
2018-10-12,0.03509611474005795,-0.0047616679491750925,-0.010972821168898677,0.03397391626452244,0.047385582590441074,0.013793023264745383
2018-10-15,-0.02161756483913679,0.006660030947980057,-0.00572010224290938,-0.018143039401162284,-0.046323106582800685,-0.0056329621510764465
2018-10-16,0.021797671630905045,-0.0017255996137757622,0.021214165811872167,0.031109771300642047,0.043439082532080446,0.021630334749471142
2018-10-17,-0.0043306668762401876,-8.637796161615032e-05,0.011078152524044267,-0.002616021141488064,-0.011331776205968426,0.00017843208890931485
2018-10-18,-0.02365095772031006,0.001122068685606197,-0.015969335741698603,-0.020164023547152375,-0.014629777296214404,-0.014546565923062022
2018-10-19,0.015115095837536542,0.0007761304849288288,-0.0016669939482130249,0.001473564982064521,-0.0442146066284096,-0.0005427434090264249
2018-10-22,0.0060913937080770775,-0.0025893597255193914,-0.014467736778199193,0.008887126460107758,0.00890559272538357,-0.004498864465600232
2018-10-23,0.009382682963721835,0.005859562733875961,-0.01049126168028941,-0.014054093869482568,-0.04493555224380721,-0.005103929293829539
2018-10-24,-0.03490383008568925,0.0023171370069294235,-0.018797657496245825,-0.05495171426304974,-0.10307119372071359,-0.030766747078705154
2018-10-25,0.021661681455419413,-0.002231204310531111,0.015085774070112128,0.05680012062842183,0.04140566579195411,0.017781631419593692
2018-10-26,-0.01605190385694663,0.0031736109331066205,-0.013827857685849263,-0.012450433844757728,-0.04703813066663659,-0.017744159122726096
2018-10-29,-0.01894845924220477,-0.003947139978932357,0.013732210970061075,-0.02950730904991952,-0.06602903589074488,-0.005555718416659617
2018-10-30,0.004981892732106212,-0.004394427867848015,0.017490413107942495,-0.0011561191828594875,0.08950449912660753,0.014709712003605586
2018-10-31,0.025732657079250355,-0.005628951974666804,0.02151017126675952,0.029260259815893128,0.03784641319991469,0.010624443997977082
2018-11-01,0.015235559124814255,0.01277086763550321,-0.00036709222058495456,-0.008367381748784476,0.033947194257072516,0.010585580424194971
2018-11-02,-0.06863291007427623,0.0001715043948444399,-0.005520886071632299,0.002263022142412736,-0.014733691070401525,-0.0059405556741857785
2018-11-05,-0.028799138361358854,-0.0024032178261358607,0.006529657481870824,0.012636590094613468,-0.014764985805318917,0.005501808476551831
2018-11-06,0.010756060249258487,-0.002839826579174042,0.004664487977687894,0.001951354519694154,-0.0033581582160624648,0.006307710250440873
2018-11-07,0.02987767102925967,-8.61993040877103e-05,0.017007609959249295,0.03860642948073757,0.01285165829324121,0.021182910246132856
2018-11-08,-0.0034952154655958608,-0.002156939731312277,0.008040852468833178,-0.0018776062964510763,-0.03716669656777006,-0.0018164182129580958
2018-11-09,-0.01947006002386769,-0.011291663536045476,-0.009746805131133697,-0.019700497079480177,-0.001554765613649975,-0.009816091572102885
2018-11-12,-0.05168738015839938,-0.007188596482678694,-0.021250001700179755,-0.02495039209728458,-0.08167277265371438,-0.018861850528177224
2018-11-13,-0.010041200130144768,0.00035180582721631255,0.00585700546412046,0.000655078234712471,0.05026127608139235,-0.001873217817106576
2018-11-14,-0.02865430598760062,0.008233404279793029,-0.020838029267024376,-0.014282705982410654,-0.010693655189583533,-0.006860284269729625
2018-11-15,0.02437941243323768,0.0011333182475063862,0.025208401628068918,0.021767215619792474,0.026028549031929638,0.010382676528023988
2018-11-16,0.011014773278967894,0.0073788789662288,-0.000727226511476092,0.009370773108821243,-0.20771195326023484,0.0025974641346515363
2018-11-19,-0.04043891539341157,0.0004323180677422659,0.0076084024752976235,-0.03447806098884724,-0.12782173134469058,-0.0170594035606217
2018-11-20,-0.04895686933280875,0.0,-0.021708455408789767,-0.02820909100537975,0.029820492044847366,-0.01867950839049193
2018-11-21,-0.0011305207678930552,0.001641277459165227,-0.0074969061389944585,0.013670756874562623,-0.029751303187046687,0.0034017970065014363
2018-11-23,-0.025727113105715498,-0.0007771357154266267,-0.009240030625041274,-0.0003879856727050175,0.0020019408020060087,-0.006701376217130004
2018-11-26,0.01343279219008006,-0.0011235233509469095,0.024178057261755332,0.0324548398949734,0.05403100181317423,0.01601566890063136
2018-11-27,-0.002178151440677309,-0.005984687209490868,0.004201602866557915,0.006273078769888096,0.004433249997708303,0.0033590767012550743
2018-11-28,0.03773179201042218,0.00373378036345705,0.011057672808554988,0.0364744482811971,0.040413128872140276,0.02276409491759982
2018-11-29,-0.007711849466442394,0.003115272664463216,-0.007963980479859634,-0.008404491996382837,-0.016074809375183935,-0.0021875975678747033
2018-11-30,-0.005416972291914264,-0.001729479411524255,0.010214531788414112,0.006332534681558366,0.037848357809541815,0.006076726392560039
2018-12-03,0.03434571061562243,0.007501675441848404,0.009399096436639836,0.010763153274858068,0.03964889694308062,0.013154778893082109
2018-12-04,-0.04498590104185389,0.006080599945141696,-0.04566330470927279,-0.03236753039871576,-0.07908717735114976,-0.03293923045985685
2018-12-06,-0.011211986041749996,0.00017072178718187972,-0.019207822710705504,0.006154941181434608,0.007482664131530363,-0.0015182559711857512
2018-12-07,-0.03630807896127206,0.008077219150826301,-0.018227549371381657,-0.04084476443994343,-0.06985546764941881,-0.023510024482065718
2018-12-10,0.006566272816813082,-0.003477935715567025,-0.018862114106657685,0.02608310035405832,0.028385506862668722,0.0018950062266457992
2018-12-11,-0.005735589856114016,-0.0011903699128753065,-0.0098150575879288,0.00925162906796326,-0.024463747184759823,0.00022736693924140558
2018-12-12,0.0027830950707350235,0.00212467676965701,0.006455285950661049,0.004502360627129229,0.004779738582071309,0.005022624081337581
2018-12-13,0.010880904133578477,-0.0022097759847801487,0.0009892259393313846,0.0033860120974547347,-6.730380942103388e-05,-0.00033907055342388627
2018-12-14,-0.03252085429874271,-0.004007006751401848,-0.008242047298549897,-0.03174546578380113,-0.016523567171458267,-0.018637379215200263
2018-12-17,-0.009349506358842805,0.0068957425332182515,-0.012845092196884704,-0.030061884691726413,-0.019791611982146153,-0.01981338480640563
2018-12-18,0.01290867690358902,0.0023726710074086807,-0.004758260859065417,0.010441826875579195,0.023131879825644235,-0.001097002262144001
2018-12-19,-0.03168857248390648,-0.0061126025718981495,-0.012766372589921441,-0.002696545377704629,-0.05908190410095925,-0.01508915115302123
2018-12-20,-0.025558483753236428,0.015295836918707156,-0.008671395470171378,-0.021248601079130017,-0.024927189206563078,-0.01641182046857422
2018-12-21,-0.039672250721336184,-0.004370461193212718,-0.023923312638787685,-0.03284535335591554,-0.04179389621618107,-0.020702353605891306
2018-12-24,-0.026214904007915582,0.01089057789030817,-0.021792595635845975,-0.04263485550734631,-0.019404759002343543,-0.026778260740101346
2018-12-26,0.06805257222933592,-0.003003949025405859,0.04062272401372543,0.06607753033475121,0.046284289311091804,0.04928991857028414
2018-12-27,-0.006510782044351632,0.0075760760319352385,0.01119168836462997,0.006146638786450109,-0.014606857059699292,0.007648000612797683
2018-12-28,0.0005124605514705308,0.004055775698519239,-0.002166600223947024,-0.007838372350943468,0.018730446977849143,-0.0012907205257690452
2018-12-31,0.009618755182847069,0.0015682595209626012,0.008125695711173265,0.011685837901156583,-0.001122969434064182,0.008720779394688552
2019-01-02,0.0011404699593275274,0.000659591337713554,0.017163839646973867,-0.0044402020410194785,0.020169718442063667,0.001039633108628353
2019-01-03,-0.10492427547266789,0.00902531942317299,-0.014313491625293207,-0.037482118617181835,-0.06231925531929393,-0.024152151555336867
2019-01-04,0.04180302477347765,-0.008119106827353268,0.036202059763427885,0.045460181248490605,0.06209881455691339,0.03294687784560781
2019-01-07,-0.0022285946354980313,0.0034525160778516237,0.0006944111720077441,0.0012746111235537598,0.05158705870856434,0.007853926874502405
2019-01-08,0.018884260349617637,-0.0027117139907279018,-0.0018871947794323921,0.007224334818524783,-0.025210666209010465,0.00935133510825762
2019-01-09,0.01683866281060546,0.006397649700215412,-0.0016917374836249483,0.014198493906547902,0.01947606697054056,0.004662632234180864
2019-01-10,0.003191130398109116,-0.005904086348646452,-9.936889645962467e-05,-0.006446378972263756,0.018415457510354838,0.0035215204187999632
2019-01-11,-0.009866387658818731,0.0017256811414607263,-0.004793081752013941,-0.007752114934284097,0.024485994676948904,0.00038615073545395206
2019-01-14,-0.015151420156008505,0.002378067354322114,0.010256471680031642,-0.007322274885928569,0.0107594848510797,-0.0061197687889421775
2019-01-15,0.020259921588723258,-0.0017215161032263467,0.007304356042314517,0.028592524032922263,-0.0037958675122780386,0.011395929702212624
2019-01-16,0.01214317096569414,0.0031947551186356582,0.008032315072250088,0.0035174834035450993,-0.006896480249395388,0.0024165519347092374
2019-01-17,0.0059199134610861594,-0.0013094038577051105,0.004089118169934454,0.0069972947937297445,0.01916493257226667,0.007558162772033111
2019-01-18,0.006140666280452044,-0.008966489387798326,0.016096086245545992,0.014871985243241107,0.03376285055238403,0.013222481576839326
2019-01-22,-0.022701956703187094,0.0035468368649853345,-0.01590170106799601,-0.019026589121347134,-0.05339816065943754,-0.013602657297663669
2019-01-23,0.004036162958654404,-0.0014007184915951448,-0.002528872795879722,0.009699248092147613,0.0034892744354906922,0.00209011665025605
2019-01-24,-0.00795770964474301,-0.0015678713054947328,0.0005841330251346351,-0.004790804828806171,0.05569124430693708,0.0005313528485094698
2019-01-25,0.032599528909473895,0.014511460180241248,0.006306737784899789,0.00909216678538743,0.014528965307240195,0.008425832527746207
2019-01-28,-0.009297559634179182,0.0034938106026215594,0.004727895172518998,-0.01969440691990307,-0.1487847533738284,-0.007629300008833307
2019-01-29,-0.010419000265152413,0.005580978043920208,0.002787756153612868,-0.020575613427706613,-0.047559418080318314,-0.0013278853674222712
2019-01-30,0.06610133314466572,0.005710387238117351,0.002301402401168413,0.03287107220902662,0.0430567519112295,0.015706632297607735
2019-01-31,0.0071751194202374045,0.00048105804332541224,-0.008753886881330072,-0.018500153050876874,0.045252218757939756,0.00874440802717916
2019-02-01,0.00048059289936030266,-0.002006018726865743,0.0036647283265487766,-0.01592649135982353,0.006794060129714532,0.0004814167557700973
2019-02-04,0.028009137234978818,-0.0043467903708823,0.003555568116489812,0.028392614094295488,0.03028369357683469,0.007010926620674858
2019-02-05,0.016964826730451896,0.0025781491687657575,-0.00442196116604666,0.01389957890640375,0.005148386771532387,0.004182709363402568
2019-02-06,0.0003444740986040863,-0.006781846869660092,-0.00048214196327467173,-0.011160662033845203,0.020135912006967155,-0.001319120817011116
2019-02-07,-0.01912086134184086,0.0024273450059934865,-0.013196388506589878,-0.007193830687288901,-0.03715233846676926,-0.009578092873612089
2019-02-08,0.0011743773006841064,0.003791101346321012,-0.010012776691820612,0.003792697183382385,0.005074759596101797,0.0012205402707358283
2019-02-11,-0.00576771943851776,-0.004923141507008373,-0.004746827989423132,-0.003982846051729109,-0.011676134883401093,0.0005543903885336098
2019-02-12,0.008579955565439333,0.0021013677593768472,0.016906205795673025,0.015462270919759394,0.03172124199800866,0.012777369225504813
2019-02-13,-0.004163476438361524,-0.003963908091330168,0.004764663943941529,-0.0007490476916403184,0.011247884635654022,0.0032417542522757362
2019-02-14,0.003637059306966896,0.005577307519395154,-0.006520391732078478,0.0008422473970010247,0.010734936021913591,-0.002220930445428753
2019-02-15,-0.0022274413369216643,0.005947180522781207,0.030102743499309723,0.012272652808480848,0.018020967142036638,0.010838481568701139
2019-02-19,0.002988283751946188,0.015109582852092095,-0.0035118752470936496,-0.0004622122675951785,-0.004459154337290051,0.0017290116710874373
2019-02-20,0.006414329152457986,-0.0017378437981698566,0.004837124301530711,-0.005212934818063566,0.01211994839291264,0.0020137656181091327
2019-02-21,-0.005654252180290559,-0.011370537714508392,-0.002083688714280638,0.02087282278369492,-0.017689307589912984,-0.0035620941334226215
2019-02-22,0.0111037200137571,0.0035920768439101198,-0.004466059727171421,0.014157350514139229,0.021717769204273832,0.006180688444291854
2019-02-25,0.0072584406928285035,-0.0010363715360959395,0.010421669924844196,0.005571558395066226,-0.003145675532842864,0.0013600497975517704
2019-02-26,0.0005737669193570173,0.0016736332310033522,-0.0076637861089337575,0.006876643046797368,-0.01007028155419387,-0.0007154248141323555
2019-02-27,0.003092592277033092,-0.00711234367844341,-0.0012353278792206564,-0.0016924774421561775,-0.010815670456161323,-0.00042956163229535216
2019-02-28,-0.009884609013995599,-0.005629776625606553,-0.00763642424046184,-0.001248794163548654,-0.006397364147409926,-0.0018644032983807938
2019-03-01,0.010456185337988477,-0.017163968380321165,0.000670355353059107,0.00445314644153626,0.014097048242876005,0.006224363317885689
2019-03-04,0.00501694373247257,-0.0026289836177433583,-0.002300871930453321,-0.0024022648351627236,0.0021071022526237162,-0.0036442279302822803
2019-03-05,-0.0018212832013674873,0.0013153870929190252,-0.0007677185114151093,-0.005000829817262927,-0.0016595951662521692,-0.001361121923596439
2019-03-06,-0.005770743087790331,-0.0009041270457165541,-0.0037533322973330343,0.0004474531935954565,-0.028974592762411364,-0.006075013958943908
2019-03-07,-0.011642083689494428,-0.0008226265106168819,-0.007257144479237931,-0.012244586805576286,-0.01851947471320246,-0.008400889916467771
2019-03-08,0.0023738808254125747,0.010886084259377201,0.00038818274722655444,0.0010864906003830216,0.009203025216850453,-0.002002052756629979
2019-03-11,0.03405591385102267,-0.004896357818091546,0.012924485534606511,0.020776354239612337,0.0673806963147219,0.014397355458544217
2019-03-12,0.011172848614412461,0.006035459879402026,-0.0029750545763077845,0.006977033911584902,0.008527656326437276,0.003763970279907675
2019-03-13,0.004412079642650019,0.006968612448215201,0.003358371997709039,0.007715366243770054,0.03684653000925486,0.006597526694087684
2019-03-14,0.011055339890101006,-0.011614284265949192,0.009059259448238474,0.0007856297658294449,-0.018314031226014785,-0.0006402976184067667
2019-03-15,0.012924286193411315,0.00456433710702197,0.011421275841517607,0.011453410721270397,0.02534612600635693,0.004928389183474393
2019-03-18,0.010156746337761872,0.0005690800870331783,0.005988668284696943,0.014219983426116748,-0.0050773205674228975,0.003619223970713678
2019-03-19,-0.007956220216566362,0.0027594883221057557,-0.0036452008796587143,0.000680115364200742,0.03923231358791108,0.0002481701364484519
2019-03-20,0.008700447873683959,0.006463126873942885,-0.021579301569852237,-0.0011055523184215,-0.007483199446602192,-0.0030144806332714634
2019-03-21,0.036168212104377734,-0.004034541087699915,-0.015912255360723767,0.0227147305561609,0.05325792737198905,0.0112313080545795
2019-03-22,-0.020925518806041266,0.0023420233902432335,-0.030698831703374608,-0.02672208422756125,-0.035638876919258794,-0.019433837913610842
2019-03-25,-0.0121648670964652,0.007633907060241407,-0.008355053241454408,0.005198052163754564,-0.021180553601059856,-0.0007527344776575139
2019-03-26,-0.010385352574126773,-0.0049754946888428755,0.009957146697736405,0.0021224365050478435,0.017624761504690258,0.0074265335725228684
2019-03-27,0.008953623989728276,-0.005243016760484571,-0.003408222190203859,-0.009715529164901409,-0.0020939008862048483,-0.005242406764233627
2019-03-28,0.0013255408522700374,-0.014253957303041619,0.01128385278587559,0.0013694957321208976,0.004240340630954931,0.0037832048490117408
2019-03-29,0.006496564993034306,0.0009019770912032663,0.0051502904730207815,0.008600473041270238,0.012947908169889997,0.006285661114307341
2019-04-01,0.00676822684765854,-0.003941890257643701,0.03313036005041278,0.009115333493923784,0.015034772466895973,0.011789395812343185
2019-04-02,0.014432366233703815,0.003695988550420936,0.004766969001325237,0.001427472008967202,0.00394226828797358,0.0004894923649659049
2019-04-03,0.006831669970991532,-0.0014767440573913667,0.0019953545537736155,0.006522806011400253,0.030247673821910702,0.001572431779581099
2019-04-04,0.0017385745363928031,0.0025419025120261784,0.009614048765550559,-0.005097573315305143,-0.0019098513419469286,0.0026500376219508797
2019-04-05,0.006672086784932848,-0.001065158454634802,-0.0023712261170871986,0.004430410911568364,0.014187662434659338,0.004828400271902887
2019-04-08,0.015613551072673695,0.004335552354601057,0.003223618708567869,0.00033363684007651427,0.004389066276778359,0.0007621971713552482
2019-04-09,-0.0030029685995335816,0.005210460213684454,-0.0074102457060384805,-0.005434552665036257,-0.013279122389629555,-0.005138306600157113
2019-04-10,0.005598325334735299,0.0030808947099307334,0.004471425641893409,0.007600279946828859,0.014894424946314598,0.003405359576097422
2019-04-11,-0.008359078085062439,-0.012872932029622242,0.00841361417071972,0.0011641273512262038,-0.002919477589790559,-0.0002775974417748016
2019-04-12,-0.0004024497787152112,-0.0009844542413608548,0.04581386720750242,0.005139145142982458,-0.008019927416534008,0.0067432091513885874
2019-04-15,0.0018086661057832253,-0.0018896884121835308,-0.011485782007403519,0.0008265111107409173,-0.028343789531297556,-0.0006548473211750647
2019-04-16,0.00010050600608110395,-0.009004202217837268,0.010495654726546216,-0.0023158738976189913,0.0188253508486147,0.0006548473211751761
2019-04-17,0.019286007542666874,-0.0019104067944000637,0.028396301683372635,0.008246152046119013,-0.004900359704015055,-0.00244990376932217
2019-04-18,0.0035873644726743467,0.0007480072379889946,-0.0073761458190225015,0.013054241901996548,-0.005299639886947707,0.0019670143646745627
2019-04-22,0.0032807866870055097,0.0,0.0012330609109697645,0.0031561470051402313,0.011580759987468943,0.0008615637850457531
2019-04-23,0.014320584868112548,-0.0020790892290242957,0.0012316234661367718,0.013483281939029621,0.011604796386562706,0.008951975303668416
2019-04-24,-0.0015436486034360957,0.002909503431152912,-0.0016716188945532478,-0.003433850892108659,0.002619234071828993,-0.0022219135723803283
2019-04-25,-0.00911645078370014,0.0008297251865102907,0.0005280362592764872,0.03258067434051442,-0.022535999508074042,-0.0006163354121849008
2019-04-26,-0.0047851657964709795,0.006613259149985578,0.007541209759232265,0.00571357743329562,-0.048338029458929684,0.0046460161477471324
2019-04-29,0.0015158388553632132,-0.004459139554905491,0.014311327413129349,-0.0009241824473808411,0.00693866848892537,0.0015661367020411519
2019-04-30,-0.019443695128853675,0.003057434262503009,-0.0006031197880284293,0.006375331745887051,0.009269515722277544,0.0005104399131230555
2019-05-01,0.047918666038006014,-0.0066225029075604345,-0.0076983575013062815,-0.021046790849773248,-0.002932686704365161,-0.007544422900147545
2019-05-02,-0.006528754872990797,-0.003827907452540267,0.0021684666477644267,-0.013145187269226827,0.014959313284748338,-0.0021613083923077447
2019-05-03,0.012354459838056395,0.005902166622599615,0.006133010641570528,0.02108977380277172,-0.0009830899470023148,0.00973995106578444
2019-05-06,-0.015563042005809281,0.0013252386046357174,-0.008909626231150441,-0.005835375526194593,-0.01741773155136334,-0.004123664812899524
2019-05-07,-0.02732725781092277,0.0033055276063594123,-0.016469952140692995,-0.020736640928046828,-0.03819580659688889,-0.01684060294903814
2019-05-08,0.0001973266774766252,-0.002478073455137969,-0.00531391516245681,-7.942513324661644e-05,0.004668068895103279,-0.001390260279558859
2019-05-09,-0.010802273305030577,0.002395550981643927,-0.0007996882986258846,-7.982050958841273e-05,-0.021679657664347166,-0.0030303409278209423
2019-05-10,-0.013950230872127087,0.0018959191232165698,-8.889374366112217e-05,0.012904426553413454,-0.008082695582706299,0.005011300359678888
2019-05-13,-0.05987707694104197,0.010159840539079522,-0.02757405810668961,-0.030184422108241817,-0.06339378086399214,-0.025451863772150883
2019-05-14,0.015706391411768994,-0.0017133695443152437,0.007917384597035617,0.01112589141635947,0.022403933436216057,0.009003165824296583
2019-05-15,0.01190805224834414,-0.0005717761663673002,-0.0038145019524200843,0.013983833348170476,-0.015297655829795413,0.005840201120441896
2019-05-16,-0.004409196805156443,-0.007216080906090217,0.012748216321318366,0.02282896379375972,0.003815132648753904,0.00921870484831468
2019-05-17,-0.005698503450864446,-0.007102776783024275,-0.004863288398499008,-0.006692359981490961,-0.023112779751691827,-0.006485994803044745
2019-05-20,-0.03176905315558851,-8.290551782707826e-05,0.005222648102281128,-0.014550879394052935,-0.031013471857649726,-0.00663445497113629
2019-05-21,0.018989297234213023,-0.0023236423674714048,0.0034068310961957106,0.00537302549415405,0.021577894430364845,0.008975156172333128
2019-05-22,-0.02068401139232257,-0.0009975291545631813,-0.008178027167954927,0.006049490426866978,-0.018616943251256797,-0.003075897234115539
2019-05-23,-0.017216876925318456,0.007704775453647589,-0.019867463626951822,-0.011739446855249617,-0.03258808618920457,-0.012293353982185097
2019-05-24,-0.0038479274773584138,0.0010723379767872785,0.009800838199809434,0.000475455082451196,-0.014839586226832329,0.0022651034758645
2019-05-28,-0.0041435421184917425,-0.0038822269155751525,-0.010906221865074487,-0.0006339260907497857,-0.012617837997901733,-0.009343820198378754
2019-05-29,-0.004780373077562473,0.0003309964016131658,-0.0027680493658172696,-0.009717321607844562,-0.02108159203520458,-0.0067330790843862405
2019-05-30,0.005172919701983189,0.006761236816409685,-0.010776733037095672,0.006303203731787838,-0.007662398280232577,0.0027270602235265735
2019-05-31,-0.01828144075012144,0.013386857013473643,-0.010328054721343917,-0.016439149607666022,-0.026588580731455258,-0.013566529732381243
2019-06-03,-0.010161618182725325,0.014329650783140814,0.004707592948418405,-0.03154031285315914,-0.012479713348726813,-0.002545950702178477
2019-06-04,0.03593067774265841,0.00031967486235552026,0.03034484410281973,0.027327072595923246,0.0666479034517815,0.02147441286330807
2019-06-05,0.016014366085481232,0.002553665830468566,0.0035477170238469424,0.021447330649127554,-0.012100791374515658,0.008624200782962006
2019-06-06,0.014574776933097111,0.0032623544765036684,0.00217652730563609,0.015691291210236404,0.01754069427175298,0.006481202929122013
2019-06-07,0.02626922001007194,0.005624438342681366,-0.011023548347680077,0.027622949247014906,0.01189169781694835,0.009957775224077476
2019-06-10,0.01269836923332692,-0.010003215486538885,0.01075156366677573,0.00909101665346857,0.019937171145379757,0.004578707862059202
2019-06-11,0.01151299628148103,-0.0011975692988471266,0.003076891593339405,-0.003777889969123236,0.01550963625807171,-0.0002422339468834695
2019-06-12,-0.0031873203377710234,0.005179100221238763,-0.012821331683492762,-0.004628131798415076,-0.0306474043082409,-0.001767174437449414
2019-06-13,-0.0002064540530956716,0.0061006935016299476,0.002468022148618796,0.006292228193323842,0.013991916084092521,0.004117974702165484
2019-06-14,-0.007288669869011073,-0.0003160129284807664,0.002552689271270308,0.0009821937835197683,-0.024719657499624667,-0.0011054328039022928
2019-06-17,0.00594863688293249,-0.0006322652864021801,-0.005478315368707439,0.003015206050547649,0.0026928430500079456,0.000380320614389992
2019-06-18,0.023246500507497655,0.005047324392238259,0.013549918160680841,0.017238507097441933,0.05271259047790099,0.010416436940107571
2019-06-19,-0.002927118107199876,0.006038970838080658,-0.007252429489677436,0.003913630312208329,0.0015683566179093373,0.002254493869049861
2019-06-20,0.008003426834320275,0.024866155493817887,0.0025446097837930944,0.009243238036345074,0.006380101768269954,0.009508893720654641
2019-06-21,-0.0034149514423723816,0.00661369341666817,-0.006829969474687166,0.00014574952785954682,-0.015301420646831407,-0.0014544498747526818
2019-06-24,-0.0010069135128929435,0.014741593126273352,-0.007152703719370211,0.005896314559517321,0.005912902276163957,-0.0012251980144563073
2019-06-25,-0.015273410713625287,0.0019392450876947497,-0.008317066708853162,-0.03208126377137943,-0.0077597802080304305,-0.009856350065387908
2019-06-26,0.02139862734573247,-0.009207653748305768,0.006659007940016852,0.00374060626836016,0.050084550949595484,-0.0009978818172305766
2019-06-27,-0.00030028218376297426,-0.0009781791081800058,0.0033131186062171497,0.0016411954041975088,0.024622343910318926,0.0035394744127996624
2019-06-28,-0.009153849960036708,0.0027063662544696662,0.026832923088024808,-0.0014171658315990997,0.006107311571072388,0.005132812034556204
2019-07-01,0.01817470692587778,-0.019559428102497136,0.01667578286601016,0.012757945529874188,0.011743783673048262,0.00903727818818035
2019-07-02,0.005837430577818354,0.02113481354805423,0.0010549928846779397,0.006611367310506627,-0.023996408611183663,0.0026013174756571575
2019-07-03,0.00825287885115696,0.0016477026920105947,-0.0015939107121050928,0.006422263436959572,0.00320003032288853,0.007963321665685107
2019-07-05,-0.0008812537189314256,-0.011212861349998495,0.005920901120836671,-0.0029141738723240523,-0.01560464629307525,-0.0011385186546705496
2019-07-08,-0.02082920731156487,-0.006453396174434407,-0.00547800598568293,-0.0007299019430330908,-0.01902780787404481,-0.005510151322235679
2019-07-09,0.006080855485267269,0.0034976216131429347,0.004243539948665352,-0.003657522519598851,0.0006357948297645947,0.0012456584052983357
2019-07-10,0.009839899482398565,0.015664164068756106,-0.0029155438749811986,0.010134844024605214,0.01733017171901675,0.00476679756622791
2019-07-11,-0.007308757430305591,-0.008479433149487648,0.009510569862498479,0.003981648727475683,0.03812481527984474,0.0023412836597821495
2019-07-12,0.007653494147521311,0.006235244213343071,0.010462225354812667,0.0036064629278392333,0.00796620009721358,0.004466944457089334
2019-07-15,0.009350912073592338,0.0,-0.01221666125956944,0.0,-0.0020301272898735597,0.00033275777458439856
2019-07-16,-0.0034658796158110964,-0.008498565150237166,0.010654332166924529,-0.013189425464738464,-0.0011368177677879142,-0.003230677762107017
2019-07-17,-0.0056392900264262275,0.01633123396202252,-0.009864575642165752,-0.005926868188487982,0.015618781744509654,-0.0068282805008901045
2019-07-18,0.011295687821170308,0.01401922107283276,0.005947960711913906,0.0011003714090355088,0.0027653421963597857,0.0036542598413071125
2019-07-19,-0.015040085320569158,-0.01483691752503857,-0.009903318080954461,0.0014649248328536995,-0.010277004180235255,-0.005570697145348504
2019-07-22,0.02259667376813864,-0.0001487748968767623,0.0064086905243059995,0.013161270690141332,0.01695332709773948,0.0024536814312481918
2019-07-23,0.007787730662159082,-0.005668654760058427,0.0181249979677419,0.006193407767373066,0.02501693914520685,0.00712491120813821
2019-07-24,-0.0008146002015773234,0.005073447292028362,0.00403089171023302,0.010214045626245005,0.01693465275382707,0.004688454186915067
2019-07-25,-0.007938551242832173,-0.007095118991376651,-0.009632703583257757,-0.003773358258773613,-0.029998992610931086,-0.004788464480192751
2019-07-26,0.003471698439988249,0.00164757936404381,0.004397891031955183,0.008169372551229443,0.00970010316296587,0.006677556374754706
2019-07-29,0.00929536781788016,0.006637600502192369,-0.003188983364171472,-0.0021958214952969304,-0.001428835283951818,-0.0018229966922835208
2019-07-30,-0.004301578433663614,0.0033393742390960437,-0.0022465504724087527,-0.00483298832486842,0.0035970380758749677,-0.0024574052172650265
2019-07-31,0.020198934330251002,-0.013199706898717264,0.003540803903092069,-0.029501224797938857,-0.03911361528354513,-0.011001216270515894
2019-08-01,-0.02187658491361761,0.0237382025873749,-0.026733680828102548,0.013050276728512005,-0.02277997328879536,-0.008745623319141122
2019-08-02,-0.02138516757323872,-0.003819352910475418,-8.850845133718141e-05,-0.008437589571433342,-0.02287691795008354,-0.007557775530271315
2019-08-05,-0.053767724843981866,0.013885007839557597,-0.03020440692996781,-0.03485908729219801,-0.06669538797690928,-0.030534748307618414
2019-08-06,0.01875324178498143,0.008095529492025941,0.007818108902446193,0.018584008470851975,0.01029232613841248,0.013925409978986768
2019-08-07,0.01030208690790892,0.01507548681526026,-0.021972988477181002,0.004370756512830686,0.010057898950735422,0.0005906819972283221
2019-08-08,0.021816356255606677,0.005022054446004403,0.016797792061290135,0.026335777418414544,0.028000868580773733,0.01942987171447612
2019-08-09,-0.008274637071814058,-0.003321683939870917,-0.001092676916986702,-0.008531782453497082,-0.02611827931014996,-0.006834453815900613
2019-08-12,-0.002540913620507296,0.009651773675578623,-0.018950265243230926,-0.014040823462241878,-0.017865331469748977,-0.012248127697956504
2019-08-13,0.041476585094617865,-0.005977346952418699,0.015298523845623605,0.020482627906074805,0.029920780417420183,0.015431698732676224
2019-08-14,-0.030217286107178897,0.00681829671908825,-0.042408349739619315,-0.0305773598265812,-0.039074553219104156,-0.030013367080438887
2019-08-15,-0.004993899964480307,0.006632923311853109,0.0038095483611468796,-0.002241603796685705,-0.008700157527774584,0.0026383398101681877
2019-08-16,0.023320601457022076,-0.00642279632319684,0.023671775186039825,0.018161217690744576,0.07001854775241552,0.014647290371785027
2019-08-19,0.01847244329394655,-0.011765243129746363,0.008964567661540532,0.016610411778529878,0.06795574507716645,0.011975522716353364
2019-08-20,4.7688338007154656e-05,0.007765153200510364,-0.012777803054445515,-0.008343601678859423,-0.017186078504560363,-0.0076921790917474225
2019-08-21,0.010780110749424693,-0.0031694374885161206,0.002791731561047391,0.011084755099937378,0.01981777947637548,0.008102652676790669
2019-08-22,-0.0008468372257742182,-0.002542737809443374,0.010262181971707519,-0.007303475510112582,0.001458882434664656,-0.00030783939189906324
2019-08-23,-0.047322544641784016,0.0194004358255685,-0.025148126167882114,-0.03238076180687331,-0.05415794654603851,-0.02602324549888977
2019-08-26,0.018820713440275385,0.00013874512727632068,0.007985483138329499,0.015325299926492123,0.018360296585536926,0.010998024573546341
2019-08-27,-0.011347761763578811,0.009525229640210546,-0.010629976073073658,0.002138524756710346,-0.022308022645340757,-0.00393153913419252
2019-08-28,0.006687908519436239,-0.002820513317677276,0.009974698710846346,-0.001326869026393011,-0.00260165096835277,0.007017017108361612
2019-08-29,0.01679002769515337,-0.007190355573252848,0.022406560010908717,0.018708608011273418,0.035223913639158916,0.012692110416774252
2019-08-30,-0.0012925290945706418,-0.0025705723222454796,0.005842126748047865,-0.0018844327106827667,0.003049157172890119,-0.0004445280737007855
2019-09-03,-0.014670732516389073,0.013817145553141903,-0.011903730957749298,-0.013289624212273223,-0.020140403471715907,-0.005864287417490962
2019-09-04,0.016824298691139553,0.006224182405113975,0.011995046206362625,0.011620433112342966,0.027575404004150372,0.011286527717253438
2019-09-05,0.01936286233251752,-0.02429383958928248,0.022499041544004048,0.01743027175247018,0.0630336873757768,0.012773141450598735
2019-09-06,-9.407306224059543e-05,-0.008559662387184017,0.002133665360207847,-0.006806364986698821,-0.006082859082599863,0.0007720610480307491
2019-09-09,0.0042581984071224785,-0.0037414803722944866,0.02447383713104703,-0.01142370230135561,0.01030213583484825,0.000503447813884653
2019-09-10,0.011743727199546604,-0.008594766463448816,0.012657617421306925,-0.010526639954774389,0.014738640498133762,-0.00023506908612264363
2019-09-11,0.03130014833074798,0.0060453662250154515,0.002734577070632681,0.0002937924782233292,0.006258093116148992,0.007085861353690414
2019-09-12,-0.002238680889866798,0.0020542492696135994,0.006125166239313806,0.010232847476551118,-0.0003253209764329736,0.003457950660253366
2019-09-13,-0.019645880178157292,-0.008313640257218174,0.019484731890050466,-0.0014557931614536989,-0.01272525485079115,-0.0006644328863351812
2019-09-16,0.005243523300845385,0.008313640257218249,-0.008939431556955105,-0.00723505061173507,-0.009554123606430308,-0.003093471143581575
2019-09-17,0.003631247759377164,0.001979350045407386,-0.004963417068942461,0.00774466639941458,0.004760887442687545,0.002528983261889199
2019-09-18,0.009335576227355076,-0.006305141849164153,0.009986247209951105,0.008191304990088157,-0.006038151305914039,0.0005983022373002476
2019-09-19,-0.008157943463474086,0.004042645700960864,-0.0031783767365939097,0.018241380259668996,-0.017034805881655086,-6.662209147344294e-05
2019-09-20,-0.014725969704830063,0.011751169204553406,-0.004028685145014753,-0.011621713309043553,-0.024312726714539372,-0.004736374210500259
2019-09-23,0.004536417231404067,0.005580782257567522,-0.00016845866602852703,-0.002153677454098134,0.012373099232088555,-0.00023448840734428608
2019-09-24,-0.004766152642621095,0.00527299162043293,-0.013124048725785523,-0.012729643874191775,-0.013299967261192355,-0.0078777784323761
2019-09-25,0.01527237413697529,-0.018719501081169466,0.0056942689320818324,0.014309414324193952,0.032503742269467,0.005897400317151624
2019-09-26,-0.005171168958026506,-0.0002821278180384957,-0.008254428456017671,0.0012908858058425935,-0.00500634170742713,-0.0020853158202546115
2019-09-27,-0.0048779635020103,-0.005161727926224835,0.005878582489212105,-0.013056043054585577,-0.03197039868680689,-0.005402044486916676
2019-09-30,0.02326288523797739,-0.015647105922203676,-0.00025468707642793394,0.009394506584345699,0.013359304889175168,0.004627423573557837
2019-10-01,0.002764259362312595,0.005457893373498284,-0.018350757625021287,-0.01419775464696352,-0.00040257015251368223,-0.01196628658513841
2019-10-02,-0.025387425770493802,0.011606023170116823,-0.020105659418747118,-0.017813150313762037,-0.005532168645583037,-0.01782243682680849
2019-10-03,0.008458889930079615,0.004520416059329575,-0.0014251846189946337,0.012032839689491205,0.046685450327009645,0.008159140425932512
2019-10-04,0.02764601548697133,0.0,0.021428554674842254,0.013411247718985497,0.003633790059667539,0.013441445010452163
2019-10-07,0.00022022455722839964,-0.00856363541098911,-0.002183477265960008,-0.007266303012407518,0.01288555556919043,-0.004323942104166728
2019-10-08,-0.011784025890885095,0.00870459991703739,-0.02254843427004374,-0.010631128826763614,-0.039279435801062836,-0.015646552269821243
2019-10-09,0.011651966890590837,0.0009156241246349503,0.0072179796270690115,0.01876589281432997,0.019445310992476626,0.009451658321502696
2019-10-10,0.013388362849900446,-0.008767683192965708,0.013930459344990652,0.006201821979999375,0.01275632174928497,0.0067406874429090935
2019-10-11,0.02625089215354934,-0.005554769940672898,0.016757655051653,0.004161071121548234,0.016043474126631152,0.010313535812254783
2019-10-14,-0.0014405303039153174,0.003991150393420187,0.002665277692786582,-0.0009313072759258049,0.0028987277546889414,-0.00111401203933028
2019-10-15,-0.0023345887326339677,-0.0069950016712766044,0.029696619677846318,0.014371288766798995,0.051408682450757755,0.009851476025990985
2019-10-16,-0.0040452551057047394,0.005713914835703777,-0.002336843123973435,-0.008227506355219029,-0.011060747140091705,-0.0016074472131481926
2019-10-17,0.0038752638504010966,0.0014233647353723328,0.005582782350559086,-0.005141317026992653,0.00041220095656366285,0.002944922130101801
2019-10-18,0.004791299451975628,-0.001067306413452129,0.0017432793610225056,-0.016456484871988114,-0.019752235146083368,-0.004386798250060836
2019-10-21,0.017193961928442626,-0.004781550075213642,0.024498408309433683,0.007395576788790196,0.028565879964671075,0.00675630770504673
2019-10-22,-0.002289365583308214,0.0029287043785159624,0.009986510390627644,-0.01499273202954948,-0.0020427249922273273,-0.003272108780027326
2019-10-23,0.013329643968160927,0.002351027592914482,0.002640732629545608,0.006359381072816219,-0.0026621596909727954,0.0029051278818515
2019-10-24,0.0016436078150910828,0.007090719694468963,-0.0007196472839995368,0.019482309061517728,0.009031906395414766,0.0016327025306250439
2019-10-25,0.0122410537550153,0.0023289599557340403,0.00796646360473459,0.005629673571732045,0.038270709491556795,0.004086821906737866
2019-10-28,0.009967123889569144,-0.008637230479381003,0.0038013674248442452,0.02428877221009035,0.010940391777087806,0.005620392483794811
2019-10-29,-0.02339942934355548,-0.002776885194246242,-0.0006325825489667382,-0.009476734890614475,-0.01889194309324926,-0.00029667822962938396
2019-10-30,-0.000123183468099257,0.005475210184932403,-0.0055521973915823655,0.012385028167200598,0.00039385014242132436,0.003062799684303215
2019-10-31,0.022357540287547942,0.009948844935468628,-0.006463057097860474,-0.00861148460023051,-0.009801232594820661,-0.0026667688617550513
2019-11-01,0.027985635561398603,0.0009123470738276627,0.022793133527609158,0.002437862869883862,0.007779795796206428,0.009221026587179113
2019-11-04,0.006545536317299064,-0.0028801514371747305,0.007949348042057637,0.0057587805609976474,0.038301340840857144,0.004009403005250961
2019-11-05,-0.0014379502027820701,-0.016312331868591004,0.002171290416995761,-0.0006227524269447197,-0.0042370500291732125,-0.0011064765393082176
2019-11-06,0.0004278815003264041,0.004281068530555171,0.001548180950754703,-0.0027726399557969276,-0.009490772419135644,0.0002278623164112284
2019-11-07,0.011475227551325818,-0.015643205521891117,0.0053988917166518935,0.0013872809191311688,0.003413656776444039,0.0035104879345928914
2019-11-08,0.0027329405093583716,-0.0063847338065501705,0.0029188772194667333,0.011715378613117264,-0.002691954147331127,0.0024632382569212915
2019-11-11,0.007887557914606321,-0.0024048241483873045,-0.0035343322657766492,0.0010267146451187316,0.001923563557211638,-0.0019114215505674113
2019-11-12,-0.0009161257725591081,0.002695874927586959,-0.0058670593928276185,0.006549447706026716,0.006845506232811112,0.0021057295856747285
2019-11-13,0.009536189109994262,0.003994072881030811,-0.005278663354143841,0.0016304894195454847,-0.004973897803228527,0.00032347333546289
2019-11-14,-0.006943479518035169,0.004194711040663475,0.000933522613509324,0.005078416495384828,0.005832104177260207,0.0014544991597459202
2019-11-15,0.011809651160018387,-0.0025291110010524226,0.007205718769764648,0.012817527667707974,-0.027055979985200884,0.0072104716013622365
2019-11-18,0.005029373099877553,0.002962025072169786,0.008379678584424292,0.0024640143524718616,0.03885517232317125,0.0007374261859014271
2019-11-19,-0.003037264965303148,0.0005049030061831341,-0.00030608035328381553,0.000332562016099129,-0.02041596344393966,-0.00028870847797632187
2019-11-20,-0.01170964397598261,0.0005045382424530197,-0.007301883006388448,-0.0017362586974396395,0.015220997909479823,-0.0037256117980651116
2019-11-21,-0.0044937048874588905,-0.005492097356825017,0.0023115788292789306,-0.0009360675026870639,-0.004746785530991363,-0.0016101429820361743
2019-11-22,-0.0008781610363996041,-0.0018857951599790925,0.006597189535515028,0.0007359168453143043,0.0033724931192376,0.0022208196079172246
2019-11-25,0.017381813967391524,-0.004803179633254922,0.005338034977576342,0.010903214953840544,0.04777573243976024,0.007720978538645437
2019-11-26,-0.007838982270046705,0.004803179633255016,0.0013677938031701326,0.005276246511750445,-0.019215230845722214,0.0022628767475270403
2019-11-27,0.013342302717493154,-0.005314014225370608,0.00295768985230057,0.0019056782132085104,0.006435800462438203,0.004447692185163767
2019-11-29,-0.0022048482213165087,0.006184806112979683,-0.002274321427447733,-0.0061899669739606,-0.0068972282338261425,-0.0037154270190614433
2019-12-02,-0.011629710547176177,-0.0005079436043828876,-0.0022034545895556054,-0.012163000123707668,-0.035168479842145293,-0.008531018565314148
2019-12-03,-0.017990928967604913,0.009534253178573626,-0.012938123676842146,-0.0016057756603517334,-0.0076279889624091286,-0.006729356024063698
2019-12-04,0.008787640288701154,-0.0013667767637935283,0.019534043763506762,0.0036101015334400926,0.008439921550621711,0.006151582328102384
2019-12-05,0.01456436492757429,0.0005757184354598549,0.005425626473714413,0.0005335441129246599,-0.0032527029318954186,0.00179631545916119
2019-12-06,0.019131972872208018,-0.009977704836757457,0.014770800698334006,0.01206601967224771,0.016298805905930847,0.009092731934370093
2019-12-09,-0.014099079950533642,-0.0002906488870483782,-0.004676173803689765,-0.0025733704148030072,0.0,-0.003149415920364317
2019-12-10,0.0058275726157470675,0.002830699660654389,0.0006691720136977803,-0.001520583060220205,0.008494711918645231,-0.00111583867444454
2019-12-11,0.008493154397818396,0.006861935627691577,-0.0023818949979860404,0.003764428536802474,0.015580317249489226,0.0028348149589969745
2019-12-12,0.002545299847844421,-0.0035334849047766476,0.028216574950262543,0.010100159050839398,0.030495584205283685,0.00858226406539497
2019-12-13,0.0135012507485046,0.004468872836715887,-0.008805716296376824,0.008382962593785686,-0.00035697309773486383,0.0005990676706168018
2019-12-16,0.016972809327191418,-7.198939739749056e-05,0.003866483686374216,0.006450438763860833,0.005165466176205339,0.006846433770481946
2019-12-17,0.001963851405623964,-0.00021577975709612248,0.006097721078800438,-0.0054154059658318866,0.013849695943808474,0.00021886487145516715
2019-12-18,-0.0023922260088485247,7.200493236905694e-05,-0.00101348876552327,-0.0020711379990191077,0.005330081740313777,6.268902857415455e-05
2019-12-19,0.0010001219887702595,0.0025862126377012157,-0.005011238503920623,0.008643514962422057,0.0255942566987059,0.004090746419150289
2019-12-20,-0.00207305127780553,0.0010039397404910592,-0.0008011720233374272,0.010858258056195311,0.016469270688712935,0.004374506864877619
2019-12-23,0.016186740205364897,0.003077203372165587,-0.0002917113074978497,0.0,-0.0023003382197895766,0.0015264584712661223
2019-12-24,0.0009499450552737143,0.009387789011397068,0.0027660439532175216,-0.0001903468760307213,-0.0008379171124119561,3.1187368619339864e-05
2019-12-26,0.01964613873464234,0.00782659080315549,0.010556287521247336,0.008163134236581548,0.0023862953746072346,0.0053091703197635015
2019-12-27,-0.00037966446831071257,-0.0003512560225688557,0.0007187545409249158,0.001826002516334949,-0.00974688074046434,-0.00024779103110849536
2019-12-30,0.005917682504443807,0.0021055808220621446,-0.003672182376442789,-0.008655629075730364,-0.019395461519432618,-0.005528563942967321
2019-12-31,0.0072800523382044674,0.001891143454574884,0.005538829971465705,0.0006975469304455816,0.012745267473759961,0.0024265030073465656
2020-01-02,0.022559748273977973,0.007320953634035891,0.01205062097263966,0.018346848892445578,0.019402486241000976,0.009308300789863815
2020-01-03,-0.009769283182117188,0.013181265882528811,-0.01328402437693427,-0.012530022096592281,-0.016135286551300275,-0.007600743534063233
2020-01-06,0.007936457484037547,0.010434868967011986,-0.000795848308106723,0.0025814351504830106,0.004184506736960086,0.003807747935650188
2020-01-07,-0.004714386546893091,0.003927428056507489,-0.01714630459119043,-0.00915959018867481,0.012034232267114022,-0.00281588047324491
2020-01-08,0.015958427734571245,-0.007529802584635164,0.007770382372886524,0.015802932915200213,0.0018738088496308182,0.005315539638247065
2020-01-09,0.02101832248288738,-0.0056676844863565315,0.003644664005309989,0.012415479459158682,0.010923051846174862,0.006757578828187779
2020-01-10,0.0022583352937584748,0.006008107616788398,-0.010018012400201592,-0.004637535186945532,0.005334964711982988,-0.0028819617355390218
2020-01-13,0.021139080327511856,-0.007447144703816297,0.008270047076754626,0.011952380179279822,0.030870796397648687,0.006854031805699729
2020-01-14,-0.013594944328166339,-0.0008919411826434922,0.011594456084018238,-0.007067735327096881,-0.0188285549840538,-0.001525907601538207
2020-01-15,-0.004294959282245788,0.005817289492435278,-0.015098853053456445,0.006455137381575085,-0.006939202787564412,0.0022576676207836993
2020-01-16,0.012448984590501973,-0.0015707412123407796,0.003869000379741795,0.018157603283087444,0.013589702871677527,0.008283687960814402
2020-01-17,0.011009798868462654,0.0018437252860089575,0.006897882413368072,0.005581107170180558,0.0014049927733241336,0.0031077024817367884
2020-01-21,-0.006799856078095743,0.0010909837309721073,-0.009889516057047024,-0.0035971157599422646,-0.005389952070819064,-0.0019602827363646574
2020-01-22,0.003563174044334764,0.0003405975107135845,-0.0011701035842122069,-0.004816597794312996,0.00871385420176575,0.00012094847811172279
2020-01-23,0.004804307458323851,0.002245598875511729,-0.0010248244128443086,0.006137010904741209,0.010935288856756546,0.0011461674879706919
2020-01-24,-0.002886316652587647,0.0058285535187767275,-0.02514146917367682,-0.01012805581920178,-0.009456752978372632,-0.00893286606801293
2020-01-27,-0.029845996912981513,0.006802125843070944,-0.008446946423262543,-0.016864485244740244,-0.0419070677479431,-0.01615916200460384
2020-01-28,0.02789632554928226,-0.00896686803661793,0.018014568690608166,0.01940627808738635,0.03183552947225653,0.010424543486672539
2020-01-29,0.020716438140111825,0.005403248480831511,-0.001489105132478978,0.015472432343854769,-0.009847784406940846,-0.0008262749132464204
2020-01-30,-0.0014503585861058764,6.731894098032181e-05,0.012291203120172595,0.02781717369569885,0.0010990082503117193,0.0032400708247209966
2020-01-31,-0.04535149877524818,0.005775708477189364,-0.02632036013918724,-0.014868649589420316,-0.038906727247104866,-0.018324691888543087
2020-02-03,-0.002750351927484714,-0.006516877595597702,0.007601679366096128,0.024086217268121907,0.01636071886723578,0.007401130081038497
2020-02-04,0.03248081037288424,-0.013094308186782415,0.014293338655331209,0.03238635327990345,0.027901679617723257,0.015125946648371212
2020-02-05,0.008120935527417408,0.0012285555646719122,0.016857861339266846,-0.0012218528556320143,0.01458187325316897,0.01148194511534228
2020-02-06,0.011629339609871335,0.005373934234125879,0.00014531261501175583,0.02052150295725812,0.013821354591740295,0.0033594213437171667
2020-02-07,-0.013685932799749783,0.002642363450658169,-0.0032028188812263654,0.0014150022286962664,-0.010516962202712966,-0.005344094435095275
2020-02-10,0.004738507774694179,0.0025679490647931946,0.00414729549869459,0.025820642772657592,0.04423930192260771,0.007437641981633915
2020-02-11,-0.006052085991664377,-0.0034478924308700464,0.0018855614560287243,-0.022834094615569445,0.018536440185914292,0.0017316525714140382
2020-02-12,0.023470275497908945,-0.000813078481224605,0.0,0.0014628596417572315,0.017208898964857333,0.006421844032320614
2020-02-13,-0.0071465019954185085,0.005677303718111386,-0.0008699231749875343,-0.005428730498718878,-0.006478753930555733,-0.0010670512337492563
2020-02-14,0.00024645222144089115,0.0041697222765956264,-0.0030505402572997935,0.008887419645168392,0.06785000348537881,0.0016005458418016977
2020-02-18,-0.018480236115708204,0.012737350951843347,-0.01332929695356263,0.010091965527636249,0.023126536998234068,-0.0025803715726822924
2020-02-19,0.014378863250649163,0.005814285510176441,0.013547464031058408,0.0029944209567473734,0.059336660464319305,0.004769939988101945
2020-02-20,-0.01031196003929328,0.0040763395182913265,0.0,-0.01538855586431814,-0.019249875698080735,-0.004116715278929483
2020-02-21,-0.022895199781776926,0.014913455926308593,-0.012294577559197755,-0.032123309572666535,-0.048552095572492564,-0.010351428072889943
2020-02-24,-0.04866551507515429,0.008945002656717951,-0.02724349410223592,-0.04407290807224181,-0.07332107588957978,-0.0337280974599164
2020-02-25,-0.03445922383113891,-0.01803593472393269,-0.04567005343799054,-0.01663926317242395,-0.04196156095457841,-0.030770830086536208
2020-02-26,0.015738954802672442,0.004360980385151266,0.003005108213350669,0.012417145307659794,0.021144918801705298,-0.0036849669759162983
2020-02-27,-0.06760232712475497,0.00019481624361363943,-0.042504360190554064,-0.0730644905821557,-0.05727497362872595,-0.04595159570256026
2020-02-28,-0.0005849916442354964,-0.03717601874476565,-0.04430592575779544,0.023924714765574992,0.0668739029091651,-0.0042103890338355205
2020-03-02,0.08901803425018646,0.005511083646655957,0.04554081936631032,0.06441909893883814,0.023276447800585673,0.042395351821509414
2020-03-03,-0.032274360345277704,0.030950390194086085,-0.03824679894765625,-0.04910567284596461,-0.038874908489991165,-0.029050814945319484
2020-03-04,0.04534114330575268,0.001752990351755443,0.024408606071343576,0.036057282452448526,0.06768580544895689,0.04117359170253517
2020-03-05,-0.032975212600137936,0.021370951204574475,-0.05030546336033873,-0.025415418655972816,-0.040235055218299336,-0.033806626092122295
2020-03-06,-0.013368738410771564,0.0003808885074389379,-0.053063605436430836,-0.02867463256896575,-0.026886737874822247,-0.016669045390437606
2020-03-09,-0.08239560831976211,0.0016488747161249012,-0.14555229132721437,-0.0701786662119251,-0.080594135355015,-0.08131287620423726
2020-03-10,0.06954632394323991,-0.02132715182628954,0.0748264468056175,0.06614737881756583,0.06177442707796857,0.050450676518874915
2020-03-11,-0.03534775979204333,-0.0035667044227174947,-0.04821429005073161,-0.04636013627419325,-0.05758672237518086,-0.04997660386438945
2020-03-12,-0.10397793553575359,-0.04070560424243849,-0.08602657481113408,-0.09964191912700199,-0.13052771564294877,-0.10056894271214864
2020-03-13,0.11315775273616033,-0.03099155256530076,0.1656202437720193,0.1329290478468499,0.10742035271655928,0.08202832717424145
2020-03-16,-0.13770820705763787,-0.011512126298224866,-0.16210585913449627,-0.159453345944475,-0.2039794595541632,-0.11588655243721005
2020-03-17,0.043030768474372726,0.01346442633870517,0.0593189536430367,0.07912242595370692,0.10098753199841885,0.052584900729233205
2020-03-18,-0.024784599383097294,-0.02012310684271081,-0.11123210005345638,-0.04300791412316357,-0.0688219808009651,-0.051959544309291554
2020-03-19,-0.007691493321205588,-0.019086492837834465,0.01666826427015003,0.016319151678811945,0.048832418564268,0.0021224999445321807
2020-03-20,-0.06559030041903195,0.014884383146683595,-0.02132786017270927,-0.03828224422379023,-0.034489135239549724,-0.044050193062892394
2020-03-23,-0.021473179908662116,0.043231496146295734,-0.05501918619277422,-0.01002463020084823,0.03317323690194699,-0.025900952214580837
2020-03-24,0.09560597916238056,0.047389520259250466,0.11238393775456745,0.08699922910346872,0.15833998441833533,0.08673095335443841
2020-03-25,-0.00552381963015014,-0.013784208180364264,0.03663809705802249,-0.009618783726179093,-0.014389855605084762,0.01485923704422114
2020-03-26,0.0512849607151258,0.012740714714697083,0.06734190165735877,0.060672586469080386,0.04622377394148274,0.05674872572708021
2020-03-27,-0.04228385281257304,-0.006481449089244015,-0.07390426830680726,-0.041927575300127175,-0.017687745613991286,-0.030238356082550235
2020-03-30,0.028138466174630446,0.004390990264267052,0.025674534155905707,0.06797690570650733,0.04963210436967844,0.031959657664931904
2020-03-31,-0.0020428085021678187,-0.032364821693651916,-0.037818509556463306,-0.01585220331080254,-0.007520902555226454,-0.015017656243510242
2020-04-01,-0.05405207952242405,0.009411793149400162,-0.06504953867901989,-0.03615404051567005,-0.08108344336776664,-0.04604891761256789
2020-04-02,0.016549234608116404,0.01626050111056189,0.03665941096568392,0.020497065432894892,0.04975551256362117,0.022813245387827003
2020-04-03,-0.014475881471373818,0.004925309776577716,-0.030003298560437527,-0.009253046509440699,-0.0463056120573158,-0.014559672965748064
2020-04-06,0.0836402515007641,0.02733353381543522,0.06237953026271253,0.07173259171415142,0.09567904465032542,0.06500650702265283
2020-04-07,-0.011649873096863514,-0.005368871400719198,0.013104289642054215,-0.010828332170065885,-0.03553457594447,0.0010191553844926442
2020-04-08,0.025272643419287467,-0.008947881947437637,0.03958564396709967,0.00998091639455613,0.030117607207100952,0.033017295132271425
2020-04-09,0.007190096987682835,0.025788169295063085,0.08591500625257277,6.0602154896838886e-05,-0.015097535510859406,0.015102807877197973
2020-04-13,0.01943731338489675,0.01699510551392902,-0.04549175223820975,0.002238148915667834,0.025902287461385443,-0.009172160630336509
2020-04-14,0.04926902791414545,0.007837301543346824,-0.027778557643045054,0.048297612403569265,0.050931991328979805,0.029066192226219978
2020-04-15,-0.009169194672606214,-0.005115017933585634,-0.050577177048810824,-0.010532593389091193,-0.011013070356094036,-0.021476694108060686
2020-04-16,0.007914748376008545,-0.0008653689753940822,-0.038854746196887814,0.02957877652027427,0.04817276622551364,0.004812519011530585
2020-04-17,-0.01366157614996251,-0.019608466717140425,0.08607579477305767,0.008773081214055308,-0.00810878332844861,0.0266568529614737
2020-04-20,-0.020975255745051144,0.007100853720992193,-0.03713876318748274,-0.020020088700025855,-0.018192630383126428,-0.017775123560010563
2020-04-21,-0.03139830999434426,-0.006848673348053854,-0.0294332208074853,-0.04223668015386214,-0.06305108596077051,-0.0308338016007961
2020-04-22,0.028396367938064916,0.019479888950845802,0.0032513386351018365,0.03340093396418156,0.059910726994306954,0.021952072199333143
2020-04-23,-0.0038824414033275267,0.009905643795524405,0.0005595121967890532,-0.01217623140147002,-0.007506603109651125,-7.196669455852751e-05
2020-04-24,0.028460593785042898,-0.004294729942651925,0.01465886242541889,0.018094628823455083,0.019456670731928836,0.01384270945722553
2020-04-27,0.0007063072007008844,-0.00666258998355511,0.04220138057763352,-0.002868569485933261,0.025535522368270544,0.01431558106645989
2020-04-28,-0.01634202980717941,-0.004466516323334757,0.007055589855966832,-0.02466234812074707,-0.019442137939659983,-0.004609147391661216
2020-04-29,0.032317588131219314,0.005518192454017435,0.026613204147757592,0.043895770360544206,0.024076519291986717,0.025841723208082975
2020-04-30,0.020876363833578503,-0.018282683683788697,-0.021692712041745475,0.009982095265150955,-0.020923764705578534,-0.009354547277841754
2020-05-01,-0.016230286498647283,0.0061522933833428935,-0.02656116597417906,-0.02623219586582524,-0.033043077446326466,-0.026830050085334983
2020-05-04,0.014049455550342722,0.003498676361159418,-0.011974919551625598,0.024165591673668285,0.029650217722555584,0.002754324670676773
2020-05-05,0.014897487363588788,0.004232069630406605,-0.001520393399102409,0.010678462957982323,0.008375693708073737,0.00919716801248933
2020-05-06,0.010264166320870231,-0.012938939248234135,-0.018983368302857195,0.009799365602173407,0.013693557479627163,-0.006802013302772259
2020-05-07,0.01029191402023773,0.015234124108560072,0.01035921219864148,0.005790215026834358,0.02349683738627957,0.011994683236753848
2020-05-08,0.023522756372814573,-0.006028427741239837,0.016204172678129545,0.00586491632857466,0.024718862917215215,0.01641073046862867
2020-05-11,0.01561303408522833,-0.006253147010599243,-0.029892435460379674,0.0110928205794949,0.03187079555751933,0.00020511494539730005
2020-05-12,-0.011494007301600955,0.0038815245238018456,-0.0332232008640877,-0.022912260830892813,-0.033151577781592015,-0.02013310895991253
2020-05-13,-0.012147800237492802,0.009576645345897673,-0.035079153181621865,-0.015238101567262907,-0.0028878179959950104,-0.0178437497569584
2020-05-14,0.006124849895889341,0.008811127536123346,0.04069326547022449,0.004330025571730973,0.031690819578546074,0.01189615258048871
2020-05-15,-0.005929674993431772,0.005627947839551041,-0.018683234376223348,0.014462977884925208,0.05573004061625982,0.00458639116926396
2020-05-18,0.02328797552925208,-0.007592898231851983,0.05161349720187304,0.00950931666971476,0.030104856281487593,0.03000520085478273
2020-05-19,-0.005795155851658432,0.009603940342589153,-0.019875877513222968,-0.0069464486120912345,0.006294194973702513,-0.010324551880033792
2020-05-20,0.019261191042632096,0.0023714668825757603,0.029558002659799746,0.013775350771699025,0.0185092521284718,0.016845180578827945
2020-05-21,-0.0074833135383790845,-0.014683616168536867,-0.012782569229865107,-0.012083746071220305,-0.021950242830993644,-0.00692753558571058
2020-05-22,0.006417592464146985,0.005899400714775776,-0.007793528506562431,0.0004359410543683871,0.028201349811836557,0.001896921982892921
2020-05-26,-0.006796020970502295,-0.014316858429627,0.06856809505400731,-0.010627878010828944,-0.03477536083823508,0.012245328352703628
2020-05-27,0.004347314689932272,0.001800809585778032,0.056305840758597396,0.0013208123914524707,-0.02232887768330081,0.014769514909703182
2020-05-28,0.0004398186798668589,0.0033447448656947374,-0.015008064002437397,-0.0022577498644986522,-0.004496723171630444,-0.0018466449590111
2020-05-29,-0.0009746113302579604,0.007331471236597383,-0.025867773770093277,0.01014689642828234,0.04475889541485692,0.0044460652919528585
2020-06-01,0.01222296836399348,0.004593203918142176,0.013169879617441966,-0.002294659283943388,-0.007832944159068475,0.004033685005828996
2020-06-02,0.004618839449022094,-0.006497892824854574,0.00334101375786529,0.011312545978530635,0.002155545399594013,0.008246067437554204
2020-06-03,0.005489759751007539,-0.01862251139241922,0.052571372364727316,0.0024308409338325457,-0.0063371588917556215,0.013220243169775481
2020-06-04,-0.008649491397972877,0.010471254055873179,0.020597613156525443,-0.013251105644795246,0.0001138634169698772,-0.002630060958340659
2020-06-05,0.028082953111157303,-0.02048368991541374,0.044018880321776824,0.023128729660938353,0.01735841923156088,0.02530654835626827
2020-06-08,0.005895014961081401,0.010764002439043798,0.019762188754943018,0.006177316939133518,-0.0129765183333465,0.012015190219822393
2020-06-09,0.031089953975846987,0.009595645355064148,-0.02598503616046786,0.007616021604034165,0.027003068623013344,-0.007484590498113764
2020-06-10,0.025402225678145814,0.014223142854853236,-0.041372615709831,0.03642014171312582,0.03484381340420948,-0.0055957194028809654
2020-06-11,-0.049201406154189886,-0.007240232329265166,-0.08713130100765658,-0.055193929687360074,-0.06284087125303947,-0.05937734143876217
2020-06-12,0.008596396401975456,0.0014153150353447643,0.026995754361158992,0.007860716870164208,0.015370660947078174,0.011904166037465198
2020-06-15,0.012291408661581888,-0.0017848491512042477,0.01372355072327261,0.006371584108276667,0.02665004818644079,0.009292281850248494
2020-06-16,0.026157028191242437,-0.0004929560183834836,0.007967876085045188,0.024209741097512123,-0.011539614767689532,0.019065082161021915
2020-06-17,-0.001392653923127459,0.0019087937874243815,-0.025604013825275034,0.0034554085588691555,0.018302402280519187,-0.004162301075508749
2020-06-18,0.00039821417544536313,-0.0019703951105462295,-0.005443172893441698,0.010651142474678937,-0.0019508765060070197,0.0003848964304441451
2020-06-19,-0.005731108975567293,0.010972576221366465,-0.01148666082271933,-0.005977327882722729,0.004680788673495663,-0.00573122792081811
2020-06-22,0.025827504058214892,0.006441427074830093,-0.010896221955532203,0.027394947587646226,0.028264786345414752,0.006394491081609952
2020-06-23,0.021120261512120455,0.008384398864595731,0.012122485852891041,0.0066585451954780375,-0.008088941390061399,0.0045931750811155254
2020-06-24,-0.017809764555826522,-0.0034899960158010397,-0.03396162320198381,-0.02036337681376946,-0.022959844967109493,-0.025839950683824362
2020-06-25,0.013188020928482435,-0.0006028992986150158,0.0342677946860488,0.01255736879022072,0.02718368599119558,0.010663576130911597
2020-06-26,-0.031207458252738282,0.0044532193863769335,-0.05637818773750793,-0.02021883454974064,-0.035938566342595575,-0.024038029860275766
2020-06-29,0.022785085995518598,0.0005403343600226875,0.0044183429634060195,0.010689720920071982,0.004903505843120089,0.014590668377978486
2020-06-30,0.008312922911614019,0.004431086497931087,0.011333394276488414,0.02522834375324684,0.03185143475970837,0.012728151517620597
2020-07-01,-0.0018930891848129275,-0.004491160110102202,-0.008541627708585601,0.005830154233294639,0.003389801361839643,0.006980253245620267
2020-07-02,0.0,0.0021582779375089872,0.003243132864458316,0.007592073722698851,0.008593733015589992,0.005491914481352932
2020-07-06,0.02639865352055019,0.005970880083946397,0.02493991072982045,0.021297853957021624,0.023341027491723284,0.015319549924707939
2020-07-07,-0.003107916724229223,0.0062904343270385864,-0.028615963040637526,-0.011696054074121113,0.0032976425606294456,-0.010367446907757266
2020-07-08,0.0230228811941864,0.006192353605402356,0.01055920585898107,0.02175473307542559,0.034277731324172236,0.007619754486753083
2020-07-09,0.004291310155765288,-0.002708063902871328,-0.021888385419504608,0.0069762429204376164,0.028277144849300568,-0.005709576044497098
2020-07-10,0.0017475597023194085,-0.0025972650920347735,0.053224823027755414,-0.0030373667986491808,-0.0028350598263716686,0.010158885735010658
2020-07-13,-0.00462361874240593,0.0012403879870823364,0.014233061726391463,-0.031375973224166936,-0.04160073794430883,-0.008696753172514305
2020-07-14,0.016412910754234965,0.004652728164010819,0.005718448714458827,0.006162237460317506,0.031795342387969695,0.012875988796139826
2020-07-15,0.00685367618990527,0.0008809438623464781,0.015358493485461564,-0.0014886658195245935,-0.014536153510178474,0.009145106960216523
2020-07-16,-0.012381030637383028,-0.009496639325154646,0.002803455981636849,-0.0200027643451687,-0.00908537452978183,-0.003298842472643098
2020-07-17,-0.0020224793328265773,0.008204262794308569,-0.01867115433866347,-0.005112969624196998,0.006564758286603541,0.002895159688689578
2020-07-20,0.02085497999189508,0.004808590336846309,-0.008800008493712971,0.04208304975074991,0.029863673696016134,0.008048765963056587
2020-07-21,-0.013897761515487727,0.011978962477666387,0.021453874821614715,-0.013560227911133468,-0.017491433439074267,0.002125020645688829
2020-07-22,0.002805163687389933,0.015087942737564556,-0.00726897586909374,0.014268939450677238,0.010617727817023906,0.005676058500133233
2020-07-23,-0.04658464033276367,0.008786586410813348,0.00293402072016163,-0.04446903494688413,-0.030047842414858705,-0.012003204772226595
2020-07-24,-0.0024803514411022042,0.008542281441677423,-0.007097272826885234,-0.006140921293745911,0.006371249547595258,-0.006461166950727428
2020-07-27,0.02342370892872307,0.019561196964697856,-0.014141176102209049,0.012587900692654164,0.022022776577322576,0.007265885389774477
2020-07-28,-0.016563882251892,0.008306536040413818,0.004325115489917109,-0.009017694038280734,-0.019964783336108773,-0.0063626045803511075
2020-07-29,0.018987210674401164,0.007482169283186,0.023960856170304575,0.010047210896442607,0.024177833399675008,0.012223836266190067
2020-07-30,0.012027119525768844,-0.007427778888433271,-0.027048184017642835,-0.0007843724641368067,0.014089826679842163,-0.003574299531822676
2020-07-31,0.09956370098365425,0.00904688435302792,-0.003924501021650967,0.005429130968705737,7.077446790130158e-05,0.007871160814031056
2020-08-03,0.02488524944160173,0.0011318982444248418,-0.005603240485307798,0.05471660373299393,0.036581704837767716,0.006928029383555452
2020-08-04,0.006656133956638462,0.021054515412853636,-0.005739587448384406,-0.015122697143457733,0.019561806036863787,0.00385521607028888
2020-08-05,0.003618104452781998,0.009240417270834574,0.017223682304518425,-0.0016420611785835412,0.005241208273460773,0.006191660546391204
2020-08-06,0.03429428693642214,0.013186741026147062,0.000308648946779782,0.015887013138153327,0.004309866296901599,0.006662146599760987
2020-08-07,-0.022998045260123088,-0.016012829047696152,0.021768792730956422,-0.018049720480508475,-0.0120700728146922,0.0007176928588686015
2020-08-10,0.014430167760753098,-0.0034649534714480275,0.012598802181397669,-0.020108592818120538,-0.003084989263525311,0.002984526635021206
2020-08-11,-0.030191310149709452,-0.0551897267189793,0.03110896640934734,-0.023663144080315446,-0.028618833231234892,-0.008288939862840643
2020-08-12,0.03269400136376834,-0.004679132411383586,-0.008512405137170125,0.028166879728649865,0.052972484503256576,0.013846130977921065
2020-08-13,0.017542701238165797,0.023343474417206588,-0.005552421434624269,-0.0023451952590940782,0.00024029754856986712,-0.001809551367407735
2020-08-14,-0.0008913859829858598,-0.004318527254207777,0.00039042659961571464,0.0009578321765779118,0.010518648074626281,2.9634889334011952e-05
2020-08-17,-0.002614205664752014,0.02146194877539166,-0.02671842163099817,0.006584345102454589,0.06470620456631845,0.0031716407118373637
2020-08-18,0.008298185708702163,0.008967673573403242,-0.014038412168468595,0.005737815018577939,-0.006199773013647487,0.0021579492767648204
2020-08-19,0.0012538941179941739,-0.03207438281593019,0.0023365026091779857,-0.006085402489240609,-0.010020957965773215,-0.004172357480722165
2020-08-20,0.02194687372705893,0.006890137653281628,-0.012045814771818843,0.023004800704009974,0.00020598284455685247,0.003108865758779133
2020-08-21,0.050248755554802994,-0.008043165542872153,-0.000513689836031622,-0.007296818991032516,0.04371359723892833,0.0035412643815843467
2020-08-24,0.011889407086546922,-0.005674470685927035,0.027765453055997945,0.0031403963375056295,0.0028936381930844833,0.010082181224378171
2020-08-25,-0.008237666665693656,0.0012147382641175607,0.004387889570860933,0.012925672442977201,0.0023359478766192235,0.003493142743312145
2020-08-26,0.01350741057229698,0.011739667325137685,-0.01412933742821248,0.02138908547004081,0.0018022197303618475,0.009975631033715782
2020-08-27,-0.012026426679870758,-0.011629286747359606,0.032369874059283654,0.02425701763238102,-0.011397230865974575,0.002184105333636335
2020-08-28,-0.001621005093526896,0.01723092629924,0.004095106731935486,0.01023095145630043,0.04031424453050073,0.006438706598879006
2020-08-31,0.03334978394035376,0.00238341719432408,-0.025425146053960988,-0.014875830705162721,0.01709933223902969,-0.0036292489883628276
2020-09-01,0.03905968016678091,0.001189581722410416,-0.0004991392867470596,0.007685507017561372,0.03313823584785019,0.009374536679760423
2020-09-02,-0.020936147860488245,-0.013218610873058246,0.014966309197212929,0.019088884612758275,0.037316944790073484,0.014360310653428082
2020-09-03,-0.08344772384848832,-0.008137254873336977,-0.003152857917862469,-0.06394886061655318,-0.09736524196915411,-0.03502044453044762
2020-09-04,0.0006615111842725276,0.0027564932922231992,0.021382157815906952,-0.014135185879692128,-0.030659711517671603,-0.008198293650755736
2020-09-08,-0.06966638160922513,-0.0019287808618004912,-0.0353950346306726,-0.05561388816476219,-0.05785083938030917,-0.027702916399880217
2020-09-09,0.03911163219560518,0.009661434230238847,0.009462696279457354,0.041701852039351395,0.0651521149446491,0.01955505130850742
2020-09-10,-0.03319045327277431,-0.0032283485242562797,-0.010363809037795095,-0.02841813673872323,-0.032228142741568704,-0.017516266333698734
2020-09-11,-0.013215874830888388,-5.4861557792618405e-05,0.012344974678851869,-0.00654637026707204,-0.012032371815500808,0.000508701125807292
2020-09-14,0.029558816546755712,0.00786160327773618,0.013756484933259228,0.006741036536410471,0.05655211761470275,0.013085328400293559
2020-09-15,0.0015592778778851448,-0.0023956152677241513,-0.03162600345742745,0.016273181575844443,0.009182917152803092,0.00503969516235398
2020-09-16,-0.029958050174587633,0.0028305733071044763,0.004221471717181962,-0.01802740099082948,-0.03736889857311904,-0.003976378327989159
2020-09-17,-0.016092420176945576,-0.005505121062685115,-0.011500091044352281,-0.01049119848358355,-0.004083693468141965,-0.008834265620639303
2020-09-18,-0.032234172876961356,0.001310849171618332,-0.002132922284821638,-0.012497225050932767,-0.022250091768560142,-0.011579502823872373
2020-09-21,0.0298751757039677,-0.020291789448272826,-0.031397721355302895,0.010671983618112035,0.02655346854048522,-0.011192158979100147
2020-09-22,0.01559365624573442,-0.004858095828927072,-0.010971811856205174,0.0238083615460044,0.009580670844271227,0.010133214425616887
2020-09-23,-0.0428511505526302,-0.021843335368817322,-0.016362873416718045,-0.03348250801809596,-0.041521887173835315,-0.023464151779500505
2020-09-24,0.010216207478322052,0.0037119030895910897,-0.0008631447353627614,0.01287822799960467,0.018327626015443715,0.002661880484081018
2020-09-25,0.03682961134053063,-0.0028540460781505306,0.008703610071127047,0.022530804546347857,0.041696418426148456,0.016037616215106847
2020-09-28,0.02358839264847638,0.010010290107421884,0.028372940233293068,0.0077649570503629355,0.012447632980981465,0.016472802509667515
2020-09-29,-0.0075965932901906055,0.008397048385655496,-0.008459286395742694,-0.010462977606556475,0.014527691955966426,-0.005460971289752812
2020-09-30,0.014963304018675721,-0.006022969047958764,0.009602327247737444,0.014703488764872825,0.022780703462373205,0.007553618578167328
2020-10-01,0.008426772641770275,0.008880963695329078,0.007245285866056567,0.010075950374126945,0.006188745253622904,0.006399494572197291
2020-10-02,-0.032812736198486896,-0.0008957769408936138,0.009442480250568392,-0.02995565767621812,-0.04140884200267785,-0.00953976483860422
2020-10-05,0.03032632463152865,0.004861081696310086,0.020916091820505623,0.020117410737067676,0.04346353214172385,0.017577536989743864
2020-10-06,-0.02908840672267108,-0.011830479550692698,-0.010352357704322598,-0.021476253120486247,0.006866576596022762,-0.014317931379772563
2020-10-07,0.016824807963677232,-0.00045132478533539146,0.017295126336842676,0.018858630968173275,0.016426070017694302,0.017257020797466497
2020-10-08,-0.000956389918825265,0.0035486272055745486,0.0203469829647959,0.0035679471522798755,-0.009009955938436124,0.008823442518895715
2020-10-09,0.017246130071993614,0.017998399966815504,-0.005714806200424813,0.02453263992667327,-0.005507063582130096,0.008890646574019678
2020-10-12,0.061584782660071,-0.002875813691634357,0.01217844600093436,0.025572667813222323,0.03310565591603712,0.015959184876446632
2020-10-13,-0.026885621084109256,-0.01585383405158326,-0.016337540203255115,0.006572682832553985,0.001562932845654755,-0.0065475707556133834
2020-10-14,0.0007431179392327242,0.0030899939936110464,-0.005571950332134834,-0.00901477490179981,-0.010796140791464045,-0.006303319346682875
2020-10-15,-0.003968607239726691,0.003639489400711449,0.014856256385422812,-0.005447986874287569,-0.008925749939904868,-0.0012363228992532211
2020-10-16,-0.01409959638465931,-0.0034712263457632483,-0.002066840464799479,0.0,-0.011410641985155314,-0.0006044209337904735
2020-10-19,-0.02587353639278477,0.0005046193567768562,-0.01698917765373897,-0.02507730559734353,-0.022978538552704306,-0.015320293397909312
2020-10-20,0.013105680003715009,0.004809318137998378,0.005695393631630131,0.0020051757330580727,0.010886745589385351,0.0039978017572034905
2020-10-21,-0.005461212719624285,0.00750319529892231,-0.0100132172398711,0.000698374150319142,-0.008888430979666512,-0.001894741853670263
2020-10-22,-0.009629651292522965,-0.009849030639627157,0.03471304637353848,0.00041913257873544093,-0.012181469199236298,0.005470217010548399
2020-10-23,-0.006152799023114292,-0.0010630400237792174,0.008999086705014304,0.0062162628614562095,0.01701273924151811,0.0033898518587916248
2020-10-26,8.695425579800524e-05,-0.0005039129828936211,-0.025068468811892123,-0.028854262415684208,-0.033596538696503774,-0.018653076480775205
2020-10-27,0.01338245992464211,0.002628864176270774,-0.019046134125145914,0.014976983062795332,0.01925610965756546,-0.003453494768693506
2020-10-28,-0.04741896034403136,-0.01627516884164325,-0.028490251592140647,-0.050837133528298606,-0.05917493567126692,-0.034776580521121404
2020-10-29,0.0363804577888277,-0.004153341326592121,0.006504455638693327,0.01001482677241917,0.030956564428703755,0.010112151548584171
2020-10-30,-0.05764817014933924,0.004550651041840146,0.008913581938994152,-0.01105146068072537,-0.03834890652211496,-0.010479770724663849
2020-11-02,-0.0008271051471653111,0.00965812884851217,0.022291697083554017,-0.0006916341054554667,0.0037229636197032416,0.011146297554752967
2020-11-03,0.01523687059062996,0.0056609432999779495,0.03103454067487147,0.02006148568170312,0.034280272842544646,0.017501776110349903
2020-11-04,0.040024906159169,-0.0005590140649358909,-0.03103454067487136,0.04712084650125285,0.05780381685598816,0.022103212266469146
2020-11-05,0.034878285045146784,0.022723771699055755,0.04008336377136241,0.03138912672301064,0.026169142169399032,0.019315087323895024
2020-11-06,-0.0011367133367478097,0.0014203529597109255,-0.013410056226957057,0.0019238043925185761,0.027994268872899075,-0.00022843816456864208
2020-11-09,-0.02017002598702276,-0.045280856143465276,0.1269785052619323,-0.024112936926932397,-0.06608714237701789,0.012487800168699425
2020-11-10,-0.0030135731433084544,0.0033073065556014952,-0.003256136458569683,-0.034376864351259244,-0.06522950900443931,-0.00146812981925843
2020-11-11,0.02990113719146154,-0.00433598220930235,-0.015045755823701629,0.025916122360158205,0.049498343051384855,0.0074012495030638045
2020-11-12,-0.002345946255479579,0.006042387508780373,-0.012360331556506893,-0.0051389540115787755,0.002883734412759346,-0.009748132020382615
2020-11-13,0.00041936274847026233,0.006796565090032186,0.006243009446217856,0.00495415528557361,-0.011942400682037294,0.013749445243239096
2020-11-16,0.008682574162901368,-5.650286865533134e-05,0.027834751960017428,0.003320133379268576,0.016280147356361754,0.012405201152299644
2020-11-17,-0.007593079635898462,-0.0036759204841880807,-0.010196525530514157,-0.01283373299815989,-0.006904749610669704,-0.005392881578986981
2020-11-18,-0.011456789484236656,-0.005738783845972931,-0.007434538228614741,-0.013271320815862783,0.0004840638310542597,-0.012107827265952614
2020-11-19,0.005154897139152143,-0.0018822296869570197,0.00268640913681534,0.0063282984945862986,0.0008559620196353307,0.004201421848211385
2020-11-20,-0.01101812939489927,0.003021229432643738,-0.008603770207577882,-0.009602523761648742,-0.026577135687349117,-0.0068712775794139355
2020-11-23,-0.030193847315455546,-0.019890324232127853,0.02839617815585724,-0.0013317075639890663,0.00398438117160125,0.005976391630072374
2020-11-24,0.011527612180587437,-0.015447030279527764,0.04520021986770703,0.017690281143660728,-0.013966838453283573,0.015985326305425842
2020-11-25,0.007439491720967564,-0.0004718480371509017,-0.010515723061253987,4.672777224267799e-05,0.021151746406915535,-0.001542936520064364
2020-11-27,0.004814464982473699,-0.010198732236165305,-0.006659731491115396,0.00633879470631846,0.002000038651250845,0.0027810960265160505
2020-11-30,0.020880219989392636,-0.006697358920117144,-0.0279399420880085,-0.005404176318358311,0.010520742094897525,-0.004436797443873354
2020-12-01,0.030361757925826863,0.02084085881536413,0.015655640489888926,0.009947304748580145,-0.0008584378715730188,0.010877721549010034
2020-12-02,0.0029293849964089633,0.007493385024315116,0.019026036688024432,-0.0038927816081108816,0.011472241694360816,0.002101857111069233
2020-12-03,-0.0011381680818804416,0.007842668530553789,-0.006576783545132189,-0.005260705616669536,-0.010729171570819698,-0.00027289386698565733
2020-12-04,-0.005628212192760876,-0.00283945502654119,0.00903190582031959,0.000560041355060034,0.012039193495043827,0.008580700376015007
2020-12-07,0.0121950436371036,0.014803945459514797,-0.0037671239545999176,-0.00032668986160235556,0.003570734505150083,-0.002056976687265398
2020-12-08,0.005077992850844777,0.003481841534737405,0.0009843063817826074,0.007994624900249962,-0.019049581832295166,0.0029218079015689144
2020-12-09,-0.02112519753158638,-0.017241806434506103,-0.007817517394147511,-0.019682087586512034,-0.031908267215135754,-0.009009206364476201
2020-12-10,0.011917493240560425,-0.0019148863181888906,-0.0064643224471983615,-0.006061867994950955,0.003204373913848852,-0.0003270689721933628
2020-12-11,-0.006757567033341507,0.001856945469586849,-0.005921256272054806,0.012931202675358975,0.003155701581483254,-0.0011734455956197533
2020-12-14,-0.005159926207218822,-0.005522859199322822,-0.010594124462035982,0.004398249568030996,0.022453386039328536,-0.004487023057582506
2020-12-15,0.04887608456884965,0.013893989774039692,0.016930819033662923,-0.0003268594551317127,0.003881043586397892,0.013428552659464767
2020-12-16,-0.0005474083457078241,0.005503920929853093,0.0029047719626246297,0.023766061028287874,-0.0088710712047175,0.001568191330407066
2020-12-17,0.00693938790076114,0.01046541004295572,-0.008321617031404646,0.0006381937162446993,0.007429102760330985,0.0055764478933323074
2020-12-18,-0.01597784166708226,-0.0016988680965652808,-0.004942357241574649,-0.0037897130821988555,-0.005204234564484212,-0.004000766744756796
2020-12-21,0.01231909095685418,-0.0031789169989821435,0.03685050188175633,0.018133700671302436,0.004529422462565931,-0.003581952753573203
2020-12-22,0.02806703290286256,-0.007934507183398202,-0.015333588766852719,0.00604667198090439,-0.004058535494040485,-0.0016870239514164347
2020-12-23,-0.007000471895665567,0.006625879072275585,0.027561071684245327,-0.013125014170719823,-0.020466516620227502,0.0008984057583665733
2020-12-24,0.007682524595006428,0.003977347328631379,-0.004407152967351012,0.007796780461817148,-0.0011924297360850025,0.003882962497374417
2020-12-28,0.03514114885553648,-0.003635744312567208,0.006563792215708849,0.009872752754921192,-0.007240938194188619,0.008554062597093282
2020-12-29,-0.01340417915530147,0.003635744312567162,-0.0026364857235301967,-0.003607324722463191,0.003346936048064701,-0.0019096899084806
2020-12-30,-0.008563287662772073,0.007626026694655132,0.0027959456675338153,-0.011080588583522009,0.015524189582167468,0.0014259117316429927
2020-12-31,-0.007732760622345262,0.0037072651943418997,0.013548413507742517,0.003332694715129226,-0.006927216077468578,0.005067904037292353
2021-01-04,-0.025029765366287315,0.02201425891234798,-0.009488278920781058,-0.02149546415283874,0.004470785826614151,-0.013707543428953552
2021-01-05,0.012287763815896338,0.0029572490918935946,0.005426437348894192,0.0009641619050280111,0.021967043922356443,0.0068636633191020814
2021-01-06,-0.034240894025671716,-0.016374384156319522,0.04588674705273206,-0.026271361068293787,-0.06076219552496353,0.005960731299077877
2021-01-07,0.03355372182354551,-0.0023373497260989994,0.0323113949452569,0.028059349286688965,0.05621984192499838,0.014748255198160873
2021-01-08,0.0085947515961432,-0.03480879472366203,0.0011035369514036612,0.006074488145315127,-0.0050524476999379625,0.00568158041934651
2021-01-11,-0.023523623109839856,-0.001963368081678198,0.014814022872262684,-0.009745780688952812,0.0256350199649092,-0.006763675657336332
2021-01-12,-0.0013964697591457385,0.006453094143516468,0.015596803251160007,-0.011840444252391233,-0.010090087199814059,0.00021119872666802903
2021-01-13,0.016096538503007136,-0.004316677807613859,0.0009263801034182334,0.006538696414385266,0.003479627222140608,0.0026890537761680784
2021-01-14,-0.015242989752458533,-0.0005192346256867747,0.005825721911521336,-0.015465055240722806,-0.02480326460747243,-0.003507784041982885
2021-01-15,-0.013825563874003697,-0.012485246085867416,-0.018084028428110476,-0.0017385679858661009,-0.026152710723656453,-0.007319488944722696
2021-01-19,0.00541232767196682,0.008437377567923208,-0.004337166979613309,0.017665816676730103,0.012806817411094495,0.007821231241047685
2021-01-20,0.032327922612042925,0.016151154600027997,-0.01510952847803543,0.035849283737968425,0.025805783560762,0.013744067958231129
2021-01-21,0.03600253792846796,-0.0006273739671711188,-0.008419349811274648,0.0028044471346530993,0.03685256036429455,0.0009109033586332526
2021-01-22,0.015945564274843223,-0.007904302060517928,-0.007743559487987854,0.004346579047733065,-0.011240234709029526,-0.0035455123134934263
2021-01-25,0.027307892417115412,0.0008622455288576803,-0.012560603436822691,0.01571997196695867,-0.00433033855596852,0.003936181667270158
2021-01-26,0.0016778780478737983,-0.002473656951145883,-0.004095475726175157,0.012125012384313334,-0.01609558316592257,-0.0015623127501353884
2021-01-27,-0.007713581845282453,-0.006355778295441206,-0.02867927815071333,0.002450506353460463,-0.03927958039440996,-0.024744036279869368
2021-01-28,-0.03561179751555928,0.000926931727635592,0.01744426338563213,0.02556141858369652,0.010262176167224957,0.008563548086242379
2021-01-29,-0.03813898799756899,-0.0004054103376829626,-0.011129300124127002,-0.029605534141448054,-0.004703976018839615,-0.02022299956460602
2021-02-01,0.01638522985248101,0.00934152297824149,0.007356315238521982,0.032614393967748,0.018855471348544914,0.01650875933969155
2021-02-02,0.006317014598337358,-0.012242430084677477,0.03031783295537119,-0.0005842384194162041,0.023868436367672302,0.014041263112417962
2021-02-03,-0.007808836863719356,-0.0015117720158050482,0.011386118334838212,0.014466222798545656,-0.0019380091890655784,0.0007856610232333519
2021-02-04,0.02543153755504873,-0.021765636924135134,0.022752648287482323,-0.004082410114926538,0.009836453793489889,0.011301784448183172
2021-02-05,-0.003102986444030365,0.009823748692690917,-0.0019550064855515053,0.0007849265287381868,-0.005375078288925954,0.003928045810918916
2021-02-08,0.0010964666699395341,0.01001975221091292,0.015533137158552326,0.0011138234187087477,0.06050785347686155,0.007196060923564993
2021-02-09,-0.0065956394121517445,0.0032595928083516256,-0.004003937057110806,0.005347523764831847,-0.012229324565867776,-0.0006658279334019683
2021-02-10,-0.004568714076292842,0.003654430629279855,0.0005730447235840819,-0.003904785954872237,0.03452235048019811,-0.00043589591751264886
2021-02-11,-0.0019223100782231309,-0.008723013798522866,-0.0027964185103234664,0.006854058217826742,0.032420018889451854,0.001613578319854153
2021-02-12,0.0017744198569339623,-0.003041852351548402,0.014116761636460709,0.00204294593290821,-0.019165150397184163,0.00492770321225808
2021-02-16,-0.016234825657145673,-0.014457496034195686,0.023785573151924984,-0.005279684541032943,0.024364436076518194,-0.0008664213670792941
2021-02-17,-0.017801634765687985,-0.011417786234196115,0.0031065486650351266,0.004350228551452469,-0.028064193794901913,0.00022927001080768123
2021-02-18,-0.008674145939495984,-6.0090224343136566e-05,0.003370841643737289,-0.0016803538646429797,-0.005179056389932389,-0.00426479401218666
2021-02-19,0.0012329318095298622,0.004139970385631239,0.016553019326798573,-0.011634644708219283,0.006553309060293968,-0.0017675869019227446
2021-02-22,-0.030252047435642436,0.014858231751961605,0.009346891796338125,-0.02717444098921615,-0.038987457909766,-0.007721404975218839
2021-02-23,-0.001111610810747433,-0.0023033964742125187,0.00799954715263684,-0.00530156440478333,-0.01500136416029593,0.001213615958417594
2021-02-24,-0.004060577397037691,-0.0007097783269727351,0.017442216353234802,0.005472224885325702,0.024930408746908318,0.010959110604728768
2021-02-25,-0.035401861746312734,-0.018995808065307287,-0.013664839531588462,-0.02399034822543513,-0.08575202334891693,-0.024390845699832873
2021-02-26,0.0022292867757373828,-0.024480114534154506,-0.02688270940580289,0.01469566035327573,0.030125912980054938,-0.005165976773640899
2021-03-01,0.052451163157043956,-0.0017319159550744983,0.022374711646504526,0.019432927256281814,0.009235796128993862,0.023951176637859145
2021-03-02,-0.021114972417668774,0.005433148366520264,-0.003261443810851387,-0.013041600152450967,-0.03196832922788497,-0.007834072486133449
2021-03-03,-0.024760647336876582,-0.011082728374520621,0.01914758314123805,-0.02735155294592514,-0.04590476781251401,-0.013334072160914822
2021-03-04,-0.015938130638149806,-0.00988559566723337,-0.015487563161804252,-0.0036537683973346703,-0.03452187276619789,-0.012452026908997983
2021-03-05,0.010681120779906019,0.0006286134207733884,0.002321885975575265,0.02125169818716851,0.007349335954268687,0.018229553589115117
2021-03-08,-0.04256693799929198,-0.010422315048141234,0.01316567718622885,-0.01834529493617595,-0.07222080071553456,-0.004991254375999309
2021-03-09,0.03984520328861557,0.02104806019448947,-0.007087650177464659,0.027713995308736614,0.07726963304769986,0.014176313175408387
2021-03-10,-0.009208909325487638,0.005085327698430273,0.021501958635863624,-0.005834453412989596,-0.004161853418203037,0.006205559167522044
2021-03-11,0.016368071650554396,-0.0008663865026826478,-0.005234958725525956,0.020062459729766818,0.04126345383724381,0.01008797289885865
2021-03-12,-0.0076546670758227625,-0.00018574519969141986,0.01178842480773543,-0.005836574910792457,-0.010638329345585567,0.0013459141580837183
2021-03-15,0.02416246232363911,0.004386867610048303,-0.0050077442366497525,-0.003995275171227281,0.025743077763508877,0.005945815421911281
2021-03-16,0.012662679265348994,0.0009244132771239594,-0.012043415273008598,0.012274732382862774,0.0075521221513585035,-0.001262247165844986
2021-03-17,-0.006471700322174064,0.0071195808075622735,0.010239447638002332,-0.0028226464438408858,0.003754887741680257,0.003404269018462524
2021-03-18,-0.03449309018467639,-0.0058269675795917875,0.016372087250862078,-0.02702380550814109,-0.04748893923658363,-0.014656548928452263
2021-03-19,-0.0044904533877481445,0.004174394816826358,-0.01604951495125419,-0.0016049137371406221,0.009641157396079708,-0.0018521522540468818
2021-03-22,0.027941789909604314,-0.0014713433816878438,-0.027246703249019167,0.024189582140602267,0.026161494139470554,0.007953146022772943
2021-03-23,-0.006912690090702514,-0.007327408483150656,-0.01005239718376436,0.006714959264354895,-0.008797488915177688,-0.007901720907397986
2021-03-24,-0.02019593675030229,0.003454859203276189,0.007731435299194051,-0.008963449247741187,-0.03327322256389784,-0.00509645431123626
2021-03-25,0.004154850025856594,-0.0036402714825327686,0.01273213345525187,-0.01333934209662347,-0.00855902501556355,0.005609973148001037
2021-03-26,0.005128190616948206,0.002839374216722469,0.016512959378729833,0.017661837100636974,0.023962006750203085,0.015986171328614008
2021-03-29,0.0014840252417690479,-0.011967328788777756,-0.015661308745006576,-0.005257147729809259,0.00845387484743384,-0.0005049600587991296
2021-03-30,-0.012350395297422108,-0.01723957501602924,0.011720524251963856,-0.014515758147513446,-0.005925627068119842,-0.0026567631441037553
2021-03-31,0.018591606587675898,0.015053975494509144,-0.014672045772545005,0.016766213413385862,0.03635035069041595,0.004045161207257711
2021-04-01,0.006934493150839864,0.012549018493591777,0.009675066298214796,0.027526080915461458,0.03413444897753618,0.01074132462681564
2021-04-05,0.023303631961083243,-0.00037046965366193687,0.005286788626719057,0.02735096214665045,0.012644193187214504,0.01425097393888889
2021-04-06,0.0024592639528008124,0.007996616729269289,-0.007055091765843601,-0.00486973819227816,-0.009048832605517632,-0.0005905311694489741
2021-04-07,0.01330162086441176,-0.0028223021365765604,0.015546499923264484,0.008196586518112715,0.0201400083201758,0.0011565249435147853
2021-04-08,0.019051184359633013,0.010694635856861524,0.0012255147804569545,0.01331636331759393,0.012192450344612226,0.0047355519722304725
2021-04-09,0.020049403536740323,-0.007566026934120144,0.007450237540601524,0.010214141491777493,0.005780431234287409,0.007243915761723667
2021-04-12,-0.013321843956796045,-0.006082067490100263,-0.0021135128072392235,0.00023441397328968628,0.05465914004975004,0.00036432647977148973
2021-04-13,0.02401616317868575,0.007061488473290135,-0.011998688654319342,0.010031306371830266,0.030467036997695058,0.00295946667440936
2021-04-14,-0.01801453474951711,-0.0043537794872208335,-0.018867318948249816,-0.011282502245216,-0.026005771221435207,-0.003420990480473152
2021-04-15,0.018535090175724068,0.0160335365383925,0.0063288554781045425,0.015182101101263038,0.05478179030924748,0.010685282128461072
2021-04-16,-0.0025308708505449983,0.0060295628147861114,0.007398412315542168,0.0047668409482340204,-0.01402530213338735,0.003336612536213984
2021-04-19,0.005055468743997505,-0.0027691247303623773,-0.00424939556945934,-0.007699839338840081,-0.035224475757620034,-0.0049250539321868585
2021-04-20,-0.01291315825987433,0.003550241996940974,-0.02239064101497689,-0.0018568589278189478,-0.012478243633661585,-0.007348415563324566
2021-04-21,0.0029259303398350344,0.009862362310853667,0.00847191173391448,0.008943159153268591,0.012397082536993722,0.009417429067714908
2021-04-22,-0.011754253781762584,-0.00650425423162094,-0.021282409517948242,-0.013172618711553175,-0.03378265600290345,-0.009174957120923392
2021-04-23,0.017877781494335,-0.0038387727937765547,0.01895485138419632,0.015357606216058351,0.0275622404682292,0.010783953533362929
2021-04-26,0.002973571107879301,0.002640755671589698,0.002460618102074824,0.0015304980555190075,0.013840739548122186,0.0020854460535257627
2021-04-27,-0.0024528226642450517,-0.0025205449092440876,0.004572262488745869,0.001604645516892976,-0.006238061798082249,-0.00021558010400432232
2021-04-28,-0.006045385616725443,0.002940064461277065,0.006458559896261507,-0.028693426185297268,-0.006849510373425186,-0.00028732979517640054
2021-04-29,-0.0007487572587232865,-0.004142547462168167,0.0192576430576432,-0.008085984330394183,0.003137159164070818,0.006352591296632026
2021-04-30,-0.015249007727859067,-0.003374702192485256,-0.00893212431058599,-0.0013075901505464598,-0.020785927284183377,-0.006592161124318437
2021-05-03,0.008181943721330279,0.01289485518814097,-0.0029301242299261403,-0.0012697140432784669,-0.011576116749924684,0.002154533866609825
2021-05-04,-0.03602695900961165,-0.007356686965198023,0.013729008931231192,-0.016291650325576862,-0.033270113857139134,-0.006188541196266601
2021-05-05,0.0019534528805868873,0.00413361336698124,0.013035502056956345,-0.005341516452051209,0.0074452951329672815,0.00031268823547960054
2021-05-06,0.012721286437773725,0.016542002735280385,0.019924399829214925,0.013140093459536253,0.004451049644134413,0.007954025467049302
2021-05-07,0.0053131338600943415,0.00895658735382193,0.0034169610705162322,0.01087242683298365,0.019721003902133164,0.007251623734558358
2021-05-10,-0.026143301461370748,0.0030259218728549953,-0.00012392381471830325,-0.021136040383972328,-0.03759304632429728,-0.00995176131875159
2021-05-11,-0.007437823413136268,0.0001742848474817966,-0.016762968036597492,-0.003850537962086981,0.002835175478572121,-0.008965046932780081
2021-05-12,-0.025254780014548433,-0.009983483413452903,-0.006899066292309736,-0.02980259879144503,-0.03903965131127494,-0.02147388547176847
2021-05-13,0.017761220570659115,0.004098917859921596,0.025397072690891587,0.016721317738131226,-0.006800848089889433,0.011940620458612614
2021-05-14,0.01965021370362989,0.009074563611959028,0.015422550993778109,0.020848589702159116,0.04140933082350028,0.01523875187186371
2021-05-17,-0.009301607077874263,0.011572105937362132,0.004015998783866236,-0.0120407982678831,-0.00545610539034928,-0.0025476120063366242
2021-05-18,-0.01130938305353367,0.0019442812059788442,-0.014189034484535002,-0.00860209529934264,-0.010627633964000963,-0.00865295896440732
2021-05-19,-0.0012824310359278476,0.0006853819629941132,-0.007667054078136387,0.0024710626586262,0.0035611359308145496,-0.002625411370919072
2021-05-20,0.020794424365437686,0.004556871795741219,-0.001739564573147261,0.013725586857850185,0.038134458020807054,0.010700467696739196
2021-05-21,-0.014877339835866584,0.00045446916842239933,0.011314072633361493,-0.005328911186384883,0.025622746295276944,-0.000818932852898059
2021-05-24,0.013226638220388174,0.001759487487714246,0.005395770719314061,0.022624252667781643,0.040539853430192035,0.010142547317024743
2021-05-25,-0.0015750449200605053,0.009031903514378268,-0.01038768542055115,0.0037412945486910935,0.002287205032222927,-0.002221024220182287
2021-05-26,-0.0003940875091673584,-0.0017435678186662285,-0.0001236706873697373,-0.0009140613990746755,0.003333858870661303,0.0019826220592449972
2021-05-27,-0.012453916850836381,0.0003940189892895408,0.015452022677298722,-0.008706291519373055,-0.01359534972627807,0.0005246747084629495
2021-05-28,-0.00536238074311042,0.0037630876338542248,-0.0006696034341161702,0.001482968378933945,0.047688537052027864,0.001787174059960336
2021-06-01,-0.0026517420633323935,-0.0026945732480542135,0.01096003896029735,-0.009173544956063647,0.0012306173608306705,-0.0008813532957641256
2021-06-02,0.0062565556664488185,0.004878526963101577,6.037003706566231e-05,-0.00040415131485100047,0.03109838600025079,0.0015717292740262362
2021-06-03,-0.012228745165607211,-0.019772420864664846,0.0006619544908554097,-0.0064503150431546915,0.011349088428804102,-0.003718474660456118
2021-06-04,0.018843525146828185,0.010725633264657355,0.0016236891390146412,0.02046383002354157,0.035230089551677266,0.009104245802526872
2021-06-07,7.938134235780564e-05,0.003999619209610979,-0.004697230514890921,0.011970250516716921,0.0023153034075753557,-0.0009705820513633191
2021-06-08,0.006649955844392756,-0.003096867753862795,-0.00399195061764669,-0.004897559551394434,-0.009236811386895083,0.00021296356995042807
2021-06-09,0.0030724191493022943,-0.0019193434836643904,-0.012563800853666937,0.0040302559677141145,-0.00544357256902118,-0.001492860677615272
2021-06-10,-0.008055518607915627,0.004285131517665339,-0.015711021838001733,0.014290785643675434,0.003838031959172847,0.004637532783854424
2021-06-11,0.009784492852135528,-0.011316177890912231,-0.0006864227168015723,0.002523630565802906,0.0227098527105097,0.0016510743997688
2021-06-14,0.024280539403574403,-0.005878166410042197,-0.017114848610919612,0.007725338321627323,0.010796905759771202,0.002236617453183176
2021-06-15,-0.0064584891719731245,-0.0037848631237422004,-0.015283805606359044,-0.005904669751153132,-0.01286087225372209,-0.001835801495557898
2021-06-16,0.0039263738153060305,-0.01703600368035545,0.00699963421437581,-0.003800290150381372,0.0012220390839770665,-0.005599002680767035
2021-06-17,0.0125221838874096,-0.03122282591641038,-0.029285133467401026,0.013583735007536997,0.04646098770562418,-0.0003318254120915741
2021-06-18,-0.010143144253237823,-0.005562705142465907,-0.025628603913708654,-0.005650370784991939,-0.0009923546456217583,-0.01358238617707608
2021-06-21,0.014005172929537298,0.012173251058176099,0.016826126901169112,0.01225940770362581,-0.011412150865143368,0.014214509242121361
2021-06-22,0.01261840503785369,-0.00420166857422807,-0.00146359595317795,0.01090636500485805,0.024630098507364882,0.005332034962727825
2021-06-23,-0.0020920217589178148,-0.0006618767987564016,0.006039801545205749,-0.0009046034419457089,0.008987109034201411,-0.001206049741483679
2021-06-24,-0.002171314476737904,-0.0006021199876096117,0.009156022325110032,0.005339064609580234,0.007748884480561825,0.005898314990750372
2021-06-25,-0.002251115138312377,0.003306999189259349,0.01004718322261127,-0.006281901579740034,-0.009127151331199556,0.0035457835379769146
2021-06-28,0.012468183474057955,-5.999643961855651e-05,0.0018160562714488301,0.013864748337365559,0.04891259908381323,0.00201392487646576
2021-06-29,0.011434446284867764,-0.010561034647227364,-0.0012320162983345889,0.00992398696983014,0.0020868879456937433,0.0005378954388471917
2021-06-30,0.0046106865971944685,0.004841763592293601,0.00904155272355389,-0.0018442641606978357,-0.0012114299978600762,0.0008414520372773822
2021-07-01,0.002260937854679496,0.0034354496150826534,0.009852419762305383,0.002580668027039827,0.010419001643336806,0.005521217441435639
2021-07-02,0.019406523761640156,0.0065369291506959725,-0.0009607278980050398,0.022030876019078872,0.013513987681716988,0.007614451724369797
2021-07-06,0.01461113809108986,0.004949187883217545,-0.016934268853376865,3.599826180216875e-05,0.010270743736876592,-0.0018230482294363968
2021-07-07,0.017796200216208567,0.0037995736126820853,0.001172730064525356,0.008142446763823852,-0.01591204292290475,0.0035277185080944346
2021-07-08,-0.009242332207459831,-0.0006520293887520076,-0.01740450442368216,-0.009007106041295171,-0.0232912143025531,-0.00818147809910254
2021-07-09,0.012970404190755036,0.0033150614410246745,0.0314983487804621,0.001872541494493531,0.007383638649636726,0.010618379003816993
2021-07-12,-0.004212295634827147,-0.0012418718351821449,0.014214417165894881,-0.0022332371983862817,0.02279299878530732,0.0035754796680208274
2021-07-13,0.007858011136842149,0.0013009357869861221,-0.014985214468457055,0.013111696246518114,-0.012879749848172991,-0.003414715945780677
2021-07-14,0.023814995899742397,0.010697757313475486,-0.0034109247255249063,0.00543027059945233,-0.02037897657934796,0.0014909544741781348
2021-07-15,-0.004502564315497014,0.00017546425482688882,0.002189390019465427,-0.005252312172826248,-0.045114884085558415,-0.003421227716298835
2021-07-16,-0.014175869947486382,-0.009751038308664079,-0.02310009345137649,-0.000996568462183762,-0.04338475349502401,-0.00787438687404287
2021-07-19,-0.027283302025446935,0.001179853512608669,-0.03306008995976042,-0.013411234215710256,0.03350295638581522,-0.014878285042566592
2021-07-20,0.02564256958828101,-0.0012979424872485647,0.018471801067728673,0.008304277353821827,-0.008972698758292916,0.014228811047204118
2021-07-21,-0.005144910450389689,-0.003726190289074976,0.02082247196793505,0.0074190509423114085,0.04198180388777371,0.008063718734240754
2021-07-22,0.009582414795849906,0.0019535411866020086,-0.012706257540350149,0.01670403032908028,0.009435048127678891,0.002091897711190569
2021-07-23,0.01191793396342649,-0.003139340880551927,-0.001923374679951748,0.012261192840345124,-0.001838964553860744,0.010235346545314739
2021-07-26,0.0028902425671507026,-0.0023758261058627853,0.006682258733288059,-0.0021425967820970196,-0.013590075736243653,0.0024517044164922763
2021-07-27,-0.015012535166415658,0.0016636888817755746,-0.001319244321470974,-0.008721675085007539,-0.0044675342957514385,-0.004567975106654377
2021-07-28,-0.0122710476736336,0.0050335632022407,0.0016490673391159707,-0.0011170702148025917,0.015241395670624588,-0.0004098839671735173
2021-07-29,0.00454207276441898,0.011044023020098688,0.008533161051036669,0.0009776431005434603,0.008119611112385261,0.0041388237991263725
2021-07-30,0.001509558479067013,-0.007918108309762988,-0.008006418951149449,-0.00556524264867701,-0.008324595588543603,-0.004868334103349199
2021-08-02,-0.0023336516968997445,-0.0012374082182159806,-0.004026750703038643,-0.0003158955877745236,0.01279025815199487,-0.002100404470366419
2021-08-03,0.012564829300482234,-0.0007077270423842932,0.011313606736490376,0.008042674044458683,0.003285751513395193,0.008102528683862143
2021-08-04,-0.0027861288980319185,0.00023593466942563418,-0.010850806238788539,-0.0021267602680553415,0.022900032772403236,-0.004930834429543825
2021-08-05,0.0007483354832558416,-0.003959922253451811,0.012550113869232007,0.010450993516915915,0.017746436844664277,0.0063129258345141995
2021-08-06,-0.00477836466771174,-0.025308704477345147,0.028007724651907862,-0.00020726902744404391,-0.013218987795665991,0.0016509283958548097
2021-08-09,-0.00034221759901004113,-0.017894816057729707,-0.0010801356769572664,-0.003911299837349058,-0.003492164804486253,-0.0008138531756147452
2021-08-10,-0.0033598803339420177,0.00030914743149373187,0.012192629822454292,-0.006576765033443996,-0.01784738737328142,0.0012433753592165032
2021-08-11,0.0017844047458454824,0.01369082807188368,0.011859379483988675,0.0017791287982309118,-0.011959243590845364,0.002481608645032178
2021-08-12,0.020560405170440596,0.00024383177142714218,0.0039016832534019227,0.009917418470115996,0.010403132528776395,0.0029923895836695413
2021-08-13,0.0014095943297278055,0.014224167163591615,-0.011250313133258034,0.010434890173417815,0.014117278814191857,0.001818343941449989
2021-08-16,0.013456615050666967,0.004975891262677384,-0.006585018675946638,0.005958074859774152,-0.01185909575784096,0.0023518324781578196
2021-08-17,-0.006172911575176404,-0.001496155150116038,-0.012154508485613816,-0.005173058068537145,-0.02497112492173334,-0.006576808019461378
2021-08-18,-0.025831940853018643,0.0007783092556947036,-0.009149257737347295,-0.006137750175806021,-0.02171612010632398,-0.01100546589222646
2021-08-19,0.002320639284648303,-0.0029367165231408677,-0.008390949610331983,0.020562342990420937,0.0390390865407154,0.0015472674067694317
2021-08-20,0.010105269994506333,0.0005400158455303154,0.0028479476936223713,0.025253862264877937,0.050141052210456394,0.007925654534082748
2021-08-23,0.010205199364361458,0.012104007439095057,0.012715896777179105,0.0009523675038046682,0.053409390439505246,0.008758070112451876
2021-08-24,-0.0006014222502374097,-0.0004742535717267673,0.006171179804215736,-0.006686012536152185,-0.007542737757156841,0.0015862963416430071
2021-08-25,-0.008457376362679094,-0.006961609676564189,0.020403302240040066,-0.002017425248718828,0.019088913539873565,0.0020961132856188703
2021-08-26,-0.005542162170069624,0.001133835388463418,0.00514420064082374,-0.009715670689924162,-0.006549193451434707,-0.005920830333476033
2021-08-27,0.007158685256528648,0.014917723322635659,0.008005090131771819,0.00210409505475943,0.02541322257688428,0.008901135670348895
2021-08-30,0.029963726953937442,-0.004947859047149437,-0.01613690212008044,0.012829266080841095,0.0022945345925610935,0.00438794061286482
2021-08-31,-0.008460410565402856,0.00200564206756742,-0.0030586619033823917,-0.005648457678975394,-0.01326887296432659,-0.0014826983497110745
2021-09-01,0.004468645486686688,5.88968847449306e-05,-0.0014388035309324868,-0.00016555963127466938,0.0024987054703725893,0.0005314094466022445
2021-09-02,0.0074472202709321,-0.002655242464544409,0.004622351116870317,-0.002255514316601597,-0.002007340457728076,0.003071875316665472
2021-09-03,0.004221633322983057,0.010637446088029513,-0.006063227786600956,-3.3232059686115184e-05,0.019762156337109617,-0.00024278657002110724
2021-09-07,0.01537056745193417,-0.019778020504279115,-0.001757335939720205,-0.003192898624455002,-0.00795513388555917,-0.003581797773767067
2021-09-08,-0.0101348003986251,-0.002507544166051433,-0.004469618878447224,9.969519126651921e-05,-0.014355503196729213,-0.0012191072822385404
2021-09-09,-0.006727453418305055,0.004413734414974538,0.004343860768005229,-0.0099083415803261,-0.007278273442415817,-0.004289316976237149
2021-09-10,-0.03366203663983415,-0.005071495164425335,-0.011562117558775169,-0.005194535537700927,0.013481357248575401,-0.007915691815190274
2021-09-13,0.003885749354577355,0.0033441618437189445,0.01576228275292477,0.004319436793426665,-0.014609067257668225,0.002555810544791942
2021-09-14,-0.009608294511262763,0.006417907636002404,-0.017607211724073757,0.009383738816549901,0.004054488470343608,-0.005411274551063128
2021-09-15,0.006125003343149213,-0.005881528710091136,0.006915832877373606,0.016639289717611114,0.004441074921889423,0.008318033394530444
2021-09-16,-0.0016116451325981884,-0.022902242747818987,-0.00044265582893583807,0.0013112529617277462,-0.004441074921889383,-0.0015863244402553932
2021-09-17,-0.01851849749063859,-0.0015862999324902439,-0.0025968434565432196,-0.017683837098483285,-0.0154957353374947,-0.009789056813366778
2021-09-20,-0.021592720647510624,0.007118755657039398,-0.030391062169725376,-0.01874948589752617,-0.036597741012581335,-0.016814582848875808
2021-09-21,0.003422407523831438,0.00664689654260444,0.00013042970642273912,0.0016977315766186839,0.006279659640002323,-0.0009451846408330897
2021-09-22,0.01673178716705911,-0.0037409995549623856,0.01897190159225469,0.012740479456671906,0.032188349815813734,0.009707682457374283
2021-09-23,0.006696408813741756,-0.011613566243419594,0.03324264334949194,0.003277011034575031,0.024358089783425938,0.012076689026003886
2021-09-24,0.0006128468799783199,-0.0012850982867509395,0.01147390088679586,-0.0007011771602427544,-0.017997653057662343,0.0016458040405700597
2021-09-27,-0.010605919843403214,0.0020798706668898187,0.023878660980156705,-0.017455561605353116,-0.01925039319772058,-0.0028649582578559405
2021-09-28,-0.02408932189200033,-0.009763940911599527,-0.005404349627188554,-0.03687536578397333,-0.04538159645410096,-0.020357710459618487
2021-09-29,0.006462155489785108,-0.0045149330127863515,-0.0007834052875126504,0.0016916401572416825,-0.008831660929047962,0.0016817457709054444
2021-09-30,-0.009355298577069624,0.01781698430701417,-0.013711915674013319,-0.007350935791152558,0.009652610908562606,-0.012297789977004947
2021-10-01,0.008094316787317285,0.0022505110921036547,0.020797322425536453,0.025149289410448073,0.001254306338252494,0.011814354327724756
2021-10-04,-0.02491364233216515,0.004667408258473528,-0.0010775676542326108,-0.02093725024788305,-0.04991886757260672,-0.012980107451135321
2021-10-05,0.014059451624864952,-0.004667408258473519,0.016198393422169773,0.019760469003013103,0.03578992138310631,0.010351431815171784
2021-10-06,0.006287214437951154,0.002669757352534067,0.002132259745117738,0.014951891513650365,0.012102168087456256,0.00414733315366593
2021-10-07,0.009043334191298349,-0.005285683868044846,0.006310482128591267,0.005919017342185631,0.017953687620009685,0.008608564567277464
2021-10-08,-0.0027251320075894793,0.00042627404378714777,0.000764090558269259,0.0,-0.011645479547330423,-0.00182535655570459
2021-10-11,-0.0006303111656676991,-0.0018893655741350408,-0.02125581903755261,-0.0021048716457353956,-0.006549976139047496,-0.007266068652495638
2021-10-12,-0.009144602382516834,0.004504271350483098,-0.007710764238061726,-0.00459909562512951,-0.0011603394083665782,-0.0024645979072552937
2021-10-13,-0.004249041756047612,0.01763773443447277,-0.02672074117933191,0.01164334893728781,0.012881535018333962,0.003591158929603528
2021-10-14,0.02002357300781811,0.0024434808580754102,0.015225157667352574,0.02150127732362318,0.03781657706129999,0.01668081502992089
2021-10-15,0.007484781532802141,-0.0160204917648545,0.019026323120172745,0.004811010361606935,0.005320039968297524,0.007586749804152098
2021-10-18,0.011736816329394075,-0.002482990902389477,-0.0003602492569335357,0.010073422987852267,0.016332861828483505,0.0029562551056545555
2021-10-19,0.014967860890695787,0.003208519186409284,0.012055560535072634,0.0030543059700894725,0.003055411850341043,0.007685219250905828
2021-10-20,0.003355377797062673,0.008725778175468667,0.013376083598346054,-0.002663778291139934,-0.008425057808940163,0.003919999909115455
2021-10-21,0.0014727568568193258,-0.0008991093021597419,-0.007874366812774586,0.010838559820938712,0.026299251495832624,0.0026049416145556737
2021-10-22,-0.005298642331516767,0.006098334452755203,0.01336175460758604,-0.005161838625427855,0.0014971042331544233,-0.001036820760608069
2021-10-25,-0.000336767822044977,0.006890365329616705,-0.004902115247627947,-0.003337369145746027,0.019176287343515383,0.005348639552936351
2021-10-26,0.004564329757406939,-0.007427027125168416,0.002687551008282809,0.006405091366780601,0.06480547627376909,0.0008993689068443918
2021-10-27,-0.0031522610724161212,0.0026206236403640355,-0.02104838138996058,0.04125175255368462,-0.010820197502213623,-0.0044398731212464205
2021-10-28,0.02468422211960177,-0.00023791366260843256,0.014962475949652164,0.003644734562384014,0.019841908666235166,0.009602653778574336
2021-10-29,-0.018322259613820877,-0.008544299301700552,-0.0027630003485067294,0.022166268453701222,0.024789578721796882,0.0020270216490188967
2021-11-01,-0.005623337111362577,0.005207004497418708,-0.0005299357390566614,-0.006807850902900479,0.01011797462530772,0.0017186781500803112
2021-11-02,0.0070906846782275825,-0.0021513131388870075,0.00393827907982624,0.011350974053574393,0.021981252418468468,0.004034972370514132
2021-11-03,0.009750904528669816,-0.0083501482773226,0.00035176595652697517,0.0026081952096942158,0.007434292046476504,0.006086784937084616
2021-11-04,-0.0035042940054768,0.011277125295739413,-0.013222707238251535,0.00727884221177826,0.1137059913392562,0.004701576599121201
2021-11-05,0.0035757287801720383,0.012978359326946427,-0.0014270679985001551,-0.0011302249022433813,-0.0016455985118736301,0.0034633873291717476
2021-11-08,-0.005568324746958325,0.003585184846901929,0.005992194142494513,0.0027636840544669242,0.03474797762146401,0.000853487529566469
2021-11-09,0.0024566506390367314,0.004916006634195484,-0.007600274919950389,-0.0030908399318899677,-0.004783421714317848,-0.0033110778379759065
2021-11-10,-0.019349166341008386,0.010800248284572371,-0.000953840832337619,-0.01544844241614865,-0.03986168405619004,-0.008077225781034798
2021-11-11,-0.000337922385765618,0.005586453042738802,-5.98239318569961e-05,0.004915297866647358,0.031114118046769144,0.0003233143713606865
2021-11-12,0.014235067380187373,0.0018934614978916627,-0.00448461688704294,0.012822496086368257,0.0,0.007518553985204086
2021-11-15,6.653430500826048e-05,-0.00154894492430588,-0.0017996370787956475,-0.0019322282165238965,-0.012083213867470424,0.0003422503105724603
2021-11-16,0.0066442893679564685,-0.007260156004477963,-0.007230386804385448,0.010183863820971478,0.005910865125497496,0.003950277043003979
2021-11-17,0.016355754386160656,0.009095692432078762,-0.0053968824211434435,0.0006783892269934034,-0.03168546687125086,-0.0024324371042689042
2021-11-18,0.02813659167196003,-0.0032143154449525086,-0.008671414427659034,0.00632009847569468,0.07927207102702197,0.003390723179473887
2021-11-19,0.016833614103250082,-0.007675708262916443,-0.013149335105792399,0.005376981857251955,0.040525222113936554,-0.0017897426121650493
2021-11-22,0.0029229814912252465,-0.02267561664312034,0.021090845398663523,-0.009605505190236872,-0.031692880117964915,-0.0028193173575118825
2021-11-23,0.002419084019406639,-0.008690053468478977,0.023631061844052628,-0.006346871296584478,-0.006593149616489624,0.0013254028522150902
2021-11-24,0.0032783186283589145,-0.0009569597921073518,-0.007875023043436923,0.0006808192797350171,0.028812748232604473,0.0026660864774097283
2021-11-26,-0.03219120321115558,-0.0016168462526691021,-0.030590125291257694,-0.024656897582607057,-0.03649686926278179,-0.0225555057473193
2021-11-29,0.02163781089549283,-0.0013795005365548109,-0.004332229871818459,0.020861990596048253,0.05775442235024786,0.012191950803128999
2021-11-30,0.031089409381453895,-0.006744546424564762,-0.014997482278921606,-0.018105592049213665,-0.021196248512042964,-0.01964950430524033
2021-12-01,-0.003211479834105166,0.003980006790395922,-0.005936233553304399,-0.0015436851965441164,-0.038596677989607565,-0.011169395609036714
2021-12-02,-0.006148454880669971,-0.005552205835401061,0.02080974655224911,-0.0017893517429337265,0.021743809635576396,0.01520031863645803
2021-12-03,-0.01179379099721876,0.008376819081740972,-0.01827921340323966,-0.019862681259335102,-0.045631020528048905,-0.008739509922857285
2021-12-06,0.02127484361910379,-0.0024635953850727986,0.011744660932742266,0.009796683441142592,-0.021604634506934065,0.011773922382694561
2021-12-07,0.03483249687321283,0.0035432060613326127,0.014935227040293517,0.026411673077171103,0.07656156654676054,0.020473620186186044
2021-12-08,0.02252730222816939,0.0005393685677794685,-0.011507254290294994,0.00014930866905185918,-0.018708028306329495,0.0026445560572032393
2021-12-09,-0.002974283821556426,-0.006130129283900702,-0.0015565965132362117,-0.005598064987902686,-0.04288482423460893,-0.00677445046101702
2021-12-10,0.02762800476004745,0.004211020685246302,-0.003996661434292348,0.027945714057831618,-0.009623011044131461,0.009369481406931553
2021-12-13,-0.020891052868393288,0.002518126917516811,-0.011959834309179814,-0.009209144848924442,-0.06983777789258207,-0.008897754527068005
2021-12-14,-0.00805534989094679,-0.009385206339641532,0.0076330834866738745,-0.033129683185537724,0.0062304443701533185,-0.006903952436824391
2021-12-15,0.02811028906906861,0.004282351988516796,-0.00750620660112641,0.01903557699078839,0.07221320260613924,0.015504358997229718
2021-12-16,-0.040055472341237845,0.012024970840539904,0.015517645893051123,-0.029567846157609705,-0.07045023293281813,-0.008857539021329611
2021-12-17,-0.006523120385539445,-0.002143116686188639,-0.023016871813123767,-0.003391410175686692,-0.020859289342152892,-0.010700216385420458
2021-12-20,-0.008155174530623853,-0.004240244730917084,-0.01815320741125647,-0.012086282869006947,-0.0029538803814731186,-0.010690303571917683
2021-12-21,0.018907255900213568,-0.00041897618344674124,0.01387008181544724,0.022806956026990243,0.04776055507213215,0.017603197916428136
2021-12-22,0.015202382894509758,0.00935611880010715,0.0039002357554810243,0.017896441250777852,0.011115978063888563,0.009949110682486759
2021-12-23,0.003637473294106623,0.002251481491211197,0.003567297176801141,0.004461630316002225,0.008130058183297038,0.006202835968977542
2021-12-27,0.02271466416428866,0.002364450476828884,0.005706806310898299,0.022920894648180663,0.04308669314739215,0.014052980597185995
2021-12-28,-0.005783670404598538,-0.004319380340024978,0.0030303943903683384,-0.0035104757461158717,-0.020337895329165606,-0.000817602233358585
2021-12-29,0.0005017974077652124,-0.0002965516280151311,-0.0005047162157402867,0.0020492286429184083,-0.010642871882314879,0.0012783574551544997
2021-12-30,-0.006600228657785515,0.007151581744182501,-0.0005045391901563991,-0.007720796994964011,-0.013929302289853151,-0.0027682646737004248
2021-12-31,-0.0035413937355636906,0.006808358432551388,-0.0008207166705915658,-0.008880652635143546,-0.005932583080602082,-0.0025234263522706008
2022-01-03,0.024696664961624086,-0.015503300973700684,0.02093522763204046,-0.0046792281803523395,0.023853931004399295,0.005773227426953387
2022-01-04,-0.012772920160787998,0.007339514803169255,0.03720880626699378,-0.017295496866029225,-0.027976538952592212,-0.00033513401576441674
2022-01-05,-0.026959909758078916,-0.003012197052209778,-0.018451447250018384,-0.03914423850413188,-0.05928548135889791,-0.019388926431522565
2022-01-06,-0.01683442916397396,-0.012319703780209438,0.01056807110511135,-0.007933085518327557,0.02058075821549942,-0.0009397775395354208
2022-01-07,0.0009879739921608928,0.004540812572282988,0.009859506071109284,0.0005094811940479296,-0.03359824629362495,-0.003961250025519304
2022-01-10,0.00011610416385941941,0.0030355936239956378,0.0009566642827057156,0.0007319499062877866,0.005599825277675391,-0.0012451939950104626
2022-01-11,0.016644395111442254,0.01199245713664559,0.0010153651423680762,0.0022568743894649675,0.015104426947078182,0.009067016828771453
2022-01-12,0.0025671116397720886,0.0026391371424113854,0.00565598294126275,0.010390794863060672,0.00652132835987405,0.0027000164714818683
2022-01-13,-0.019211506751214448,-0.003402771341298051,-0.0012475175809088085,-0.04324415549396577,-0.052197772688988446,-0.013874314486549088
2022-01-14,0.005097716304214315,-0.002883829150556528,-0.06343360213524052,0.017561406066800348,0.013715247739710876,0.0004087802089775137
2022-01-18,-0.019074833482946914,-0.0016516182679313014,-0.04283200453439137,-0.024640087807120552,-0.03932757341974868,-0.017868253161492043
2022-01-19,-0.02124898059037441,0.015755750605134237,-0.015589901754667712,0.002243901227712465,-0.03280650236703493,-0.010437910489634921
2022-01-20,-0.010401045196068048,-0.0025020112544038944,-0.00856410726235557,-0.005719472090443306,-0.03726797068902026,-0.011129823761487335
2022-01-21,-0.012847371105596517,-0.003267771913809988,-0.01762703803428253,-0.01864095328583111,-0.03266001569180111,-0.01982579244638391
2022-01-24,-0.004876268717703042,0.005479160681096094,-0.0008966078353347289,0.001148043076795728,-8.552858757364448e-05,0.0042377527998827885
2022-01-25,-0.011449917709360347,0.003192034576976311,0.010841495577251177,-0.02694842339015696,-0.04587640632973124,-0.012284158089479814
2022-01-26,-0.0005632720612336765,-0.01629856790431354,0.009441235340631356,0.028095043433559612,0.01986944413295361,-0.002511993560232752
2022-01-27,-0.0029474594531619875,-0.01298211532059733,-0.017802134748478707,0.010493764384188524,-0.03703789408886798,-0.0049500463503604365
2022-01-28,0.06745062517575144,-0.002987752337666492,0.008906688204850282,0.027694423947475674,0.04001959027570498,0.024531912664576307
2022-01-31,0.025790304152282804,0.005907056331230696,0.0134820647985578,0.00878519520702461,0.06958813977038576,0.017850861012154016
2022-02-01,-0.000973124108422408,0.0008325368758188378,0.017014688223795014,-0.0071645813369890475,0.006188487354737174,0.006734119528143783
2022-02-02,0.007019555466563356,0.00361943388995412,-0.008037484439461602,0.015107616603603715,0.024219334984528884,0.009667327270766522
2022-02-03,-0.016861136310218298,-0.0014224174555621005,-0.008304828539759517,-0.03973120189280564,-0.05262474403621724,-0.023785745325594722
2022-02-04,-0.0016806170651784285,0.0015408910869810946,0.025627525192539996,0.01544837673201071,0.015373341094806483,0.004691167812545743
2022-02-07,-0.0042435622495650745,0.007375317353577323,0.0033372578329830937,-0.01644482154041159,0.016678294847449034,-0.0032142503113073116
2022-02-08,0.018298351946265584,0.0030522079460774463,0.018640121892643323,0.011924064483899686,0.015250276852812798,0.0081939811553183
2022-02-09,0.008259550027877554,0.003393414275398407,0.004159486453280667,0.021599391696795117,0.0616643682592175,0.014530255176303521
2022-02-10,-0.023881691967480405,-0.0038037857675304026,-0.004159486453280591,-0.02878287863782437,-0.033546461700787934,-0.01812896209538458
2022-02-11,-0.020425747906902197,0.018875607865561438,-0.01310265636452915,-0.024573849886749568,-0.07537800291107498,-0.019915939482720763
2022-02-14,0.0014222600640643283,0.005336451777182292,-0.009333629138176378,-0.00013544021465694233,0.01319113091064187,-0.0032747750208053706
2022-02-15,0.022888340526412733,-0.009545260370239185,0.014517983626719631,0.018372606285056402,0.08783846065463281,0.01599852371004791
2022-02-16,-0.0013897834634198272,0.01023173130733765,0.0018081654194287585,-0.0011678648414963984,0.000603709819390031,0.0011199990560024021
2022-02-17,-0.02149855706299292,0.013575508168976262,-0.02330184733431638,-0.029719312860112368,-0.07860086581218416,-0.02159282496994502
2022-02-18,-0.009400014773634948,-0.000733724019731723,0.004677893357238713,-0.00967792188276896,-0.035934333523530544,-0.006496104042869733
2022-02-22,-0.017972649724697472,0.002086858856896338,-0.0017765525976336644,-0.0007294146609341456,-0.010715886236928481,-0.010789756500758578
2022-02-23,-0.026204676379438196,0.004497100140272996,-0.02116129603647563,-0.0262343258798427,-0.043828247544386065,-0.017897703585643413
2022-02-24,0.01654254002928877,-0.006471023453826176,-0.02823794829708125,0.04983110980905317,0.059017894870850546,0.014936922188060545
2022-02-25,0.012882367374368608,-0.0033362372759372606,0.02338389353837097,0.009190785884108321,0.017075905948959254,0.02182420802599476
2022-02-28,0.0016363226997504127,0.010311993951243732,-0.04259172686596285,0.0049653590271246,0.009393909700740945,-0.00256205028284494
2022-03-01,-0.011695999817181776,0.01800043176575384,-0.038459451646268294,-0.012935027761718829,-0.03794702124760462,-0.015347366197918539
2022-03-02,0.020379209912436788,-0.010460864384517259,0.020528184545431885,0.01760980292119942,0.03132780655421694,0.018229063963889493
2022-03-03,-0.001983263001516318,0.005935763844875876,-0.007133507757972525,-0.014326185352997513,-0.02111294096698926,-0.0049908530996681634
2022-03-04,-0.018579850832853614,0.015803608419049087,-0.028532369826373985,-0.020691450771856343,-0.03335771351101799,-0.008157810848962787
2022-03-07,-0.02400317343045182,0.014753495270293054,-0.03938138853508712,-0.03850882749521128,-0.07156239838519728,-0.029922529339412272
2022-03-08,-0.011745004025482775,0.026991429368426304,-0.0070679640851258945,-0.01103181457701572,0.007558357686024525,-0.007610337017887922
2022-03-09,0.03439911958840545,-0.030161495266205762,0.03928088089637803,0.04483763514550574,0.06739885984996548,0.026457545587052995
2022-03-10,-0.027562494331404425,0.003116366878477797,-0.011911301607018922,-0.010137762511193185,-0.015589792733972714,-0.00452586260068716
2022-03-11,-0.024199272675829452,-0.007052696024243029,-0.0227813572458881,-0.019517499880751486,-0.02493546684081007,-0.012796269428706786
2022-03-14,-0.026921773726054476,-0.01518847505814139,0.009881828194351275,-0.013045971921810468,-0.03546289354902928,-0.007335357459508064
2022-03-15,0.029245502145393724,-0.018882610033681094,0.01759040810630514,0.038011051035666446,0.07420518498302665,0.021752169805924437
2022-03-16,0.028602611650458305,0.006241285995487705,0.04371638683447429,0.024900422428394155,0.06418994433682294,0.021931872931322243
2022-03-17,0.006433349348371654,0.004876733952655098,0.012565304384418234,0.0028159421480553645,0.01096202305268183,0.012433253238791166
2022-03-18,0.02070309419410243,-0.008828710707897394,-0.0003568227734850659,0.017493557085827432,0.06589772432040891,0.01089341287027378
2022-03-21,0.008501422546920077,0.00761175501954624,-0.0032171474544646934,-0.004236057151405742,0.010566792439636362,-0.00029264001152140724
2022-03-22,0.02058716555796817,-0.007277189924242526,0.021044275288448468,0.016246509375852796,-0.00788636749426683,0.011633646158187386
2022-03-23,0.008200046397975322,0.013567209576051467,-0.020113837876509225,-0.015144203448938963,-0.03413029382088492,-0.012962160223388036
2022-03-24,0.02242444897957176,0.007234137513108609,0.00648887362995529,0.015275752064745443,0.09362767018725156,0.01496185783587702
2022-03-25,0.0037270634909115133,-0.004103860537691329,0.008704811958815867,-0.0013821243124224909,-0.016403619883469805,0.0048717214735090495
2022-03-28,0.005024093616337248,-0.018371517706821095,-0.007425948362981442,0.022853327230366524,0.01885190225195421,0.007087917818516394
2022-03-29,0.0189536791949571,0.00044668806848975184,0.0021980148204028085,0.015045750045984392,0.015367169861896,0.012294808393662307
2022-03-30,-0.006671887423817321,0.008006283379257595,-0.0045434353146667755,-0.004926613735329923,-0.03429125148085051,-0.00619375268326765
2022-03-31,-0.017935642159283914,0.00038752078804877134,-0.030486918237136396,-0.017841230417004455,-0.014697626262675359,-0.015511073443878058
2022-04-01,-0.0017198293479770421,-0.00638621587890147,-0.007436852940247151,0.0035938221247445844,-0.02126081743955702,0.0028300644709328797
2022-04-04,0.023417609590711513,0.004835061682683925,0.00442450445416505,0.017777692682010324,0.023969103707231244,0.008530071779842382
2022-04-05,-0.019124014242763155,-0.006284549046099261,-0.01170565234226786,-0.013070435550567439,-0.05364278141990573,-0.012711784347280966
2022-04-06,-0.018622973628255542,0.0023404756196963713,-0.013971309883991166,-0.03729233883675678,-0.06056934762944265,-0.010049677876201226
2022-04-07,0.0018024416208006794,0.0037777415804506904,-0.0030467046877499316,0.0062239020712599276,-0.008186684935303331,0.005026324578934362
2022-04-08,-0.011980401755623078,0.006246419748615932,0.01814252818913159,-0.014707154624306995,-0.04602852386769963,-0.0026775573336142414
2022-04-11,-0.02584732120995466,0.004947206140849894,-0.0036775354094240862,-0.040230306989966345,-0.05339203453255783,-0.017239959287024136
2022-04-12,0.0114577424575215,0.007647435301758943,-0.011038270320269829,-0.011281042986586437,-0.019023852370432387,-0.0037122311754443442
2022-04-13,0.01621053384526413,0.004777109287769396,-0.032764311600145334,0.01952032126288728,0.031988685686735005,0.011388607865543405
2022-04-14,-0.03044729235604358,-0.0033090194372706765,-0.009312643438192833,-0.02745789349811821,-0.04349422492580577,-0.0125299275262159
2022-04-18,-0.001331649138144058,0.0030924062818564585,0.018383751159453798,0.002462490506848633,0.024396467298705277,0.00041089850100089684
2022-04-19,0.014016437327853537,-0.015228268112133887,0.020495140739853937,0.016896231854585667,0.018872337451849366,0.016013897253556706
2022-04-20,-0.0010159641262638016,0.0048830061930919995,0.003502294215305204,0.0037087340367494693,-0.03278673252746961,-0.0007416745096566188
2022-04-21,-0.0048553928917014315,-0.003563943502360224,-0.0077821349282643565,-0.019571783936490575,-0.06237485705226499,-0.01506665273849047
2022-04-22,-0.028215641385447496,-0.009769661352400816,-0.029143109873253855,-0.024440357798575594,-0.03365737600859303,-0.027822640378193243
2022-04-25,0.006714711225357124,-0.018134432520229594,-0.0003155434819827381,0.02412013160153876,0.019637051859150403,0.005780646945596442
2022-04-26,-0.038042834040585095,0.0015238553873300224,-0.03002747116160573,-0.03812115464898876,-0.057601921605216246,-0.029388151748099386
2022-04-27,-0.0014678573442899496,-0.007585723242633687,-0.013091317495370725,0.04698735768135625,-0.020052920480184165,0.0028078183451677842
2022-04-28,0.04416580469088768,0.0053838047894630165,0.01568923583921846,0.022380116436660765,0.0716071643534539,0.024945523958380632
2022-04-29,-0.03729181559235795,-0.00011298334784093811,-0.032800555348229066,-0.042710969168412674,-0.0644642753640003,-0.037655863151459384
2022-05-02,0.00196479994331188,-0.01871452290294498,0.009090541565325334,0.02473459340280644,0.05179723176034415,0.006001561303655792
2022-05-03,0.009576493287327046,0.0026457593569150124,0.02119341265168016,-0.00950115166819223,0.0035259533960680296,0.00457348573672103
2022-05-04,0.04018983866029919,0.009774616775434711,0.03254603289843151,0.02868549336228152,0.03666291909924481,0.029998536323809284
2022-05-05,-0.057328674579260275,-0.0038184194446891804,-0.02533801750614214,-0.04453171118439587,-0.07609975526604223,-0.036189967280859686
2022-05-06,0.004716180427574404,0.0016545049194706565,-0.0016152205389515192,-0.009491644720392272,-0.009008865302860953,-0.005986689802588475
2022-05-09,-0.03375230185722226,-0.014585347642546313,-0.015148048366902787,-0.03764489919346474,-0.09691775820056943,-0.03254109430205443
2022-05-10,0.01598348820153293,-0.00848106565352078,-0.02467425058582052,0.01842455960498797,0.03734658337161159,0.002307913916583776
2022-05-11,-0.0532333837939702,0.008133958004822058,-0.00632826085482946,-0.0337738227553626,-0.056406435415093964,-0.01601363459826349
2022-05-12,-0.0272624999983538,-0.015452706170676834,-0.0008468687347093773,-0.020159494654173455,-0.027741160039613015,-0.0010444602231383508
2022-05-13,0.03141774587525747,-0.008142627698810948,0.008855914699552735,0.022344856832385927,0.0904364766839788,0.023626490681372347
2022-05-16,-0.010729788171155169,0.009493279652076629,-0.00699376353932583,0.0014542593939033902,-0.02528014204544499,-0.004065788883529613
2022-05-17,0.025104750209146494,-0.006299094085683991,0.03260963713977442,0.020140111249662914,0.05153365112598122,0.020361681734043083
2022-05-18,-0.05807312970742159,0.000531343704844183,-0.017253783069090145,-0.046598817823648116,-0.0705974119982029,-0.041146594166073275
2022-05-19,-0.02495016877896966,0.014590277160260899,-0.01493326053417296,-0.0037062434155663653,0.01092144338428075,-0.006143469350996947
2022-05-20,0.001745912837694487,0.000697767757192036,-0.00823270471612587,-0.0022940101531113465,-0.02543171364777008,0.0004363838559870019
2022-05-23,0.03933549397877798,0.004639589893868967,0.06003306116166991,0.03152949692671194,0.012145969466339099,0.018537287709007946
2022-05-24,-0.019403329100428093,0.007493711725538028,0.014026330308972278,-0.003959369810877175,-0.045027648099673113,-0.007663170875344515
2022-05-25,0.0011392900861465951,-0.006048248796558386,0.0069400385442275345,0.011108294157545967,0.04957395869716142,0.008796227964042535
2022-05-26,0.022934644043665367,-0.001850609639927292,0.017142486813750718,0.012793141652758968,0.05031790030433277,0.019784326506953637
2022-05-27,0.03994813505409193,0.0005208853826908474,0.014038673935952003,0.02723030790870933,0.05238240233333778,0.024252732029554705
2022-05-31,-0.005360672621762261,-0.009942270255165302,0.0072867550142277976,-0.005026549482492535,-0.007416873156139429,-0.005626783773553145
2022-06-01,-0.0008738326372249996,0.0063488366174163004,-0.017701009054367126,0.002020862027561388,-0.01903171897951353,-0.008121423752709722
2022-06-02,0.01667152569919759,0.012234040087981134,0.015960035229346928,0.007897407844216633,0.06712812480058672,0.018864415680014755
2022-06-03,-0.039318376883887944,-0.010203900438868029,-0.014037475910354515,-0.016746287818903954,-0.04552901923744412,-0.016547640033171877
2022-06-06,0.005214042368418697,-0.004413447852864014,-0.0033090058191499994,-0.004714514846545298,0.003519631760440513,0.003040193098716347
2022-06-07,0.017432808816271593,0.006497267812168451,0.00261741923499204,0.013857036273039507,0.007424834043932246,0.009546426973014391
2022-06-08,-0.005056015977224825,-0.0009256257836888652,-0.016042652134031263,-0.007699271570957261,-0.014586447893953577,-0.010931800087918709
2022-06-09,-0.036617855180414265,-0.0031883338247287547,-0.021239599163561884,-0.021002490387804523,-0.03270407559744427,-0.024070242551813684
2022-06-10,-0.03939466487403621,0.013323135228160962,-0.04705599457454615,-0.045586920194714206,-0.06135201689617245,-0.02942435537861418
2022-06-13,-0.039036856087897344,-0.02676735882447253,-0.030230624523148373,-0.04333855033199669,-0.08140358891996442,-0.03870776600098635
2022-06-14,0.006650586092284289,-0.008035407203286724,-0.016779322553006945,0.009163029910620919,0.01200647009500852,-0.0030180145008042608
2022-06-15,0.019911717132227124,0.012966509676610984,0.011766433998802128,0.02930175320424773,0.04270957081976225,0.01415563276780601
2022-06-16,-0.04045931331676364,0.011180446816136464,-0.017305317866234987,-0.027340335765414128,-0.057660352527414485,-0.03365587766090144
2022-06-17,0.01146758531700451,-0.008256810144045654,-0.003532501230564795,0.010880565100259268,0.017725394319788413,0.0021536487773639946
2022-06-21,0.03223520999482031,-0.0037437854344901486,0.024470204109599502,0.02429380840546017,0.042291908616131704,0.02486160914627291
2022-06-22,-0.0038342021469454776,0.003977268335422712,-0.005627490356804296,-0.002407065817798766,-0.012513090470801482,-0.0018144536013783865
2022-06-23,0.02134426877075907,-0.006148118298448717,-0.010999559632462932,0.022383988130658384,-0.00828592957158917,0.009754870069866032
2022-06-24,0.024221340267138135,-0.0009989609969459391,0.029408801903152933,0.03357952269047247,0.054044322648518626,0.031298674069136466
2022-06-27,0.0,-0.0011176944418580068,-0.008044551051471461,-0.01055200437285782,-0.01512009531522309,-0.0038269820736939893
2022-06-28,-0.03024222562120189,-0.0016493806069405818,-0.004823427196828415,-0.03226399139841888,-0.05401435999387452,-0.020644400279824088
2022-06-29,0.01293968773514665,-0.0007666517068580592,-0.0044997569408171175,0.014630241056928815,-0.02791721371743184,-0.0008147412056674783
2022-06-30,-0.01819233855336349,-0.006095587698335223,-0.02360690511743685,-0.01326666238263411,-0.0249514657452319,-0.008157487854485859
2022-07-01,0.016035378605677775,-0.0008313996785857856,0.012706430906298556,0.01065059209873041,-0.042860871166757734,0.010520971525647614
2022-07-05,0.018753283541661864,-0.021437799680384485,-0.003810958572293734,0.012518583202583655,0.02991370186766792,0.0018868908963137147
2022-07-06,0.009561434864150615,-0.01596901758740465,-0.00650308370253445,0.012701579269793985,0.011032147058681897,0.0033715043778370134
2022-07-07,0.02371599448044093,0.0005548992912700342,0.024978167931033763,0.00819347466911466,0.04699463191049129,0.014866130778104615
2022-07-08,0.0047035613538612105,0.00043143823725389326,-0.0031430871640324085,-0.0027607843616085375,-0.0012618784952750216,-0.0008228776968148379
2022-07-11,-0.014867663485856298,-0.0053749265251639535,-0.013203275336567993,-0.011838541019968177,-0.044279720521723145,-0.011489406534554924
2022-07-12,0.0068104206739305175,-0.0037236489059839332,0.0009743338632916754,-0.04184501697280986,-0.0046304670956559026,-0.008888343746091664
2022-07-13,-0.002539790993553428,0.004776265963686179,-0.009427258463552161,-0.0037520340733431935,0.005422210222055362,-0.005265282271766949
2022-07-14,0.020275307703336333,-0.014146649261641277,-0.035563798434918324,0.005366959648408243,0.013623507536115773,-0.0024315577111933694
2022-07-15,0.011385446727562051,-0.0020104758163567997,0.04481385464890138,0.010336797782204135,0.025054199176590932,0.018924850536670593
2022-07-18,-0.020859627014479874,0.000942949789432323,-0.010323147776139087,-0.009667863500049464,0.021279386190858028,-0.008290995840549346
2022-07-19,0.02637100626507123,0.002384623832616704,0.02447662993992628,0.020554285524963897,0.05386135118027011,0.026660361922406686
2022-07-20,0.013419671246412235,-0.009446509339211243,-0.0001744503958596639,0.010502149600693567,0.04684884602007053,0.00635289016772612
2022-07-21,0.014981439915437027,0.01401179660226555,0.006786775193484652,0.009751412636470218,0.013554012016740521,0.010131599346206865
2022-07-22,-0.008143895240537954,0.0024926409954947677,-0.004867961304178119,-0.01706062715197021,-0.04134142606578815,-0.009321268964190926
2022-07-25,-0.00742574886548551,-0.0027423043036363935,0.0040005042697213306,-0.0058937676930238565,-0.01717999388093413,0.0012141845325041138
2022-07-26,-0.00886565566909879,-0.001186514317386386,-0.015745548684846178,-0.027139358580624003,-0.0292655091158722,-0.01190149546950817
2022-07-27,0.033661901612867494,0.010133467249785824,0.015918824361724735,0.06471226451711637,0.07327805717593915,0.02563501214315947
2022-07-28,0.0035654826588220187,0.01211168004371747,-0.0037381823189136945,0.028140976427433476,0.010845705464540915,0.012464270556393812
2022-07-29,0.03226667900220436,0.0028071459585694595,0.004779092381008737,0.015543567333719739,0.009904315925078521,0.01447357191834203
2022-08-01,-0.006172333546527582,0.005651232868696488,-0.010019048893716883,-0.009771807672210557,0.015189892761223858,-0.0029655083277148266
2022-08-02,-0.00933101270186372,-0.005955990148902209,-0.015707782259625873,-0.0115408357997595,0.004598508079369968,-0.006619436139316123
2022-08-03,0.037534523932825005,0.002435276067987767,0.010440518536276469,0.02745602714796164,0.01961627050034413,0.015538211694931435
2022-08-04,-0.0019280821617688579,0.016404693683584038,-0.01106339741972887,0.004168634050385643,0.016899786750935012,-0.0006758532322699453
2022-08-05,-0.0013900400362466345,-0.011309781450742627,0.029811051547181118,-0.0026120504414335354,-0.01183128439375956,-0.001691556524400772
2022-08-08,-0.002907294445870876,0.008434348290836127,-0.012255400115313694,-0.00919706928603155,-0.06505493361437578,-0.0011615893257479035
2022-08-09,0.00030334181482124986,0.003054867797077557,0.008967269093676752,0.007038846945765189,-0.040545467951612374,-0.003978792942641841
2022-08-10,0.025857349571125014,-0.0025151110588634198,0.025753341845578506,0.0240094578046156,0.05748678858839214,0.020786385557265873
2022-08-11,-0.004441505889936871,-0.002641706914863643,0.014673421966202175,-0.007428183041473776,-0.008602153193992252,0.0
2022-08-12,0.021199364008152994,0.009155976822720392,0.016428278210927034,0.016893530821392406,0.041860576619540873,0.016787302782183027
2022-08-15,0.006313342629026397,-0.012950528089989187,0.0026985357820923407,0.005329824070283612,0.017117081245206445,0.004112202351337802
2022-08-16,-0.0009240730828646002,-0.0017516299628300418,0.009508733862092143,-0.002592812016786095,-0.008071355980231527,0.001957003999263181
2022-08-17,0.00874623142464644,-0.006489345947105167,-0.00844772428323807,-0.0026398717779578225,-0.029238642361649036,-0.007123480895487398
2022-08-18,-0.0022943320918905235,-0.0026198444873023344,-0.007779808878009277,-0.003955332085217057,0.02360783869479325,0.0029021944112917987
2022-08-19,-0.015216994161365842,-0.007347552958114958,-0.025056499028973996,-0.01395083727535174,-0.05047219176096638,-0.01352904301961134
2022-08-22,-0.023298835719958687,-0.00665930336783302,-0.016659710376349845,-0.029794497937836614,-0.04673598913239454,-0.021042376091759293
2022-08-23,-0.0020309489806244435,0.006966551217581505,-0.00990577597177462,-0.004727547950217522,0.008592826140263004,-0.002422231882845197
2022-08-24,0.0017921950672998587,0.002944580504679446,0.002420821233135751,-0.002354188511289528,0.002383371996498268,0.003195919162390304
2022-08-25,0.01481253939468434,0.0030581063588208724,0.02347021198705776,0.01103428089142422,0.03933906301084123,0.014018962964103213
2022-08-26,-0.03842833753383303,-0.012227153201929956,-0.03327635403024743,-0.0393516109733608,-0.09681837383952208,-0.03443527871848099
2022-08-29,-0.01378508475546286,0.0006180465249853886,-0.0024447792638482148,-0.010725009189971178,-0.028635215067645842,-0.006633936900608299
2022-08-30,-0.015423128625135916,-0.008375556136480044,0.0001748985861482547,-0.008557781880680671,-0.021299615936117115,-0.01103890988199705
2022-08-31,-0.010692074764312722,-0.0077553096129762645,-0.005961204683322009,-0.005720181639342139,-0.024476279829863997,-0.0076379404820783306
2022-09-01,0.004695720544211612,-0.00882902347465035,0.0068348005947505616,-0.004100878724753711,-0.07975003561115529,0.0031329477988358695
2022-09-02,-0.013704630482190802,0.00876617372318804,-0.007010818585538793,-0.016806861764913927,-0.02102741628214057,-0.010600421542084884
2022-09-06,-0.008249025936759889,-0.005856578259356107,0.00026386822282742497,-0.011034764840328545,-0.013425970490633174,-0.003780309473121216
2022-09-07,0.009211151940691041,0.010117286090114818,0.018812635890358823,0.018931129633654138,0.01862050195159084,0.01780561607647135
2022-09-08,-0.009664076356495906,-0.006020378897494643,0.023028698534070063,0.0016649057468150607,0.019925446803814213,0.006514947315122096
2022-09-09,0.01866406558809867,0.005269846503477033,0.0047944251846817765,0.022716949998978442,0.027982403517505763,0.01541590292319925
2022-09-12,0.037785182318618375,0.005055386193321507,0.011762615043475217,0.008246911973361925,0.008168401469649016,0.01069030942983136
2022-09-13,-0.06047143081361528,-0.013096728906648173,-0.03536693397270521,-0.056547549857303314,-0.09951767330578885,-0.04445621988406056
2022-09-14,0.009509977958966086,-0.003855034555311845,-0.0023223411777187194,0.0009121621664863141,-0.00022830338790043805,0.003808629227126057
2022-09-15,-0.019111468472752934,-0.018855801737618274,0.014957919429847318,-0.027493478350192394,-0.015274624132848354,-0.011418318847410909
2022-09-16,-0.011020425437575134,0.005533767627080334,-0.0067245855354864355,-0.0026116386232155654,0.020592486523668123,-0.007658170842735877
2022-09-19,0.024773081583349295,0.0007697907679810017,0.00918204716981383,-0.0008992721791326133,0.013845195458612443,0.0077250882480397
2022-09-20,0.015544374336193365,-0.005722932055293624,-0.019915996950111772,-0.008501758002489965,-0.015513617106361673,-0.01154501393999619
2022-09-21,-0.020475938198693294,0.004632228320962459,-0.029259387431925778,-0.014541137041547006,0.006430459663965524,-0.017597786790048586
2022-09-22,-0.006395744851933712,-0.0005778441890031698,-0.011443965707634314,0.0084595945658048,-0.054230553348734965,-0.008435200398122872
2022-09-23,-0.015239265918334681,-0.017427816406674814,-0.018788795941919574,-0.01277937861219577,-0.003588940386494271,-0.01689672022369026
2022-09-26,0.0022578184304438936,-0.01170141432179742,-0.021767204632871042,-0.0019773533522603535,-0.023279546667438804,-0.00994212529169737
2022-09-27,0.006544635963446402,0.0020477436877313054,-0.008841383881731788,-0.0043895758622788114,0.015016022654310467,-0.002555902330657499
2022-09-28,-0.012732261699842184,0.020573557832177892,0.020015663996805915,0.01951976245246234,0.02568828144445478,0.019485297669232807
2022-09-29,-0.05036643184011029,-0.0001939471718055397,-0.017091030457323315,-0.014919573564321872,-0.041358705840796345,-0.021110356588417773
2022-09-30,-0.0304996342710775,6.462035224685361e-05,-0.015760500063174497,-0.019558567410905954,-0.006650589553123806,-0.015584287032744455
2022-10-03,0.030288821263504764,0.024019005945363412,0.030441071119201687,0.033108277166899014,0.03026495786431079,0.026058661150273558
2022-10-04,0.025300572546260034,0.014226444596111972,0.0457221668869554,0.033253464944469416,0.05102530788752461,0.030516305419650728
2022-10-05,0.0020513413616043688,-0.005553659432976476,-0.012423549607737982,0.0012848238902434825,0.003184679171307672,-0.0023308535165273863
2022-10-06,-0.006647732007872853,-0.0011269264553861384,-0.02059284988799046,-0.009718018700187972,-0.005998508611218854,-0.010369345528725966
2022-10-07,-0.03740986587371032,-0.011023386142689101,-0.020176364613828237,-0.05219141517593934,-0.08367953649370796,-0.028290480491926565
2022-10-10,0.002352936660830455,-0.015318203217156916,-0.009385266981796628,-0.021533079792660833,-0.034198696174399495,-0.007664290616355303
2022-10-11,-0.010307943436275864,-0.002060212330939929,-0.029284446402061706,-0.016892211645754704,-0.007223888110035073,-0.0063533732239515065
2022-10-12,-0.0046154251147601365,0.005335071671709423,0.016053284369627566,0.0015071313822261313,-0.007450648975617291,-0.0033038608146512207
2022-10-13,0.033060165921845616,-0.006947611087114204,0.054102826146024206,0.03691816005618941,0.03922069399090711,0.026048770369912613
2022-10-14,-0.032771378519948255,-0.012537160793022467,0.016503852355004338,-0.02454767134172104,-0.06324627942424543,-0.023052296967654876
2022-10-17,0.0287069022734423,0.0028720806307473926,0.041141885059793895,0.03849525482049472,0.057207986155409604,0.02537237659479116
2022-10-18,0.009365342353231791,0.002148660090392182,0.025395517442230998,0.004075375371319497,0.006623532517640669,0.011680970306032936
2022-10-19,0.0007647703248797057,-0.013488925988338462,-0.01980096486688274,-0.008505702543982283,0.0069946211326083,-0.007111570081555621
2022-10-20,-0.0032721361632399274,-0.0015834633753089122,-0.0032669094248787742,-0.0013964710531112856,0.011796541836506209,-0.008420670491009908
2022-10-21,0.026699451364738853,0.01767059741452654,0.05119428346727937,0.024966185121655503,0.022060821822689317,0.024010973162496792
2022-10-24,0.014694071698110565,-0.0032488658845126403,0.0012264188466890387,0.020966705238337425,0.01061258612083763,0.012162010653320399
2022-10-25,0.01915317675480452,0.002275353560635257,0.002611456616517639,0.013697380119162772,0.05120986098730418,0.015842410976811997
2022-10-26,-0.019822574673026706,0.006343446354353355,0.011426034234457169,-0.08029538941610838,-0.02791028606262137,-0.007562627660753365
2022-10-27,-0.030938912440786788,-0.0015497241473593686,0.00394021714701418,-0.01995396219214023,0.02147982639865572,-0.005354048910973991
2022-10-28,0.07283462862136675,-0.01026317410117862,0.011808211869918307,0.03943279247314773,0.04873238300698537,0.02351196185283001
2022-10-31,-0.015530514048392209,-0.008194886192774814,-0.0015878306981769012,-0.015983248510808012,-0.024661728485373433,-0.007249665419341942
2022-11-01,-0.017698508308332046,0.010151726172797497,0.017872474790571306,-0.017206617133443843,0.0034024172785231737,-0.004385358275205532
2022-11-02,-0.03801866248230394,-0.006996970202892216,-0.009250589307881316,-0.03600887684229602,-0.024214855386854684,-0.02541655804203687
2022-11-03,-0.04333013056606599,-0.003813297433937162,0.0018097564425147996,-0.02693851968423275,0.015165460237456503,-0.010350218986616186
2022-11-04,-0.001949310065200447,0.0302345832528433,0.02699087134088678,0.03278225451977257,0.05331798818369185,0.014290595402827604
2022-11-07,0.0038948277120714157,-0.003970260739379374,0.005266272145919135,0.028849546398510516,0.010190742323352086,0.009519958980537976
2022-11-08,0.00416615552943884,0.022836328940686813,0.0006087490200356229,0.004378833226472289,0.0208292385982139,0.005381094885625993
2022-11-09,-0.03375329565549215,-0.005029894759161607,-0.01309404347041413,-0.019233986535671904,-0.058230592840134834,-0.020817370810721894
2022-11-10,0.08523652577039505,0.029990153003992607,0.040334727221383954,0.07905893398053092,0.1339124044620569,0.05349754977572045
2022-11-11,0.01908559011631174,0.00658459794711783,0.0016273289766504714,0.016854487635183168,0.03597999077932976,0.009631785123855234
2022-11-14,-0.009530981840930888,0.0021852662272774694,-0.010326486723605307,-0.022757062210285575,-0.0019619551510100855,-0.008542982678212848
2022-11-15,0.011799557662651736,0.0035106980811025834,-0.007269914292032564,0.0017371437156338534,0.022512389499881512,0.008492745302590076
2022-11-16,-0.008366003353096275,-0.0022987420952167376,0.0013528030607013449,0.0018219120392318567,-0.0464230342890202,-0.007658057552286006
2022-11-17,0.01288777381926326,-0.007293959961673216,-0.00436636517341756,-0.00020686395134484532,-0.014753037336989063,-0.003064582819964446
2022-11-18,0.0037748231553997817,-0.006917507382313755,0.009760466043888024,-0.0019051848423431374,-0.017242894384890264,0.004530253903117497
2022-11-21,-0.021918643979498796,-0.0056056352070885974,-0.005919966582297484,0.0034350174700117937,-0.005988515287650024,-0.0036427239720098546
2022-11-22,0.014554676023759271,0.0011730356909015207,0.014845955215838171,0.012236360225837989,0.045997633824948744,0.013367158206414063
2022-11-23,0.005908683289040232,0.006212503317279542,0.010606972683935498,0.010352930069385612,0.029549949610799882,0.0062818993990073815
2022-11-25,-0.019788079354601737,0.000858102340972588,0.0019034149391623427,-0.00036337023505651447,-0.015188113323020312,-0.00022373213023012546
2022-11-28,-0.02661518086368123,-0.007934893665371402,-0.01763298520301612,-0.02342490749260839,-0.027605413345562945,-0.01608579015523233
2022-11-29,-0.02137506993737791,0.004928261563008794,0.016315655077142856,-0.0059324742864877884,-0.01194966281902436,-0.0017187825972481347
2022-11-30,0.047449979534054595,0.012700921015012894,0.011793180394645943,0.059799400554983104,0.0791618745391811,0.03101439244797998
2022-12-01,0.0018897783149804575,0.01821784239630758,-0.01413909641959685,-0.0017652352838789993,0.012449522751974728,-0.000736157211945068
2022-12-02,-0.0033768213610840397,-0.0034616677176241193,-0.007958804722093163,0.0012948063785544212,-0.01523083446314359,-0.0011541757279229746
2022-12-05,-0.00801536863087051,-0.01730780530272015,-0.02844159004691115,-0.019081259260378017,-0.01588750269801401,-0.018153028206079603
2022-12-06,-0.02569722187374389,0.0027336344458788004,0.0016734367954608098,-0.020512681126701234,-0.03822907739480281,-0.014519632771257238
2022-12-07,-0.013880874222900283,0.008998493556537802,-0.0006844786911782873,-0.003064547520535855,0.008284928357401153,-0.001702733012360016
2022-12-08,0.012059611204401209,0.0008413425277820795,0.010439853227168177,0.012322952648638225,0.06304465137432962,0.007803301590915889
2022-12-09,-0.003440915211594479,0.0035378943750204003,-0.005433050684965546,-0.008035325750942625,-0.009833430591395043,-0.007498155253313294
2022-12-12,0.0162574584882422,-0.008294841833501867,0.015392399865966676,0.02847982756053966,0.030926758682659775,0.014314325371828859
2022-12-13,0.006759192147311306,0.016936889733695327,-0.0009692881369920714,0.017313881598214894,0.03016501800092275,0.007541403900012095
2022-12-14,-0.015657719782036644,-0.0024359858905979824,-0.005009405999031923,0.0011670595499447146,-0.0222690743473106,-0.006414095902960248
2022-12-15,-0.047987355065623204,-0.016494600382901816,-0.02512381235179417,-0.03243887698058614,-0.0417089315184092,-0.02476579175101793
2022-12-16,-0.014686151865631492,0.008671019495160068,-0.006245450466801333,-0.01750076891660905,-0.022731508389049783,-0.011876558852943638
2022-12-19,-0.01603757067954068,-0.0028218082489996433,0.005937995798161823,-0.01748012222623978,-0.01931525118327488,-0.008515727170303748
2022-12-20,-0.000529064341689715,0.016458298941440037,0.004832258461298712,0.00559897128559048,-0.010451720860383738,0.0013672684411330956
2022-12-21,0.02353070997705024,-0.0016573862871153066,0.011185302829192082,0.01081792631067969,0.025533601260036346,0.014841941081805289
2022-12-22,-0.024059819883315466,-0.012158980168932585,-0.011414875605547742,-0.025860230999447877,-0.07302232988267043,-0.01436906855813569
2022-12-23,-0.0028020054918967826,0.002993835039254722,0.004733868552070717,0.00226437657098117,-0.008708480676215833,0.0057358311299467064
2022-12-27,-0.013975738083529542,0.008394677302769623,0.0034978533114264636,-0.00744178511946413,-0.07402692238400228,-0.003951151603373222
2022-12-28,-0.031165689132270597,-0.004515989032750605,0.005450450586099999,-0.010307730228409097,-0.006037728243286062,-0.012505735065704878
2022-12-29,0.027930399990233827,0.005582639597805041,0.005721032640286259,0.027254824548877683,0.03960140794805082,0.017839912150737113
2022-12-30,0.0024660191343835944,0.004667758029330661,0.006584097876450729,-0.004949763687961388,0.0007532361374890007,-0.002637268866029386
2023-01-03,-0.03812214343960939,0.008335816871946341,0.0075773979242302865,-0.0010013572859093392,-0.020672183963119012,-0.004218819478294156
2023-01-04,0.01026144141602984,0.009367889939565922,0.009281900350308835,-0.04472859432927089,0.029867393786620802,0.007690610660292709
2023-01-05,-0.010661349264639521,-0.01252963086748756,-0.00022181842479990717,-0.0300858567359523,-0.03336624519207829,-0.011479037095905587
2023-01-06,0.03613324156994194,0.01853466381119925,0.018955014514700594,0.011716366911168305,0.040796782335613554,0.022673186301481567
2023-01-09,0.004080673422960637,0.0022426010679794787,-0.004140914516176415,0.009689183556973433,0.05045837302088316,-0.0005670664523498908
2023-01-10,0.004446501627680605,0.003669304474491391,0.008913995449857255,0.00758841443674452,0.017820733724544506,0.0069881815557790005
2023-01-11,0.02089249461956012,-0.0006870298860052756,0.007404018282634634,0.02979000328819224,0.005766275437198099,0.012568623645424206
2023-01-12,-0.0005994601553045265,0.011501603213231942,-0.0010030147324568473,0.011554404305661825,0.031375603103217464,0.0036341930460357303
2023-01-13,0.010068069231879122,0.011930333702592914,0.024921312661204974,0.003014184290630881,0.023227814389153657,0.0038719824162412888
2023-01-17,0.008718543914862466,-0.006566591290624395,-0.015573903553360547,0.00467081931339391,0.04642290405013378,-0.001833512932480129
2023-01-18,-0.005384691993453395,-0.0028758838411488395,-0.030503140187748013,-0.019069791822077627,-0.018530028515633422,-0.01591411018392143
2023-01-19,0.0004437590510506776,0.015743931377470842,-0.01341612907038432,-0.01659082485843492,-0.035854109636657104,-0.007306268787614253
2023-01-20,0.019038398894488225,-0.0033409804213138158,0.002445945625324053,0.03511957886531248,0.06209371788615984,0.018457604159534104
2023-01-23,0.023228698861399184,0.0018946378029897782,0.016082446997897636,0.009776418849475074,0.07315839123644993,0.011927050640439226
2023-01-24,0.010012628435505277,0.0036119840879409123,0.008559801377258818,-0.002228592220354043,0.0037442557599121165,-0.001073840653331656
2023-01-25,-0.004711945940034707,0.004593393795208086,0.004827506556279933,-0.005925655639743614,0.0030062522715169847,0.00037482641454754346
2023-01-26,0.014694994449812494,-0.009096515003608066,0.006162847900442105,0.030251387664252522,0.024487019671942497,0.01093027017715965
2023-01-27,0.013591437939285713,-0.0013939615756237058,0.0024257232899928967,0.0006449791959323331,0.02803451533930685,0.002295232369082187
2023-01-30,-0.02028244407027725,-0.002570014931290955,-0.00851672863661546,-0.022206407934109676,-0.060888441989846706,-0.012626374336548543
2023-01-31,0.00898052016316955,0.0036296165072691286,0.005948070047071734,0.020794967341702626,0.019380977688138686,0.014596479880224649
2023-02-01,0.007869934683572598,0.012518134528387544,-0.0026473460847495638,0.019738593305107775,0.06949437046910124,0.010571597583207687
2023-02-02,0.036392208568382045,-0.0209702840085377,-0.004667089916202438,0.04581826340663372,0.03592243639016116,0.014452144398711111
2023-02-03,0.024106913183877428,-0.025274496401227434,0.015355558518077643,-0.023903843743866046,-0.028453897985842826,-0.01068597070011188
2023-02-06,-0.018091718904918494,0.002073259184240806,0.005865566493169655,-0.0061345307092032335,-0.0005214549498408063,-0.006130090685161489
2023-02-07,0.019062096879315236,0.0009200023760844002,0.012116435713289766,0.04116311657961687,0.05012374818342636,0.01299361957062318
2023-02-08,-0.017810585554017957,0.002468544755507998,-0.007055916622404332,-0.003106944396018664,0.001442110710047331,-0.01099475983544699
2023-02-09,-0.0069355563251593255,-0.007943887464013586,-0.015686026723933044,-0.01172821520454274,0.005927002683750481,-0.008707047101098934
2023-02-10,0.0024533759242444317,0.0019053779351280687,0.004405551709113575,-0.001974533872046924,-0.049181947659677046,0.002330893598459686
2023-02-13,0.01863210475154468,-0.005089097798950408,0.010789733960590606,0.03076494209136283,0.024296869541116276,0.011670518852157061
2023-02-14,-0.004234037583459321,0.000753454984742333,0.004408943668461916,0.003127765122061576,0.052873035401887376,-0.00046007684981788877
2023-02-15,0.013807602367271908,-0.010014646847400324,0.0041814346516115845,-0.008025092146905497,-0.009052026126127615,0.003242016477328826
2023-02-16,-0.010484055098652814,-0.0008195726363130796,-0.013864797330353278,-0.026983372636037943,-0.03404695467833266,-0.013864462265866821
2023-02-17,-0.007575182284438721,0.002982339072148569,0.0029571800008011237,-0.015724844904984707,-0.028303475127421242,-0.002501472896030744
2023-02-21,-0.027042292223885368,-0.0037440046605545256,-0.018519966312380415,-0.021107695004555865,-0.034872323125558984,-0.02026478125263401
2023-02-22,0.002891925798579322,-0.0056423768979153,-0.007692518645974138,-0.004601473174726568,0.00478141217373013,-0.001379075778169668
2023-02-23,0.003285169277642398,-0.0005305918526508475,0.007978808545457062,0.01287831470860584,0.13121592253073852,0.005305360324906785
2023-02-24,-0.018169491064325544,-0.0072206822499255125,0.008980872034951135,-0.02202517835492819,-0.016102669863254586,-0.010740044875466207
2023-02-27,0.008213721528256033,0.003912670406128105,0.00869002929375063,0.003764817163795811,0.009190725942746756,0.0034001575090063818
2023-02-28,-0.0034537601405045747,0.004545621851780495,0.008335841860782957,-0.002962445780447954,-0.012201394970877218,-0.0037028182996599068
2023-03-01,-0.014348399891774898,0.005755555600934512,-0.005596397277143664,-0.012709812839659078,-0.022564808143195315,-0.0038432661808350875
2023-03-02,0.004120699711844477,-0.000585735153896139,-0.01043646903146075,0.019462455660434558,0.026777309680120886,0.007747122805703225
2023-03-03,0.03448832487579434,0.010666001055863707,0.01819315866820036,0.01650911998609073,0.02440587785637369,0.01591074698618085
2023-03-06,0.018369769801973315,-0.0050565936951402655,-0.0058641829357307775,0.006170063189985719,-0.014164298211027269,0.0006924542567001596
2023-03-07,-0.014602796494002025,-0.017635068390636166,-0.029848823032021205,-0.010645593918162088,-0.011187535023614617,-0.015447455032390114
2023-03-08,0.008342701471463708,-0.0004745630282821619,-0.005933146378842515,-0.0017719959590614576,0.03762898437027904,0.0016308543946762654
2023-03-09,-0.015027146774298296,0.00980112770009771,-0.0556567293707702,-0.005454439487705912,-0.031293807743562455,-0.01862218659620222
2023-03-10,-0.01397582067982006,0.021333667247723984,0.025078008220183346,-0.014893222651641478,-0.02030221004899403,-0.01453464467455934
2023-03-13,0.013178844744664915,0.022688861946558777,-0.01812066692337531,0.021214429199453717,4.339193600624933e-05,-0.0014262916513383505
2023-03-14,0.013990521346132847,-0.005807897981361377,0.025352170387548553,0.026696251045509878,0.04666059952721708,0.016395067707242528
2023-03-15,0.0026180700181754127,0.007773838437142398,-0.04839654743262582,0.01767313551659691,0.00683359846856903,-0.00627396863061826
2023-03-16,0.018521508623536583,0.0020180543660701534,0.019227690783045277,0.03973664807722444,0.052776225024870733,0.01739295103099869
2023-03-17,-0.005468977725637237,0.028704276731304653,-0.038514249510589474,0.011626670897222812,0.007178301718450853,-0.011761752464679196
2023-03-20,0.015365286955329134,0.0003807952240648717,0.010515928591576101,-0.02610455906170166,0.00677959422361887,0.009569925754766279
2023-03-21,0.011873202209406188,-0.01905552456933767,0.02646750781342325,0.005677405074105134,0.011478166904594671,0.013044970665294097
2023-03-22,-0.009144941329443695,0.016877382247649345,-0.026152903532540447,-0.005457095970363255,0.010215378652860112,-0.01719338853488705
2023-03-23,0.006945139562761137,0.012460224063675791,-0.002676874630897175,0.019529510592962776,0.026949721825796993,0.002699771352528637
2023-03-24,0.008271226046056498,-0.011316136891165252,-0.015333037428635145,0.010425801480810104,-0.01526820553885227,0.006540310565899267
2023-03-27,-0.012369553038176542,-0.009299831745516636,0.028257775807894923,-0.01504633293499366,-0.009304250831017925,0.0018682573739651203
2023-03-28,-0.003988223100395427,0.008155744573006158,0.0030305152215264154,-0.004169569338726131,-0.00457100900641736,-0.0022471218694406774
2023-03-29,0.01959734997818716,-0.0049731154716589265,0.0020153169967467802,0.019002206798311994,0.021501289854182575,0.014430197527832148
2023-03-30,0.009841587908340643,0.008998964139577773,-0.0030245965284178325,0.01254077242368751,0.014678223621761946,0.005838227862045505
2023-03-31,0.015523011411738626,-0.0052258772770236855,0.012043628627131724,0.014851191473474825,0.014286043280166787,0.013996228327657078
2023-04-03,0.007672116080930423,0.00717858251921089,-0.001151768367203759,-0.003718030107776646,0.0067453222999683225,0.0038030558852298157
2023-04-04,-0.00325487591061319,0.018469345695108493,-0.01345827929800789,-0.00017436394324012096,-0.018478345290536834,-0.005563268163675647
2023-04-05,-0.011354420131788577,-0.0007982432900847153,0.001490057511791545,-0.009938248398592673,-0.021055560451580902,-0.002621827398234518
2023-04-06,0.005480789150508441,-0.007159660374899705,-0.0010975801370992824,0.0252120612394703,0.005786609826569776,0.0038935101728968667
2023-04-10,-0.016101300563490913,-0.007427401530065852,0.0032892607142981974,-0.007607421677362281,0.019848261377813037,0.001025675159139445
2023-04-11,-0.007619938646171246,0.00630066529229045,0.004914011358143464,-0.022929443367190643,-0.014977858544236363,0.0002686968740384358
2023-04-12,-0.004362727061312938,0.0048732452945133,-0.00015548651290714997,0.0023309974714809827,-0.025120681112837804,-0.004084605858304822
2023-04-13,0.033534693038242476,0.013425150587981827,0.003805833705172151,0.022152074120318686,-0.0012086941646219007,0.013195399864893608
2023-04-14,-0.0021162709764105322,-0.017869017219899228,0.07279486241215961,-0.012847978477978878,0.011086167068010674,-0.0024457928836644437
2023-04-17,0.00012123786687551652,-0.00446370276447651,0.007897913010838326,0.009253267252456433,0.009077433903836672,0.003581911473720227
2023-04-18,0.007476654990273828,0.0038732698004284223,0.011165000814925758,-0.0014899996131514848,0.02432941848083327,0.0006518362601582553
2023-04-19,0.006944042480647986,-0.004789973842758077,-0.0012734309986850109,0.000277621694836647,0.009496842103165757,-0.00016875809853038724
2023-04-20,-0.005863445830813852,0.003930524556986942,-0.0029077694443180487,-0.008145596877280352,-0.030055885052392647,-0.005472172608685775
2023-04-21,-0.009829013003902064,-0.009936876904451757,-0.001919350049847866,-0.0012241115194574401,0.0005532451007342343,0.0007768153387768445
2023-04-24,0.0018767003875040144,0.0030347260178608367,0.0013511064920601358,-0.014061089833505847,-0.0028434136757148425,0.0010425528245453944
2023-04-25,-0.00948035885019211,0.005073426510561733,-0.02198357636076067,-0.022793915992295598,-0.030068194905861687,-0.016001113622544697
2023-04-26,-6.106298175844481e-05,-0.005452222698837164,-0.017882349945612757,0.06993146212508417,0.02688281026605611,-0.004244732630863599
2023-04-27,0.027999391776873245,5.4098929279836664e-05,0.01336871136405849,0.03152553880976251,0.009966594192171505,0.01971247920490707
2023-04-28,0.007512995800293643,0.0002706158931134578,0.008645468207306882,0.007940136540589431,0.019027466239253967,0.008499007166065206
2023-05-01,-0.0005305497875773272,-0.004501468248394752,0.02118602582904052,-0.005548043745640502,0.0409876842956772,-0.0010103875479986208
2023-05-02,-0.006210727778631216,0.01911282169964576,-0.01627914455980131,-0.0004911767504115479,-0.02451096350585307,-0.01130280939449503
2023-05-03,-0.00648839039549115,0.00844333039400089,-0.021390374033545163,-0.003312506083485877,-0.014568679707928979,-0.006887681884989658
2023-05-04,-0.009962759180688691,0.007008337579460111,-0.013773149449842568,0.003312506083485968,-0.008669821922128798,-0.0071081969970875885
2023-05-05,0.045859046092680315,-0.015771672012865213,0.019346602192959618,0.017011630758750392,0.03976196377322897,0.01834343570700683
2023-05-08,-0.00040346523928967617,0.0012261535425393925,0.002410537642581106,-0.006458535513104487,0.01628905467231875,0.0002665000468008727
2023-05-09,-0.01002111684919544,0.007061173494320752,-0.004826780247995807,-0.005360464084379517,-0.020096996748281883,-0.004394936880353414
2023-05-10,0.010366966904031806,-0.0014294640409972018,0.0005129137537557604,0.01714835776260848,0.010930356764551969,0.004661365923801164
2023-05-11,0.0010941212715226414,-0.008619799546280105,-0.0031554685299633963,-0.007069124545290852,-0.010685234104620972,-0.0017453707372799383
2023-05-12,-0.005432183171998776,-0.001711544099310757,-0.01443655505374173,-0.003682855097636572,-0.00836301170526586,-0.001311222736766671
2023-05-15,-0.002901693056388572,0.0021389727993926496,0.008391212885187684,0.0015847722956637228,0.021399638700066174,0.00344404881928975
2023-05-16,0.0,-0.01257816833072297,-0.006752040282492531,0.007340596823931475,0.008939903931481235,-0.006705103853328658
2023-05-17,0.00359675521506348,-0.003467895133703326,0.030284241780777793,0.00940707137065727,0.03249940390272876,0.012065889059911407
2023-05-18,0.013573373876462756,-0.013057794413406836,0.007555266501292938,0.014292358663914843,0.048509166339109136,0.009587235925634173
2023-05-19,0.0006282966856333543,0.009850156652287684,-0.002296653544916554,-0.0005652356911115472,-0.013155204689412735,-0.0014562570460632503
2023-05-22,-0.005495697245760005,-0.002344243508491738,-0.00829672797120784,0.008881819961105989,-0.002818491655355652,0.0004060453935155892
2023-05-23,-0.0152711623453525,0.0012000108481294142,-0.01048758601386688,-0.018604302033061668,-0.015776977069880897,-0.011286079695506062
2023-05-24,0.0016307468057987406,-0.008101176111367243,-0.009193547597846631,-0.00448236400480628,-0.004899848960240907,-0.007271440060426297
2023-05-25,0.006670165662033686,-0.00966457904681634,0.00243532225713361,0.03773682596323745,0.21808787927516227,0.008622706396889276
2023-05-26,0.014006193974815489,0.003987606250000357,0.009317332591356533,0.0211600560433166,0.025116451648836503,0.012867587414573882
2023-05-30,0.010603168277770015,0.006171471778321201,0.0037903505725893744,-0.005059465534958978,0.029474571337572954,0.0003809179625324261
2023-05-31,-0.0002822679379762997,0.001537018842589403,-0.012812743792197226,-0.00855055943675657,-0.05844254175498783,-0.005560634652441299
2023-06-01,0.0158958092859584,0.007867103377943253,0.01368513410952159,0.012678331345403533,0.049904698816787066,0.009456136842057736
2023-06-02,0.004763856620182556,-0.014857275420164701,0.020788436616460453,0.008443383345974002,-0.011201448468059023,0.014357628029762808
2023-06-05,-0.007599822519165443,0.0060023657211361265,-0.009872756967076103,0.0016088945556930042,-0.003974697129440422,-0.0019182378661929715
2023-06-06,-0.002062479045905143,0.0010974372841257363,0.0017955964137385662,-0.006750065059071263,-0.013286455638715892,0.0021751427228151473
2023-06-07,-0.007786553135027461,-0.012083252758880945,0.009642058720544784,-0.03135461891995233,-0.030873075540579126,-0.003463648254935153
2023-06-08,0.015346704659865686,0.013124733073092816,0.0002842429125611111,0.005796833514600669,0.027244198266428644,0.0060303296412248285
2023-06-09,0.0021575922363966404,-0.002688130119841765,0.001987673095553755,0.004693065358396842,0.006728882483657638,0.0017927726056598328
2023-06-12,0.015517767663912933,-0.0008792504640156504,-7.056443848376815e-05,0.015365353723639156,0.018198144228182146,0.00903082174236202
2023-06-13,-0.0026152652641760737,-0.00739483312084137,0.0072077093877471595,0.007325726062999216,0.03826359297333958,0.0065712674741613426
2023-06-14,0.0034852505348487886,0.0005537743402144653,-0.0037386887777802625,0.009082467034918926,0.04702192441298561,0.0011901437884311707
2023-06-15,0.011136676936971972,0.007005982383036308,0.011244502055037473,0.03139847703995395,-0.00803272448316747,0.01232149017470009
2023-06-16,-0.005877341907899116,-0.0015404017609150433,0.001187462382319435,-0.016714598329584933,0.0009137022640166468,-0.003411984662975486
2023-06-20,0.0004866576872148009,-0.010404681043488588,-0.005108809468080252,-0.01258145749395112,0.02580497283768897,-0.005201694991795029
2023-06-21,-0.005691454688037309,-0.0014474699268161662,-0.0014743064214227091,-0.013370976929336533,-0.01757031257258914,-0.005136923155296362
2023-06-22,0.01639027087552157,-0.009966480697039254,-0.019439949633715686,0.018269415072873597,-0.000464757090289058,0.003603160666744423
2023-06-23,-0.0017128087451304145,0.0027534519339434175,-0.0052438550600955305,-0.013902006277979247,-0.019148016231744874,-0.00758876491294197
2023-06-26,-0.007581770119472626,0.0017380933759117798,0.002445554343817697,-0.019349019187555168,-0.038077334828486374,-0.004093968515202174
2023-06-27,0.014946952510127582,-0.00460411859047838,7.206889977744907e-05,0.0180048162655666,0.0301568057641594,0.010903596304772945
2023-06-28,0.0063079553262058805,-0.002310076023493695,-0.004391942446742121,0.0038186651352863587,-0.018291128203171334,0.0005042637112705316
2023-06-29,0.0017948371741744022,-0.0010723394318449203,0.03432706595343372,-0.0023849563146411184,-0.007200595765987959,0.0039336844435335664
2023-06-30,0.02283958770919281,0.006641221688667137,0.013916535899448463,0.016252842262943885,0.03561320984390729,0.01173143480048382
2023-07-03,-0.00781491809235659,0.001121247777740352,0.008012427309615992,-0.007516303221260184,0.0026205299216438193,0.0011500320653540575
2023-07-05,-0.0058886436790692095,-0.003536277643963551,-0.006683812579603314,0.00047329444190883084,-0.0022658271488746797,-0.001488369266011716
2023-07-06,0.002505535677080125,-0.002984649764026069,-0.009935783677621825,0.00918424627068438,-0.005069989884247267,-0.007861594055744887
2023-07-07,-0.00590882054568806,0.007473004815488796,0.007859517460404988,-0.011938264084795728,0.009455601949694241,-0.0025277648307536612
2023-07-10,-0.010915057068726055,0.0007833887164984092,0.005595876471656544,-0.01611286336117835,-0.007628362573161015,0.0025277648307536135
2023-07-11,-0.0028140336374948096,0.003740607755698653,0.015517998869288955,0.0019267335036638174,0.0053199847030420445,0.00634844127085785
2023-07-12,0.008945307684122578,0.013450555215707776,0.004939451758278829,0.014126782506418105,0.034693595089245105,0.008013665182727111
2023-07-13,0.0040492606031924065,0.0007144446386035077,0.004848359123958514,0.016062353273713116,0.04618148576478413,0.007905610118825646
2023-07-14,0.0007870545230864679,-0.0031917364290746223,0.00602733482300529,0.007501290171643735,-0.011110484608802668,-0.0006230257782817717
2023-07-17,0.017157514405283344,0.0007163001287566721,0.023817767524579606,0.0014181916691787982,0.02158233284989195,0.003466070733279509
2023-07-18,-0.0013413126196013567,0.011391151915954547,0.001823815534448514,0.039028182136036635,0.021990119227210326,0.007403284470999121
2023-07-19,0.007047002211331145,0.00016334311378929522,0.00383242199152699,-0.012343207531731196,-0.008818694270196407,0.0022211677752180105
2023-07-20,-0.01014884719502798,-0.005076251540707524,0.012242127616569955,-0.02339303749120238,-0.0336327348440622,-0.00665662806438436
2023-07-21,-0.006180594937320556,-0.003069238517008006,-0.007714486725182699,-0.008977264863457114,-0.02696410747199543,0.0
2023-07-24,0.004211150445298374,-0.0042906650791519445,0.019492492322692952,0.0038903700423753725,0.006815100013823029,0.004457442500271633
2023-07-25,0.0045034747529130534,0.0055524167407640206,-0.007496222220023224,0.016866026721965677,0.023635779175563268,0.0027262878703150487
2023-07-26,0.004534628443391284,0.0048672507195615744,0.005976122856734069,-0.03836399077784918,-0.004981832433855672,0.0001537898963209208
2023-07-27,-0.006602604136573771,-0.015836715414990758,-0.011090424389677639,-0.021092962304131376,0.009808394798591137,-0.006652082057490303
2023-07-28,0.013417455206344756,0.007949707574281263,0.00568800121535178,0.022867747821190162,0.01834902676157765,0.009742838752550326
2023-07-31,0.0031610509009633307,0.002690787072192315,0.006669538508514828,-0.007266768567661651,-0.0004491579466831949,0.0019022096196181183
2023-08-01,-0.004285130537051125,-0.010418766955581948,-0.004950205136558241,0.0012492788317944425,-0.0047623218617513325,-0.0028658513339260817
2023-08-02,-0.015611137954061683,-0.004776993918500052,-0.011389457212066433,-0.02663436166721171,-0.04931792582998805,-0.01400843512978461
2023-08-03,-0.007348633496236212,-0.00033420291832367705,0.006094916384623521,-0.0025681679734288676,0.005541290513090436,-0.0028699204609922793
2023-08-04,-0.049211303288613825,0.003613876354074006,-0.0021127937598652865,0.003422728688775638,0.0036997657474470104,-0.00453292624065431
2023-08-07,-0.017404275353458537,-0.002277988932518744,0.004731583136873387,0.007083355664848692,0.01636074551297802,0.00869053505631376
2023-08-08,0.0052976551307056235,-0.006361270240024672,-0.005629437425473001,-0.01237533465058765,-0.016718738413261776,-0.004358110775238125
2023-08-09,-0.008994631935321297,-0.00476956334967285,-0.01349845589615288,-0.011785141252812945,-0.04839396529677353,-0.006707830272443888
2023-08-10,-0.0012356007316494107,-0.0010691758408616784,-0.0014967550142287631,0.0021701074663413545,-0.003908381764638065,0.00035902324802482256
2023-08-11,0.000337567608457009,0.0,0.005779385693657203,-0.005963166048604658,-0.036836469379793006,-0.0005833187314669574
2023-08-14,0.009349235883290143,-0.003045220530389694,0.0020695606856209595,0.009394577510426338,0.06853116096560823,0.005504993295871868
2023-08-15,-0.011263598450265736,-0.0026580037072091345,-0.025786834499156332,-0.006750371752955413,0.0042648294931473775,-0.011717314502017458
2023-08-16,-0.004971252758648254,-0.005792775189194925,-0.004252310961062721,-0.002431371046899374,-0.010385895709350888,-0.007365263484302686
2023-08-17,-0.014662233597547468,-0.0015390561619561794,-0.010441194328546809,-0.011047022859946451,-0.0032708168286155487,-0.007649092622417443
2023-08-18,0.0028122537813292884,0.0001711135895520659,0.0022851551965176985,-0.0012631897432545567,-0.0010387218003551093,0.00048117963061039564
2023-08-21,0.007706992676742747,0.00273392964256731,0.003417591460032133,0.016918821676992254,0.08131558951608395,0.0064853030373349715
2023-08-22,0.00787385054641344,0.0016481975934526548,-0.02095652326118631,0.0018002201332510412,-0.028047471802374938,-0.002712321488407705
2023-08-23,0.021711394249979383,0.010113328144583607,0.0067401774577343495,0.013981055596652896,0.0312150568971267,0.011076250792312567
2023-08-24,-0.026519020047241822,-0.0002248455933195227,-0.0009503594636978115,-0.021732900276918966,0.0009967861197532576,-0.013956051203885081
2023-08-25,0.012563956496176674,-0.0012941233726573686,-0.0012233454809651607,0.009363160886561162,-0.02457694673473435,0.0070250291097934394
2023-08-28,0.008807328581426768,0.002867238875764686,0.0034622476471070605,0.0022266203695061443,0.0175981330162426,0.006321360632063928
2023-08-29,0.021575700900636378,0.00972069237763269,0.008099386511501487,0.014445638428238516,0.04077155928746628,0.014351320371756128
2023-08-30,0.01899078769137072,0.002498750315822613,-0.004041383748825405,0.001156499197865383,0.009791369370068246,0.00411023859268069
2023-08-31,0.001171798791580652,-0.001665111347163996,-0.012428320553109433,-0.0031375901281003107,0.001845527435996839,-0.0014644552594600653
2023-09-01,0.008427753294377201,0.0004997991755412262,0.0033427684060164243,0.0027421434842316195,-0.01728991680406846,0.0018634802206241407
2023-09-05,0.0012658390853444391,-0.008195174622491511,-0.011095096869459782,0.01476891148197051,0.0008036806107561597,-0.004331169025553532
2023-09-06,-0.0364496716487997,-0.004544556063018457,-0.0016542131000268903,-0.0020105230363829077,-0.031025979169215862,-0.006745167387561416
2023-09-07,-0.029685555551863113,0.0010678794784509471,-0.008591086356626355,-0.00896216667068099,-0.017577627756649762,-0.003074924138549162
2023-09-08,0.0034855530792011788,0.0003369702787594387,0.0007650909879455658,0.01312901226966641,-0.014573456979927122,0.0015048164159544022
2023-09-11,0.006600713101545418,0.0018513951035425602,0.004370847943215507,0.010919448149636237,-0.008683202199457016,0.006555164988900833
2023-09-12,-0.017207772464514357,-0.005169992663578624,0.012929773906600444,-0.018426484819144228,-0.006840912887874915,-0.005500666789081585
2023-09-13,-0.01192565707420062,-0.002312682045193072,0.0004781271342757797,0.012847829683143701,0.01361327323602965,0.0011651964258451012
2023-09-14,0.00874411259514985,0.0005080950731221542,0.01921196425454507,0.007825108962163202,0.0021084253115880133,0.008585438935906738
2023-09-15,-0.004162418804255773,0.00658210689497754,-0.00295256241603751,-0.02535568926598244,-0.0375768857978949,-0.012121324598614674
2023-09-18,0.01677184255205956,0.00587038313631886,0.00208121290425449,-0.0035189472177961445,0.0015025125070866193,0.0005861024046624691
2023-09-19,0.006161921447114456,-0.0009480950413542692,-0.0012751630946966435,-0.0012468813033712093,-0.01019622100925723,-0.002075904953805304
2023-09-20,-0.02019489567150588,0.0007251297423292754,-0.0042390558067202525,-0.02426909972277067,-0.029876566788323445,-0.009235841940486673
2023-09-21,-0.008929153822557845,-0.0072748111459232075,-0.00785262279730041,-0.0038731585949483773,-0.029357338808251077,-0.01666649877213075
2023-09-22,0.004932415311379428,0.0031961900557462815,-0.009628841128116244,-0.007917695260470056,0.014353837722231524,-0.00225102111755633
2023-09-25,0.007353085272580411,-0.005163898932470834,0.0049282284710868785,0.0016703427330492149,0.014600978612477488,0.004196266648327733
2023-09-26,-0.023676405748351646,-0.008023084937964609,-0.010433135092788955,-0.017151957938122898,-0.007393197664416902,-0.014800145652947369
2023-09-27,-0.008937184716500861,-0.012443751217319037,0.005847910473755127,0.0020804232459678707,0.013202693841905278,0.00039891094958567993
2023-09-28,0.0015243018903550321,-0.005009715204337903,0.012339588121851708,0.0027136271757527267,0.014516921110061486,0.005780835057934379
2023-09-29,0.003041741118448322,-0.010328505518099336,-0.01756674735252749,0.006705034414238035,0.009470122023665263,-0.0024299019214405735
2023-10-02,0.014726596827285516,-0.0105542058560987,-0.008656816353091535,0.018979430605972066,0.02906826051010365,-0.0003978709207042181
2023-10-03,-0.007800329786043275,-0.002892421000056923,-0.007400276210209491,-0.026481879087575075,-0.028654744796383233,-0.013476436366882926
2023-10-04,0.007282380218378319,-0.00011826350756014561,0.004474807291856655,0.017617139522659815,0.011969659969834867,0.0072557823612439025
2023-10-05,0.007172186260014719,-0.0018344684108627424,0.004207480030624026,0.0012533744552700758,0.014583848066900888,-0.0003770017975967839
2023-10-06,0.01464260372841646,0.005139851922273756,0.015278271109468217,0.02443607279172894,0.023749050072950893,0.011802897125147479
2023-10-09,0.008415819372213546,0.018218478536943455,-0.0022771186080446947,0.00779204482242459,-0.010743237554409268,0.006381904262498886
2023-10-10,-0.0033578507252263307,-0.0016795054754092334,0.006060241402078583,-0.00434499122374437,0.011529474701559062,0.005191222064659682
2023-10-11,0.007873013216378096,0.007276507826110017,0.0034270373986006785,0.012197040692240143,0.02177118408150681,0.004087797998823344
2023-10-12,0.005048249470737409,-0.0030543103873241243,-0.002329009880038795,-0.0037973740616584484,0.002965339937243852,-0.006114892735168685
2023-10-13,-0.01034599175917378,0.03164231938177581,0.014907822395917017,-0.01041153465262013,-0.032121980691350985,-0.004993445515495732
2023-10-16,-0.0007271313066046043,-0.004876800474351656,-0.001014003394154497,0.014870641254057038,0.013849738095372545,0.0104664195377695
2023-10-17,-0.008823448222809118,0.0018525567250013085,-0.0021666935263970543,-0.0017452660695361387,-0.04792497528810918,-4.592384368935541e-05
2023-10-18,-0.007422457748914613,0.014367113783494704,-0.011041552820884025,-0.005889622829250195,-0.04045414048490093,-0.013414582653247468
2023-10-19,-0.002163376532462994,0.012199301049654077,-0.004258080292770237,0.0036587543039875016,-0.002253911197721778,-0.00882524265371268
2023-10-20,-0.014813362882294722,0.0027271753020748097,-0.016237200912732876,-0.0141341457487313,-0.017104668358116894,-0.012364200196342583
2023-10-23,0.0006938626022539561,-0.0033827788768209456,-0.01373493117210744,0.00807945648017488,0.03765165808393384,-0.0017346151561353626
2023-10-24,0.002540229781536488,-0.00010933686369138149,0.001205078784495749,0.003667420766346969,0.01588259417515563,0.007511133644157027
2023-10-25,-0.013583644059164223,0.004199991317574014,-0.0054694912407193775,0.030217015314726293,-0.04410731225054024,-0.01445616382287868
2023-10-26,-0.02491313046067056,0.00157720800379265,0.0025610121734553925,-0.03823613308233629,-0.03539739228962447,-0.012046957955725426
2023-10-27,0.00793753128363136,0.011562693424814757,-0.03668342853070935,0.00583846394743641,0.004305534689049141,-0.004543071690301571
2023-10-30,0.012230124662043599,-0.0056565149769635704,0.012669179334805453,0.022485584210304353,0.01618922284698342,0.01188498724830595
2023-10-31,0.0028149477504022954,-0.005471503988171267,0.011863259341262667,0.002368872672693077,-0.009299434448080728,0.006260603373628057
2023-11-01,0.018565081066197885,-0.0031556165767174377,-0.0008632194168327607,0.023269800313166424,0.03718639215624551,0.010608226048089182
2023-11-02,0.020482149778105037,0.0033185604405963163,0.017691880681716426,0.00648056347559724,0.027520686582248315,0.01898293835349388
2023-11-03,-0.005194550628889012,0.0036323164276059108,0.011110588586622649,0.012779698863002061,0.033874798351407054,0.009082177958941666
2023-11-06,0.014499589268047465,-0.00782308105070571,0.007524071327053708,0.010517025863961306,0.016440156772876427,0.0022978033906764328
2023-11-07,0.014347457978474046,-0.004153745714032089,-0.00048610429856741353,0.011156839798573789,0.004449006234652722,0.002841916849461943
2023-11-08,0.005867588675486766,-0.010017653470627112,0.0049182284496389825,0.0073784990747809845,0.01337980771548537,0.0007321351682530736
2023-11-09,-0.0026281575027650435,0.003975057413790778,-0.002975785610286683,-0.006934949083902927,0.008040574551498455,-0.007829231673862312
2023-11-10,0.022954585994227374,-0.010969699953245399,0.014722407722256652,0.024591974702540025,0.029072752298544734,0.015484175502117368
2023-11-13,-0.00862053644577626,0.005555261386915847,-0.00444897785380846,-0.008121095014237367,0.005878967622695933,-0.0009536158750511945
2023-11-14,0.01418462089162405,0.008879636186604733,0.01808255860799647,0.009742873489786311,0.02108430736736887,0.019214977140837083
2023-11-15,0.003036240163656411,-0.0026390807860946154,0.008719627741039997,0.00040585275157800253,-0.015587269142199964,0.0021147407824033985
2023-11-16,0.009001542959570797,0.011222864579353571,0.011354831333301351,0.017430530028883635,0.012036672622351837,0.0012224924572694308
2023-11-17,-0.00010549109609667844,-0.00010890827769753537,0.009005155687196549,-0.016943673691878835,-0.0036849677623117362,0.0012429307520376342
2023-11-20,0.009235481952905293,-0.0016347162383040547,0.00307086855083734,0.020313986905123625,0.02228610433981822,0.007668275170819986
2023-11-21,-0.004239734802315116,0.010740019593542038,-0.0020895103261338245,-0.01164544756334884,-0.009267445935892293,-0.002181816347617833
2023-11-22,0.0035082626837386996,-0.004271361889171939,0.0023503923958376263,0.012731175535536793,-0.024894792333368724,0.0038532733056167168
2023-11-24,-0.007028957775198095,0.005188115339681599,0.0013686465183077254,-0.0011120473394521213,-0.019484003793136428,0.0006151509594747994
2023-11-27,-0.0009481139945799708,0.006715220224108336,-0.0022819791030464004,0.0031213298123121003,0.00970645105288531,-0.0018024595066575126
2023-11-28,0.003208930590021201,0.013243765854618068,0.0022819791030463834,0.01074478012891196,-0.008764937995363651,0.0009896024014654549
2023-11-29,-0.005424264444737985,0.0014783465644929395,0.00506719209279806,-0.01011109477751413,0.006648518156615562,-0.0007036028068698225
2023-11-30,0.003058101138403024,-0.004176660491012712,0.011340391490079389,0.00015846102424548064,-0.028871594847516852,0.003929689331303411
2023-12-01,0.006768367684613137,0.0171240372669512,0.0048574895318305965,-0.011680239378448913,-0.00010692784714966669,0.005898477158313283
2023-12-04,-0.0095098198230976,-0.021850417580745678,0.007305491877414771,-0.014442505936770319,-0.02720299387519226,-0.005263262327146139
2023-12-05,0.020844501980709612,-0.003786606077863042,-0.00012653413091526718,0.009114648886678152,0.023026733428999233,-0.0001971209930415111
2023-12-06,-0.005703147096731852,0.003680115406357525,-0.010564004772243134,-0.01003617940928259,-0.023092581159627278,-0.004037970455119656
2023-12-07,0.010088192183142866,0.001648967455985853,0.0030660020624530167,0.005812779720850709,0.02373641442586137,0.0076015169239737335
2023-12-08,0.007385142572408236,-0.013430173514668298,0.010973648844984554,0.008803305670732264,0.01934137502273183,0.004289841567588054
2023-12-11,-0.01301170760248864,-0.011104320560253362,0.003652141308224273,-0.007860191996791593,-0.01867626206331399,0.0038820487273770036
2023-12-12,0.007888864612898474,-0.0005447904909059331,0.00888564131360652,0.008261020713237626,0.021849722016145174,0.0045568682113736134
2023-12-13,0.016553711424414728,0.02231176448891427,0.003358321430612589,-2.670033230461672e-05,0.009003377161963717,0.01369595769256772
2023-12-14,0.0007574942857261003,0.005845435089187853,0.01802871020476983,-0.02280268485313449,0.005433415403593697,0.0032042101677880294
2023-12-15,-0.0027294349086788537,-0.009208782757507668,0.00753279383103927,0.013031909132254459,0.011106632165299299,-0.0016478570576882864
2023-12-18,-0.008539716306784309,0.004535187656823467,0.006033980410998989,0.005165596640649026,0.02398895615403122,0.005609369816252359
2023-12-19,0.005345657196736064,0.006790830606181505,0.013266324186426481,0.0016357544259619113,-0.009490470780453049,0.0060623869606101395
2023-12-20,-0.010771557753125183,-0.005460866362358439,-0.011343137947871314,-0.007097902690980496,-0.030560566127821282,-0.013954157397648992
2023-12-21,-0.0007703309538416975,0.007045755720440373,0.00568774840139562,0.00784771360026335,0.018105369725710845,0.00943721860601882
2023-12-22,-0.005562998358352359,0.004424614031362936,-0.0005971790777712574,0.002780336817200178,-0.003271285010173046,0.0020077231427065734
2023-12-26,-0.0028448566157971414,0.007591842151508473,0.005896688242396884,0.00021346298528499656,0.009153012861370765,0.00421358597133709
2023-12-27,0.0005177691745852172,0.0045275772625212145,0.00597994171405977,-0.0015758596603537903,0.0027965628917275107,0.0018064371122199492
2023-12-28,0.0022237957121079197,-0.005832413160524644,0.005298869493938063,0.0032294818240449935,0.0021225743461553296,0.00037772322955768927
2023-12-29,-0.0054387751092987964,-0.001568069797763166,-0.0011749656563482065,0.0020231110193036825,0.0,-0.002899244940413454
