Date,AAPL,GLD,JPM,MSFT,NVDA,SPY
2018-01-02,40.30417251586914,125.1500015258789,85.90126037597656,78.87033081054688,4.928267002105713,236.56214904785156
2018-01-03,40.29716110229492,124.81999969482422,85.98880004882812,79.2374267578125,5.252615451812744,238.05853271484375
2018-01-04,40.484336853027344,125.45999908447266,87.22064208984375,79.93479919433594,5.280302047729492,239.06182861328125
2018-01-05,40.94525909423828,125.33000183105469,86.66071319580078,80.92586517333984,5.32504940032959,240.65496826171875
2018-01-08,40.793182373046875,125.30999755859375,86.78870391845703,81.00845336914062,5.488214492797852,241.09507751464844
2018-01-09,40.78850555419922,124.7300033569336,87.2286605834961,80.95336151123047,5.486729145050049,241.64073181152344
2018-01-10,40.77913284301758,125.02999877929688,88.18852996826172,80.58635711669922,5.529744625091553,241.2710723876953
2018-01-11,41.010772705078125,125.44000244140625,88.66043853759766,80.8249282836914,5.53963565826416,243.03143310546875
2018-01-12,41.434268951416016,126.95999908447266,90.12425994873047,82.2197036743164,5.512439250946045,244.61569213867188
2018-01-16,41.223697662353516,127.16999816894531,89.8042984008789,81.07267761230469,5.441488742828369,243.7796173095703
2018-01-17,41.9045524597168,126.13999938964844,90.38024139404297,82.71521759033203,5.555456161499023,246.10317993164062
2018-01-18,41.941986083984375,125.86000061035156,90.59620666503906,82.67853546142578,5.5485334396362305,245.68954467773438
2018-01-19,41.75481414794922,126.41999816894531,90.39622497558594,82.5867691040039,5.688706398010254,246.80734252929688
2018-01-22,41.4132080078125,126.6500015258789,91.45207977294922,84.06414794921875,5.777209281921387,248.81402587890625
2018-01-23,41.42254638671875,127.27999877929688,91.35609436035156,84.33026885986328,5.906256198883057,249.34226989746094
2018-01-24,40.762760162353516,128.8300018310547,92.52395629882812,84.2568359375,5.829371929168701,249.2454071044922
2018-01-25,40.03511047363281,127.97000122070312,92.54794311523438,84.72484588623047,5.842968940734863,249.35092163085938
2018-01-26,40.128700256347656,128.07000732421875,93.04387664794922,86.31233215332031,6.015525817871094,252.238037109375
2018-01-29,39.298091888427734,127.3499984741211,92.94790649414062,86.18386840820312,6.102544784545898,250.5656280517578
2018-01-30,39.06645965576172,126.80000305175781,92.07599639892578,85.10108184814453,6.000445365905762,247.99551391601562
2018-01-31,39.1740837097168,127.6500015258789,92.52395629882812,87.1841049194336,6.076589107513428,248.11878967285156
2018-02-01,39.255977630615234,128.07000732421875,93.48383331298828,86.49586486816406,5.945563793182373,247.83706665039062
2018-02-02,37.55265808105469,126.38999938964844,91.41209411621094,84.22015380859375,5.773005485534668,242.44168090820312
2018-02-05,36.61442565917969,126.70999908447266,87.02867126464844,80.75149536132812,5.283022880554199,232.3021697998047
2018-02-06,38.14460754394531,125.37999725341797,89.67632293701172,83.8072280883789,5.576717853546143,236.8790283203125
2018-02-07,37.328033447265625,124.79000091552734,90.28424835205078,82.22888946533203,5.656319618225098,235.59397888183594
2018-02-08,36.3008918762207,124.9800033569336,86.29279327392578,78.00776672363281,5.37746000289917,226.75711059570312
2018-02-09,36.74490737915039,124.7699966430664,88.02054595947266,80.91669464111328,5.737406253814697,230.1633758544922
2018-02-12,38.224952697753906,125.37000274658203,89.38037109375,81.78842163085938,5.637283802032471,233.54322814941406
2018-02-13,38.60786437988281,126.08000183105469,89.93229675292969,82.43077850341797,5.751004695892334,234.12405395507812
2018-02-14,39.31971740722656,128.22999572753906,92.01201629638672,83.72147369384766,5.968307971954346,237.28384399414062
2018-02-15,40.64000701904297,128.3800048828125,92.39598846435547,85.42706298828125,6.093893051147461,240.31167602539062
2018-02-16,40.508445739746094,127.95999908447266,91.7320556640625,84.81861114501953,6.028134346008301,240.382080078125
2018-02-20,40.37217330932617,126.23999786376953,91.75604248046875,85.4823989868164,6.157677173614502,238.8770294189453
2018-02-21,40.18893814086914,125.66000366210938,92.14002227783203,84.34839630126953,5.97053337097168,237.68878173828125
2018-02-22,40.5248908996582,126.30000305175781,91.9720458984375,84.56966400146484,5.9900736808776855,237.99685668945312
2018-02-23,41.22965621948242,126.13999938964844,93.83577728271484,86.71778106689453,6.083580493927002,241.7903289794922
2018-02-26,42.04486083984375,126.44999694824219,95.00363159179688,87.97161102294922,6.099660396575928,244.5980682373047
2018-02-27,41.908599853515625,125.12999725341797,93.87577819824219,86.84684753417969,6.086795330047607,241.5438690185547
2018-02-28,41.84518051147461,125.0,92.38794708251953,86.45042419433594,5.986364841461182,239.09706115722656
2018-03-01,41.1121940612793,124.72000122070312,90.73220825195312,85.60226440429688,5.744186878204346,235.6204833984375
2018-03-02,41.39646530151367,125.38999938964844,90.6441879272461,85.78665161132812,5.851300239562988,236.8350372314453
2018-03-05,41.53976821899414,125.18000030517578,92.03599548339844,86.33056640625,5.829283714294434,239.57229614257812
2018-03-06,41.50452423095703,126.52999877929688,92.11600494384766,86.03556823730469,5.990320682525635,240.17967224121094
2018-03-07,41.1192512512207,125.72000122070312,91.77206420898438,86.53340911865234,5.9824042320251465,240.09158325195312
2018-03-08,41.567962646484375,125.41999816894531,91.78003692626953,87.05892181396484,5.9660797119140625,241.25341796875
2018-03-09,42.282127380371094,125.54000091552734,94.41970825195312,89.00423431396484,6.068737983703613,245.45184326171875
2018-03-12,42.6909065246582,125.54000091552734,94.11576080322266,89.21625518798828,6.178321361541748,245.14373779296875
2018-03-13,42.279788970947266,125.77999877929688,92.98789978027344,87.04048919677734,6.127612590789795,243.55950927734375
2018-03-14,41.920345306396484,125.69999694824219,91.94805145263672,86.5241928100586,6.153091907501221,242.30963134765625
2018-03-15,41.96967315673828,124.9000015258789,92.18001556396484,86.82843780517578,6.167934894561768,242.0455780029297
2018-03-16,41.82167434692383,124.5999984741211,92.3399887084961,87.21564483642578,6.196133613586426,242.30807495117188
2018-03-19,41.18267822265625,124.87000274658203,91.61207580566406,85.6391372680664,5.961627006530762,239.02952575683594
2018-03-20,41.168575286865234,124.30999755859375,91.70006561279297,85.86040496826172,6.173871040344238,239.4361572265625
2018-03-21,40.23592758178711,126.4800033569336,91.78003692626953,85.26112365722656,6.14863920211792,238.97654724121094
2018-03-22,39.66740036010742,125.9800033569336,87.94856262207031,82.78109741210938,5.982651710510254,233.00277709960938
2018-03-23,38.748844146728516,127.61000061035156,85.59687042236328,80.37483978271484,5.76298713684082,228.03640747070312
2018-03-26,40.58830642700195,128.27999877929688,88.23652648925781,86.45962524414062,6.04771089553833,234.27536010742188
2018-03-27,39.547584533691406,127.48999786376953,86.52473449707031,82.4861068725586,5.578698635101318,230.28985595703125
2018-03-28,39.11063003540039,125.7300033569336,86.38874816894531,82.41232299804688,5.475543975830078,229.60943603515625
2018-03-29,39.41603088378906,125.79000091552734,87.96455383300781,84.14559173583984,5.728850841522217,232.5432891845703
2018-04-02,39.157615661621094,127.26000213623047,86.26876831054688,81.61023712158203,5.468121528625488,227.52394104003906
2018-04-03,39.55934143066406,126.30000305175781,87.45262145996094,82.70734405517578,5.574492931365967,230.4401092529297
2018-04-04,40.315799713134766,126.44999694824219,88.78046417236328,85.1228256225586,5.596508026123047,232.90560913085938
2018-04-05,40.595367431640625,125.80000305175781,89.9461669921875,85.1689453125,5.4762864112854,234.74375915527344
2018-04-06,39.55698776245117,126.38999938964844,87.7031478881836,83.18675994873047,5.299911975860596,229.51222229003906
2018-04-09,39.949317932128906,126.81999969482422,88.75634002685547,83.68460083007812,5.328606128692627,230.64332580566406
2018-04-10,40.701080322265625,127.12000274658203,90.4526596069336,85.62989044189453,5.637818813323975,234.31060791015625
2018-04-11,40.510780334472656,128.11000061035156,88.9332046508789,84.68954467773438,5.596508026123047,233.08238220214844
2018-04-12,40.91016387939453,126.62000274658203,91.14408111572266,86.27528381347656,5.803308486938477,234.99993896484375
2018-04-13,41.04877471923828,127.44999694824219,88.6759262084961,85.81430053710938,5.726624011993408,234.31060791015625
2018-04-16,41.30484390258789,127.62999725341797,88.60359191894531,86.81919860839844,5.726377964019775,236.23703002929688
2018-04-17,41.87335968017578,127.75,88.60359191894531,88.57090759277344,5.876036643981934,238.76441955566406
2018-04-18,41.77939987182617,127.8499984741211,87.88805389404297,88.9120101928711,5.847094535827637,238.94126892089844
2018-04-19,40.595367431640625,127.5999984741211,89.81755065917969,88.6077651977539,5.665771961212158,237.61569213867188
2018-04-20,38.93207931518555,126.62999725341797,89.61653900146484,87.58442687988281,5.657608985900879,235.60093688964844
2018-04-23,38.81932067871094,125.62000274658203,89.18241882324219,87.90709686279297,5.53812837600708,235.5655059814453
2018-04-24,38.27898025512695,126.2300033569336,88.76435089111328,85.85118865966797,5.471833229064941,232.39303588867188
2018-04-25,38.445770263671875,125.41000366210938,88.42668914794922,85.10437774658203,5.359527587890625,232.9674835205078
2018-04-26,38.579689025878906,124.97000122070312,88.51512145996094,86.9021987915039,5.571275234222412,235.33575439453125
2018-04-27,38.133331298828125,125.5,87.95238494873047,88.34041595458984,5.598735332489014,235.55665588378906
2018-04-30,38.824005126953125,124.58999633789062,87.45390319824219,86.21996307373047,5.563360691070557,233.74508666992188
2018-05-01,39.72613525390625,123.70999908447266,87.45390319824219,87.58442687988281,5.618772029876709,234.16043090820312
2018-05-02,41.48103332519531,123.6500015258789,86.76251983642578,86.21072387695312,5.598239421844482,232.58753967285156
2018-05-03,41.556217193603516,124.27999877929688,86.2158203125,86.72702026367188,5.763482093811035,232.07496643066406
2018-05-04,43.18659973144531,124.54000091552734,87.17254638671875,87.73192596435547,5.913636207580566,235.07943725585938
2018-05-07,43.49905776977539,124.56999969482422,87.92826080322266,88.70922088623047,6.151607036590576,235.87477111816406
2018-05-08,43.70814514160156,124.58999633789062,89.23067474365234,88.33119201660156,6.194155216217041,235.87477111816406
2018-05-09,44.015892028808594,124.33000183105469,91.17623901367188,89.37297821044922,6.327239990234375,238.15469360351562
2018-05-10,44.6454963684082,125.18000030517578,91.88370513916016,90.26726531982422,6.434848308563232,240.381591796875
2018-05-11,44.47569274902344,125.0,91.53799438476562,90.07369232177734,6.296319961547852,241.1150360107422
2018-05-14,44.37193298339844,124.48999786376953,91.57015228271484,90.37788391113281,6.316850662231445,241.22996520996094
2018-05-15,43.968666076660156,122.4800033569336,90.87071990966797,89.72333526611328,6.074428081512451,239.56861877441406
2018-05-16,44.37901306152344,122.29000091552734,91.11994934082031,89.95481872558594,6.085560321807861,240.57601928710938
2018-05-17,44.098365783691406,122.36000061035156,90.81443786621094,89.05665588378906,6.127612590789795,240.372802734375
2018-05-18,43.9379997253418,122.41000366210938,89.34319305419922,89.22331237792969,6.083827972412109,239.7718505859375
2018-05-21,44.249305725097656,122.4800033569336,90.16323852539062,90.3714828491211,6.041774272918701,241.57455444335938
2018-05-22,44.138465881347656,122.41000366210938,90.85464477539062,90.27889251708984,6.0036797523498535,240.9029541015625
2018-05-23,44.42145919799805,122.54000091552734,90.43657684326172,91.35297393798828,6.127192974090576,241.56568908691406
2018-05-24,44.37193298339844,123.58999633789062,89.4236068725586,91.02892303466797,6.130905628204346,241.07086181640625
2018-05-25,44.47334289550781,123.20999908447266,88.96533966064453,91.07521057128906,6.170262813568115,240.4964141845703
2018-05-29,44.3129768371582,123.19000244140625,85.16265869140625,90.75112915039062,6.153182506561279,237.73049926757812
2018-05-30,44.2186393737793,123.37000274658203,87.10820007324219,91.62149810791016,6.262093544006348,240.9029541015625
2018-05-31,44.070072174072266,123.0999984741211,86.03093719482422,91.51963806152344,6.242292404174805,239.4272003173828
2018-06-01,44.86482238769531,122.48999786376953,87.14842224121094,93.32524108886719,6.376698970794678,241.77783203125
2018-06-04,45.239810943603516,122.37000274658203,87.18860626220703,94.14005279541016,6.5556559562683105,242.92657470703125
2018-06-05,45.58882141113281,122.8499984741211,86.69821166992188,94.62153625488281,6.561103343963623,243.1034698486328
2018-06-06,45.7468376159668,122.91999816894531,88.72415924072266,94.8993148803711,6.563083171844482,245.13589477539062
2018-06-07,45.624202728271484,122.86000061035156,89.07792663574219,93.4085464477539,6.507390022277832,245.109375
2018-06-08,45.20914077758789,123.01000213623047,89.32714080810547,94.10302734375,6.4920430183410645,245.83399963378906
2018-06-11,45.098297119140625,123.2300033569336,89.10203552246094,93.56595611572266,6.450954437255859,246.16102600097656
2018-06-12,45.345924377441406,122.81999969482422,88.58749389648438,93.80673217773438,6.49946928024292,246.47906494140625
2018-06-13,44.973304748535156,123.19000244140625,88.4106216430664,93.38076782226562,6.495013236999512,245.69253540039062
2018-06-14,44.99689483642578,123.37999725341797,86.85094451904297,93.9085693359375,6.606645584106445,246.31114196777344
2018-06-15,44.53466796875,121.33999633789062,86.74644470214844,92.71411895751953,6.565804481506348,245.9969024658203
2018-06-18,44.511077880859375,121.11000061035156,86.9715576171875,93.39006805419922,6.561596870422363,245.49099731445312
2018-06-19,43.791786193847656,120.80000305175781,86.4650650024414,93.39006805419922,6.439815521240234,244.55006408691406
2018-06-20,43.98280715942383,120.26000213623047,86.45703125,94.32523345947266,6.492786407470703,244.96725463867188
2018-06-21,43.737545013427734,120.05000305175781,86.43289184570312,93.64929962158203,6.364073276519775,243.43157958984375
2018-06-22,43.61019515991211,120.33999633789062,85.01795959472656,92.97337341308594,6.211600303649902,243.87542724609375
2018-06-25,42.96165084838867,119.88999938964844,84.24615478515625,91.10298156738281,5.9187798500061035,240.55560302734375
2018-06-26,43.494632720947266,119.26000213623047,84.30242156982422,91.74187469482422,5.989816665649414,241.0882568359375
2018-06-27,43.43096923828125,118.58000183105469,83.0000228881836,90.31593322753906,5.834622383117676,239.09091186523438
2018-06-28,43.74697494506836,118.22000122070312,84.35869598388672,91.3251953125,5.961849212646484,240.4579620361328
2018-06-29,43.65500259399414,118.6500015258789,83.77180480957031,91.30668640136719,5.863827705383301,240.8041229248047
2018-07-02,44.14316940307617,117.45999908447266,84.47929382324219,92.60299682617188,5.996006965637207,241.31893920898438
2018-07-03,43.37435531616211,118.6500015258789,83.2974853515625,91.7140884399414,5.862343788146973,240.466796875
2018-07-05,43.723392486572266,119.05000305175781,83.83905792236328,92.37150573730469,6.008135795593262,242.4285430908203
2018-07-06,44.32948303222656,118.86000061035156,84.1138916015625,93.6678237915039,6.121996879577637,244.47911071777344
2018-07-09,44.94499969482422,119.1500015258789,86.7166976928711,94.30672454833984,6.169520378112793,246.6803741455078
2018-07-10,44.89076614379883,118.93000030517578,86.18318939208984,94.55671691894531,6.268529891967773,247.56809997558594
2018-07-11,44.308265686035156,117.63999938964844,85.99728393554688,94.4271011352539,6.1269450187683105,245.7572784423828
2018-07-12,45.05112838745117,118.12999725341797,86.36910247802734,96.47339630126953,6.218528747558594,247.9852752685547
2018-07-13,45.121883392333984,117.61000061035156,85.97303009033203,97.62156677246094,6.171252727508545,248.1805877685547
2018-07-16,45.0228271484375,117.55000305175781,89.3841552734375,97.14009094238281,6.143529415130615,247.9586639404297
2018-07-17,45.15018844604492,116.27999877929688,89.31946563720703,98.1030502319336,6.279421329498291,248.9617919921875
2018-07-18,44.90256118774414,116.30999755859375,90.15203857421875,97.33454132080078,6.230163097381592,249.4854278564453
2018-07-19,45.2515983581543,115.80999755859375,88.8263931274414,96.66786193847656,6.238330841064453,248.54452514648438
2018-07-20,45.147823333740234,116.55999755859375,89.94998168945312,98.39937591552734,6.210114479064941,248.2604522705078
2018-07-23,45.18791580200195,116.0,91.62320709228516,99.97345733642578,6.173480987548828,248.72207641601562
2018-07-24,45.515724182128906,116.04000091552734,92.26985168457031,99.6864013671875,6.156154632568359,249.97364807128906
2018-07-25,45.94495391845703,116.68000030517578,93.1024169921875,102.62165069580078,6.234370231628418,252.10401916503906
2018-07-26,45.801090240478516,115.7699966430664,92.8356704711914,101.50126647949219,6.307886600494385,251.50930786132812
2018-07-27,45.039337158203125,115.83000183105469,93.78948211669922,99.70491027832031,6.238084316253662,249.8050079345703
2018-07-30,44.78700637817383,115.6500015258789,94.3553237915039,97.56603240966797,6.042789936065674,248.5001983642578
2018-07-31,44.87662124633789,115.98999786376953,92.91650390625,98.22343444824219,6.060858249664307,249.72508239746094
2018-08-01,47.52030563354492,115.13999938964844,93.49043273925781,98.40861511230469,6.100710391998291,249.30789184570312
2018-08-02,48.909358978271484,114.5199966430664,93.88651275634766,99.60308074951172,6.203432083129883,250.6660614013672
2018-08-03,49.05085754394531,114.91999816894531,94.64631652832031,100.03826141357422,6.2400641441345215,251.7400665283203
2018-08-06,49.3055534362793,114.33000183105469,94.67057800292969,100.12158966064453,6.287837982177734,252.663330078125
2018-08-07,48.843326568603516,114.58999633789062,95.01815795898438,100.81603240966797,6.360114574432373,253.4976348876953
2018-08-08,48.87633514404297,114.91000366210938,95.21214294433594,101.38088989257812,6.3964996337890625,253.39120483398438
2018-08-09,49.260738372802734,114.73999786376953,94.4765625,101.54755401611328,6.347984790802002,253.04501342773438
2018-08-10,49.114017486572266,114.69000244140625,93.54701232910156,100.92716217041016,6.306647300720215,251.34951782226562
2018-08-13,49.431156158447266,112.95999908447266,92.05968475341797,100.19568634033203,6.339568614959717,250.40863037109375
2018-08-14,49.63941192626953,113.06999969482422,92.67401123046875,101.4456787109375,6.471004009246826,252.00640869140625
2018-08-15,49.755374908447266,111.19000244140625,91.9061050415039,100.07003784179688,6.412837505340576,250.12452697753906
2018-08-16,50.48428726196289,111.0999984741211,92.7710189819336,100.05143737792969,6.372241973876953,252.14842224121094
2018-08-17,51.492454528808594,112.12999725341797,92.7710189819336,99.99568939208984,6.059868335723877,253.03607177734375
2018-08-20,50.9907341003418,112.69000244140625,92.6497573852539,99.33573150634766,6.13461971282959,253.57760620117188
2018-08-21,50.891334533691406,113.0199966430664,93.215576171875,98.50845336914062,6.270261764526367,254.1722869873047
2018-08-22,50.89370346069336,113.2699966430664,92.93267822265625,99.51232147216797,6.505408763885498,254.0214385986328
2018-08-23,50.99783706665039,112.19999694824219,92.73869323730469,99.97708892822266,6.604915142059326,253.68405151367188
2018-08-24,51.156394958496094,114.16000366210938,92.6982650756836,100.75786590576172,6.7380805015563965,255.2108917236328
2018-08-27,51.5776481628418,114.58999633789062,94.33917236328125,101.8732681274414,6.829169750213623,257.2258605957031
2018-08-28,51.994163513183594,113.68000030517578,93.87842559814453,102.48674011230469,6.7915472984313965,257.35015869140625
2018-08-29,52.77042007446289,114.19999694824219,93.57125091552734,104.1226577758789,6.897050380706787,258.73486328125
2018-08-30,53.255558013916016,113.63999938964844,93.11051177978516,104.05758666992188,6.880210876464844,257.6873474121094
2018-08-31,53.870887756347656,113.51000213623047,92.61743927001953,104.41081237792969,6.951286792755127,257.6962890625
2018-09-04,54.043643951416016,112.93000030517578,93.07817077636719,103.83451080322266,7.026078701019287,257.2524719238281
2018-09-05,53.69102096557617,113.31999969482422,92.62551879882812,100.84153747558594,6.895315647125244,256.56011962890625
2018-09-06,52.7988166809082,113.54000091552734,92.22943115234375,101.0738754272461,6.754149913787842,255.78787231445312
2018-09-07,52.372825622558594,113.2300033569336,92.40725708007812,100.58125305175781,6.732851505279541,255.29075622558594
2018-09-10,51.669944763183594,113.1500015258789,91.9142074584961,101.6687240600586,6.803928852081299,255.73460388183594
2018-09-11,52.9763069152832,113.22000122070312,92.4961929321289,103.39763641357422,6.756130695343018,256.577880859375
2018-09-12,52.31841278076172,114.16999816894531,91.40493774414062,103.83451080322266,6.642208576202393,256.6400146484375
2018-09-13,53.5821533203125,113.76000213623047,91.76061248779297,104.94993591308594,6.719974040985107,258.1578674316406
2018-09-14,52.973934173583984,113.0199966430664,91.74444580078125,105.37747192382812,6.846031188964844,258.2022705078125
2018-09-17,51.563446044921875,113.61000061035156,92.019287109375,104.23418426513672,6.784116268157959,256.8352355957031
2018-09-18,51.648658752441406,113.44000244140625,92.39109802246094,105.228759765625,6.7120490074157715,258.2288818359375
2018-09-19,51.679405212402344,113.87999725341797,95.07473754882812,103.82518768310547,6.735823631286621,258.5040588378906
2018-09-20,52.07227325439453,114.2699966430664,95.89111328125,105.56339263916016,6.594658851623535,260.59893798828125
2018-09-21,51.511383056640625,113.48999786376953,95.26062774658203,106.20471954345703,6.524569988250732,260.36083984375
2018-09-24,52.25212860107422,113.47000122070312,94.34723663330078,106.58583068847656,6.580294609069824,259.4958190917969
2018-09-25,52.58345413208008,113.6500015258789,94.08049774169922,106.38133239746094,6.647408962249756,259.25518798828125
2018-09-26,52.16456604003906,113.05000305175781,92.97306823730469,105.94447326660156,6.610508918762207,258.47943115234375
2018-09-27,53.23662567138672,112.05000305175781,92.56892395019531,106.34418487548828,6.622396945953369,259.20166015625
2018-09-28,53.42359161376953,112.76000213623047,91.2109603881836,106.3069839477539,6.959705829620361,259.2284851074219
2018-10-01,53.783321380615234,112.56999969482422,91.74444580078125,107.45957946777344,7.16625452041626,260.1290588378906
2018-10-02,54.26137161254883,113.87000274658203,92.12434387207031,107.031982421875,7.09492826461792,259.9775085449219
2018-10-03,54.92165756225586,113.41999816894531,92.98926544189453,107.05058288574219,7.101120471954346,260.1202087402344
2018-10-04,53.95607376098633,113.4800033569336,93.82765197753906,104.83837890625,6.916862964630127,258.0870666503906
2018-10-05,53.0804328918457,113.80000305175781,93.29855346679688,104.22489929199219,6.68332052230835,256.6425476074219
2018-10-08,52.95737838745117,112.54000091552734,93.86834716796875,103.0351333618164,6.582026958465576,256.6425476074219
2018-10-09,53.69102096557617,112.5999984741211,93.2171630859375,104.34573364257812,6.576330184936523,256.2680358886719
2018-10-10,51.2037239074707,112.87999725341797,90.7345199584961,98.67577362060547,6.084729194641113,248.15383911132812
2018-10-11,50.75170135498047,115.77999877929688,88.01583099365234,98.44340515136719,5.823201656341553,242.6877899169922
2018-10-12,52.56451416015625,115.2300033569336,87.05532836914062,101.84537506103516,6.105779647827148,246.05838012695312
2018-10-15,51.440391540527344,116.0,86.55878448486328,100.01425170898438,5.829391956329346,244.67623901367188
2018-10-16,52.57398223876953,115.80000305175781,88.4146728515625,103.17457580566406,6.08819580078125,250.0263214111328
2018-10-17,52.34679412841797,115.79000091552734,89.39958953857422,102.90502166748047,6.019595146179199,250.07093811035156
2018-10-18,51.123268127441406,115.91999816894531,87.9832763671875,100.85082244873047,5.932170867919922,246.4595947265625
2018-10-19,51.90187072753906,116.01000213623047,87.83673095703125,100.99954223632812,5.675596237182617,246.32586669921875
2018-10-22,52.218990325927734,115.70999908447266,86.57508087158203,101.90113830566406,5.7263665199279785,245.2201690673828
2018-10-23,52.71125030517578,116.38999938964844,85.67154693603516,100.4790267944336,5.47474479675293,243.97177124023438
2018-10-24,50.90316390991211,116.66000366210938,84.07616424560547,95.10649871826172,4.938563346862793,236.57984924316406
2018-10-25,52.01784133911133,116.4000015258789,85.35413360595703,100.66492462158203,5.147340297698975,240.82424926757812
2018-10-26,51.18952178955078,116.7699966430664,84.18199157714844,99.41937255859375,4.910825252532959,236.58871459960938
2018-10-29,50.22869110107422,116.30999755859375,85.3459701538086,96.52863311767578,4.597041606903076,235.27793884277344
2018-10-30,50.479549407958984,115.80000305175781,86.85183715820312,96.41709899902344,5.027472972869873,238.76438903808594
2018-10-31,51.795379638671875,115.1500015258789,88.74027252197266,99.27996826171875,5.221391201019287,241.3146514892578
2018-11-01,52.590553283691406,116.62999725341797,88.70770263671875,98.45272064208984,5.40168571472168,243.88267517089844
2018-11-02,49.10218811035156,116.6500015258789,88.21930694580078,98.67577362060547,5.3226823806762695,242.43817138671875
2018-11-05,47.708255767822266,116.37000274658203,88.79723358154297,99.93061065673828,5.244670391082764,243.77569580078125
2018-11-06,48.224178314208984,116.04000091552734,89.21239471435547,100.12580108642578,5.227087497711182,245.31822204589844
2018-11-07,49.686744689941406,116.02999877929688,90.74266052246094,104.06688690185547,5.2946977615356445,250.57020568847656
2018-11-08,49.51338195800781,115.77999877929688,91.47525024414062,103.87167358398438,5.101523399353027,250.115478515625
2018-11-09,48.558677673339844,114.4800033569336,90.5879898071289,101.84537506103516,5.093597888946533,247.67233276367188
2018-11-12,46.11256790161133,113.66000366210938,88.68330383300781,99.33573150634766,4.694124698638916,243.0445556640625
2018-11-13,45.651859283447266,113.69999694824219,89.2042465209961,99.40082550048828,4.936087131500244,242.58970642089844
2018-11-14,44.362300872802734,114.63999938964844,87.36463928222656,97.99120330810547,4.8835835456848145,240.93116760253906
2018-11-15,45.45711898803711,114.7699966430664,89.59495544433594,100.1475830078125,5.012364864349365,243.44570922851562
2018-11-16,45.96058654785156,115.62000274658203,89.52982330322266,101.0904541015625,4.072250843048096,244.07887268066406
2018-11-19,44.139068603515625,115.66999816894531,90.2136001586914,97.6644515991211,3.583622455596924,239.95034790039062
2018-11-20,42.03020095825195,115.66999816894531,88.27630615234375,94.94792175292969,3.6920971870422363,235.50979614257812
2018-11-21,41.98271179199219,115.86000061035156,87.61698150634766,96.25484466552734,3.5838704109191895,236.31231689453125
2018-11-23,40.9163932800293,115.7699966430664,86.81112670898438,96.2175064086914,3.591052293777466,234.73399353027344
2018-11-26,41.469722747802734,115.63999938964844,88.93563079833984,99.3914566040039,3.7904179096221924,238.523681640625
2018-11-27,41.379493713378906,114.94999694824219,89.31008911132812,100.01690673828125,3.8072590827941895,239.3262481689453
2018-11-28,42.970645904541016,115.37999725341797,90.30313110351562,103.73231506347656,3.964273691177368,244.83677673339844
2018-11-29,42.64053726196289,115.73999786376953,89.5868148803711,102.86415100097656,3.9010581970214844,244.3017578125
2018-11-30,42.410179138183594,115.54000091552734,90.506591796875,103.51760864257812,4.051536560058594,245.79083251953125
2018-12-03,43.89208984375,116.41000366210938,91.36128234863281,104.63780212402344,4.215402603149414,249.04551696777344
2018-12-04,41.96131896972656,117.12000274658203,87.28324127197266,101.30516052246094,3.8948607444763184,240.9757843017578
2018-12-06,41.49347686767578,117.13999938964844,85.62271881103516,101.93061065673828,3.9241139888763428,240.61019897460938
2018-12-07,40.01395034790039,118.08999633789062,84.07616424560547,97.85115814208984,3.659348487854004,235.01942443847656
2018-12-10,40.277557373046875,117.68000030517578,82.50517272949219,100.43699645996094,3.764709234237671,235.4652099609375
2018-12-11,40.047203063964844,117.54000091552734,81.6993408203125,101.37051391601562,3.6737277507781982,235.5187530517578
2018-12-12,40.1588134765625,117.79000091552734,82.22843933105469,101.82794952392578,3.69132924079895,236.70465087890625
2018-12-13,40.59816360473633,117.52999877929688,82.30982208251953,102.17332458496094,3.6910808086395264,236.62440490722656
2018-12-14,39.29911422729492,117.05999755859375,81.63420867919922,98.98072814941406,3.630592107772827,232.25518798828125
2018-12-17,38.93339920043945,117.87000274658203,80.59231567382812,96.0494613647461,3.559443235397339,227.69871520996094
2018-12-18,39.43923568725586,118.1500015258789,80.20974731445312,97.05764770507812,3.6427395343780518,227.44906616210938
2018-12-19,38.20905685424805,117.43000030517578,79.19226837158203,96.79627990722656,3.4337539672851562,224.04281616210938
2018-12-20,37.24486541748047,119.23999786376953,78.50852966308594,94.76119232177734,3.3492181301116943,220.3958740234375
2018-12-21,35.79620361328125,118.72000122070312,76.65263366699219,91.69928741455078,3.2121260166168213,215.88006591796875
2018-12-24,34.87000274658203,120.0199966430664,75.000244140625,87.87187194824219,3.1503963470458984,210.17588806152344
2018-12-26,37.32560348510742,119.66000366210938,78.10968780517578,93.87435913085938,3.2996373176574707,220.7949981689453
2018-12-27,37.0833740234375,120.56999969482422,78.98877716064453,94.4531478881836,3.2517902851104736,222.4901123046875
2018-12-28,37.10238265991211,121.05999755859375,78.81782531738281,93.71568298339844,3.3132717609405518,222.203125
2018-12-31,37.46098327636719,121.25,79.46088409423828,94.81725311279297,3.3095531463623047,224.14938354492188
2019-01-02,37.50373077392578,121.33000183105469,80.83650970458984,94.39717864990234,3.376983642578125,224.38253784179688
2019-01-03,33.76808547973633,122.43000030517578,79.68769836425781,90.9244613647461,3.1729559898376465,219.02813720703125
2019-01-04,35.20961380004883,121.44000244140625,82.62541198730469,95.1532974243164,3.37623929977417,226.3646240234375
2019-01-07,35.13123321533203,121.86000061035156,82.68280792236328,95.274658203125,3.5549802780151367,228.14947509765625
2019-01-08,35.80096435546875,121.52999877929688,82.52691650390625,95.96544647216797,3.466477155685425,230.29298400878906
2019-01-09,36.40890884399414,122.30999755859375,82.38742065429688,97.33773040771484,3.5346522331237793,231.3692626953125
2019-01-10,36.5252799987793,121.58999633789062,82.37923431396484,96.71227264404297,3.6003475189208984,232.1854705810547
2019-01-11,36.16667938232422,121.80000305175781,81.9853286743164,95.96544647216797,3.68959379196167,232.275146484375
2019-01-14,35.622833251953125,122.08999633789062,82.83053588867188,95.26532745361328,3.729506254196167,230.85801696777344
2019-01-15,36.35190963745117,121.87999725341797,83.43777465820312,98.02851867675781,3.715376377105713,233.50390625
2019-01-16,36.79602813720703,122.2699966430664,84.11067199707031,98.37393951416016,3.6898415088653564,234.06886291503906
2019-01-17,37.014503479003906,122.11000061035156,84.45531463623047,99.06470489501953,3.7612390518188477,235.84469604492188
2019-01-18,37.242496490478516,121.0199966430664,85.82571411132812,100.54900360107422,3.890397310256958,238.98385620117188
2019-01-22,36.40654373168945,121.44999694824219,84.47173309326172,98.65398406982422,3.6881062984466553,235.7550506591797
2019-01-23,36.55378341674805,121.27999877929688,84.25838470458984,99.61550903320312,3.7009975910186768,236.24832153320312
2019-01-24,36.26405334472656,121.08999633789062,84.3076171875,99.13941192626953,3.9129581451416016,236.37388610839844
2019-01-25,37.46572494506836,122.86000061035156,84.84100341796875,100.04491424560547,3.970224380493164,238.3739471435547
2019-01-28,37.11899948120117,123.29000091552734,85.24307250976562,98.09386444091797,3.421359062194824,236.56224060058594
2019-01-29,36.7342643737793,123.9800033569336,85.48104095458984,96.09614562988281,3.2624499797821045,236.24832153320312
2019-01-30,39.24449920654297,124.69000244140625,85.67799377441406,99.30741882324219,3.4059884548187256,239.98828125
2019-01-31,39.527095794677734,124.75,84.9312515258789,97.48710632324219,3.563657522201538,242.09603881835938
2019-02-01,39.54609680175781,124.5,85.24307250976562,95.94677734375,3.58795166015625,242.21261596679688
2019-02-04,40.66940689086914,123.95999908447266,85.54669952392578,98.70999908447266,3.698270082473755,243.91671752929688
2019-02-05,41.36524200439453,124.27999877929688,85.16925048828125,100.09160614013672,3.7173593044281006,244.9390869140625
2019-02-06,41.379493713378906,123.44000244140625,85.1281967163086,98.98072814941406,3.7929704189300537,244.61619567871094
2019-02-07,40.59579849243164,123.73999786376953,84.01219177246094,98.27123260498047,3.6546382904052734,242.284423828125
2019-02-08,40.64350128173828,124.20999908447266,83.1751937866211,98.6446533203125,3.673231840133667,242.580322265625
2019-02-11,40.40975570678711,123.5999984741211,82.78131103515625,98.25254821777344,3.630592107772827,242.71484375
2019-02-12,40.75796127319336,123.86000061035156,84.1927261352539,99.78356170654297,3.747605085372925,245.83599853515625
2019-02-13,40.588619232177734,123.37000274658203,84.59483337402344,99.70884704589844,3.7899956703186035,246.6342315673828
2019-02-14,40.73651123046875,124.05999755859375,84.04503631591797,99.79286193847656,3.830900192260742,246.0870819091797
2019-02-15,40.6458740234375,124.80000305175781,86.61348724365234,101.02513122558594,3.9005625247955322,248.768798828125
2019-02-19,40.76751708984375,126.69999694824219,86.30984497070312,100.97844696044922,3.8832080364227295,249.1992950439453
2019-02-20,41.02985382080078,126.4800033569336,86.72834777832031,100.45342254638672,3.930558681488037,249.70162963867188
2019-02-21,40.79851531982422,125.05000305175781,86.54782104492188,102.57220458984375,3.8616411685943604,248.81375122070312
2019-02-22,41.25405502319336,125.5,86.16215515136719,104.03468322753906,3.946424722671509,250.35635375976562
2019-02-25,41.55458450317383,125.37000274658203,87.06480407714844,104.61593627929688,3.934030055999756,250.69708251953125
2019-02-26,41.578433990478516,125.58000183105469,86.40010833740234,105.33782196044922,3.8946120738983154,250.51779174804688
2019-02-27,41.707218170166016,124.69000244140625,86.29344177246094,105.1596908569336,3.8527162075042725,250.4102020263672
2019-02-28,41.29698944091797,123.98999786376953,85.63697814941406,105.02845001220703,3.8281476497650146,249.9437713623047
2019-03-01,41.73106384277344,121.87999725341797,85.69440460205078,105.49720001220703,3.882495403289795,251.50436401367188
2019-03-04,41.94095230102539,121.55999755859375,85.4974594116211,105.24407196044922,3.8906848430633545,250.58949279785156
2019-03-05,41.8646354675293,121.72000122070312,85.43184661865234,104.71907806396484,3.884233236312866,250.24864196777344
2019-03-06,41.623741149902344,121.61000061035156,85.1117935180664,104.76594543457031,3.773303985595703,248.7329864501953
2019-03-07,41.141963958740234,121.51000213623047,84.4963607788086,103.49095153808594,3.7040674686431885,246.65216064453125
2019-03-08,41.23974609375,122.83999633789062,84.52916717529297,103.60345458984375,3.7383134365081787,246.15884399414062
2019-03-11,42.668392181396484,122.23999786376953,85.62875366210938,105.77847290039062,3.9988837242126465,249.728515625
2019-03-12,43.14779281616211,122.9800033569336,85.37438201904297,106.51907348632812,4.033130645751953,250.67025756835938
2019-03-13,43.338584899902344,123.83999633789062,85.66158294677734,107.34408569335938,4.18450927734375,252.32952880859375
2019-03-14,43.82036590576172,122.41000366210938,86.4411392211914,107.42845153808594,4.108571529388428,252.1680145263672
2019-03-15,44.39038848876953,122.97000122070312,87.43406677246094,108.66594696044922,4.214038848876953,253.4138641357422
2019-03-18,44.84354782104492,123.04000091552734,87.9592514038086,110.22221374511719,4.192697048187256,254.3326873779297
2019-03-19,44.48817825317383,123.37999725341797,87.63920593261719,110.29720306396484,4.360455513000488,254.39581298828125
2019-03-20,44.87693405151367,124.18000030517578,85.76827239990234,110.17533111572266,4.32794713973999,253.63009643554688
2019-03-21,46.529762268066406,123.68000030517578,84.414306640625,112.70657348632812,4.564692974090576,256.4947509765625
2019-03-22,45.566219329833984,123.97000122070312,81.86225891113281,109.73470306396484,4.404877185821533,251.55819702148438
2019-03-25,45.0152702331543,124.91999816894531,81.18114471435547,110.30659484863281,4.312560558319092,251.36891174316406
2019-03-26,44.55018997192383,124.30000305175781,81.99351501464844,110.54096221923828,4.389242172241211,253.24266052246094
2019-03-27,44.95086669921875,123.6500015258789,81.71453857421875,109.47219848632812,4.380061149597168,251.9185333251953
2019-03-28,45.01049041748047,121.9000015258789,82.64181518554688,109.62222290039062,4.3986735343933105,252.87339782714844
2019-03-29,45.303855895996094,122.01000213623047,83.06854248046875,110.569091796875,4.455997467041016,254.46788024902344
2019-04-01,45.61152267456055,121.52999877929688,85.86672973632812,111.58157348632812,4.52349853515625,257.48565673828125
2019-04-02,46.27457809448242,121.9800033569336,86.27703094482422,111.740966796875,4.5413665771484375,257.6117248535156
2019-04-03,46.591793060302734,121.80000305175781,86.44935607910156,112.47221374511719,4.680830955505371,258.0171203613281
2019-04-04,46.67286682128906,122.11000061035156,87.28449249267578,111.90033721923828,4.671899795532227,258.7017822265625
2019-04-05,46.985313415527344,121.9800033569336,87.07776641845703,112.39720153808594,4.7386555671691895,259.95391845703125
2019-04-08,47.72467803955078,122.51000213623047,87.35892486572266,112.43470764160156,4.759499549865723,260.1521301269531
2019-04-09,47.58157730102539,123.1500015258789,86.7139663696289,111.82533264160156,4.696715354919434,258.8188171386719
2019-04-10,47.84870147705078,123.52999877929688,87.10256958007812,112.67847442626953,4.767193794250488,259.7016906738281
2019-04-11,47.45039749145508,121.94999694824219,87.83850860595703,112.80972290039062,4.753296375274658,259.6296081542969
2019-04-12,47.431304931640625,121.83000183105469,91.95633697509766,113.39096069335938,4.715327739715576,261.3862609863281
2019-04-15,47.51716995239258,121.5999984741211,90.90618896484375,113.4847183227539,4.583553791046143,261.21514892578125
2019-04-16,47.52194595336914,120.51000213623047,91.8653335571289,113.22220611572266,4.670658111572266,261.3862609863281
2019-04-17,48.447349548339844,120.27999877929688,94.51136016845703,114.15971374511719,4.647826194763184,260.7466735839844
2019-04-18,48.6214599609375,120.37000274658203,93.8167953491211,115.65975189208984,4.623259544372559,261.26007080078125
2019-04-22,48.7812385559082,120.37000274658203,93.93254852294922,116.0253677368164,4.677111625671387,261.4852600097656
2019-04-23,49.484840393066406,120.12000274658203,94.04830932617188,117.6003646850586,4.7317047119140625,263.8365783691406
2019-04-24,49.408512115478516,120.47000122070312,93.89122772216797,117.19723510742188,4.744114398956299,263.2510070800781
2019-04-25,48.96012878417969,120.56999969482422,93.9408187866211,121.07848358154297,4.638396739959717,263.08880615234375
2019-04-26,48.72640609741211,121.37000274658203,94.65192413330078,121.77225494384766,4.41951847076416,264.31396484375
2019-04-29,48.800323486328125,120.83000183105469,96.0162582397461,121.6597671508789,4.450290679931641,264.7282409667969
2019-04-30,47.86063003540039,121.19999694824219,95.95836639404297,122.4378662109375,4.491734504699707,264.8634033203125
2019-05-01,50.20988464355469,120.4000015258789,95.22248077392578,119.88787078857422,4.478580951690674,262.8726806640625
2019-05-02,49.88314437866211,119.94000244140625,95.42919158935547,118.32223510742188,4.546081066131592,262.3051452636719
2019-05-03,50.50324630737305,120.6500015258789,96.0162582397461,120.84412384033203,4.541614055633545,264.8724670410156
2019-05-06,49.72334671020508,120.80999755859375,95.16458892822266,120.14100646972656,4.463194370269775,263.782470703125
2019-05-07,48.38294219970703,121.20999908447266,93.61006927490234,117.67533874511719,4.295933723449707,259.3774108886719
2019-05-08,48.39249038696289,120.91000366210938,93.11395263671875,117.6659927368164,4.316034317016602,259.0170593261719
2019-05-09,47.872554779052734,121.19999694824219,93.03952026367188,117.65660095214844,4.223471164703369,258.23333740234375
2019-05-10,47.20935821533203,121.43000030517578,93.03125,119.18473052978516,4.18947172164917,259.5306701660156
2019-05-13,44.4655647277832,122.66999816894531,90.50104522705078,115.64096069335938,3.932128429412842,253.00848388671875
2019-05-14,45.169471740722656,122.45999908447266,91.22042083740234,116.93475341796875,4.0212178230285645,255.29664611816406
2019-05-15,45.710567474365234,122.38999938964844,90.87312316894531,118.58143615722656,3.9601707458496094,256.7919921875
2019-05-16,45.509464263916016,121.51000213623047,92.03900909423828,121.31966400146484,3.9753081798553467,259.17022705078125
2019-05-17,45.2508659362793,120.6500015258789,91.59248352050781,120.51045989990234,3.884481430053711,257.49468994140625
2019-05-20,43.83588409423828,120.63999938964844,92.07209014892578,118.76962280273438,3.7658591270446777,255.79200744628906
2019-05-21,44.67625045776367,120.36000061035156,92.38629913330078,119.40949249267578,3.848001480102539,258.0981140136719
2019-05-22,43.76165771484375,120.23999786376953,91.63384246826172,120.13404846191406,3.7770261764526367,257.3054504394531
2019-05-23,43.01466751098633,121.16999816894531,89.8312759399414,118.73198699951172,3.655924081802368,254.1616668701172
2019-05-24,42.84946823120117,121.30000305175781,90.71602630615234,118.7884521484375,3.602072238922119,254.73802185058594
2019-05-28,42.67228698730469,120.83000183105469,89.7320327758789,118.71317291259766,3.5569074153900146,252.36888122558594
2019-05-29,42.46878433227539,120.87000274658203,89.48399353027344,117.565185546875,3.4827070236206055,250.6753692626953
2019-05-30,42.68904113769531,121.69000244140625,88.52482604980469,118.30856323242188,3.456123113632202,251.3599090576172
2019-05-31,41.915714263916016,123.33000183105469,87.61524200439453,116.37957000732422,3.365440607070923,247.9728546142578
2019-06-03,41.491939544677734,125.11000061035156,88.02867126464844,112.76620483398438,3.323701858520508,247.3423309326172
2019-06-04,43.00988006591797,125.1500015258789,90.74082946777344,115.89026641845703,3.5527682304382324,252.7113037109375
2019-06-05,43.704200744628906,125.47000122070312,91.06332397460938,118.40264892578125,3.510035991668701,254.90016174316406
2019-06-06,44.34584426879883,125.87999725341797,91.2617416381836,120.27519226074219,3.5721476078033447,256.5575866699219
2019-06-07,45.52621078491211,126.58999633789062,90.26123809814453,123.64385986328125,3.614880084991455,259.1250915527344
2019-06-10,46.10800552368164,125.33000183105469,91.23692321777344,124.77303314208984,3.687673807144165,260.31427001953125
2019-06-11,46.64191436767578,125.18000030517578,91.51808166503906,124.30254364013672,3.745314121246338,260.251220703125
2019-06-12,46.49348831176758,125.83000183105469,90.35218811035156,123.72858428955078,3.6322710514068604,259.7917175292969
2019-06-13,46.483890533447266,126.5999984741211,90.57545471191406,124.50956726074219,3.683450698852539,260.8637390136719
2019-06-14,46.14631652832031,126.55999755859375,90.80696105957031,124.63191986083984,3.593513250350952,260.5755310058594
2019-06-17,46.4216423034668,126.4800033569336,90.31085205078125,125.0082778930664,3.603203058242798,260.6746520996094
2019-06-18,47.513423919677734,127.12000274658203,91.54288482666016,127.18191528320312,3.798232316970825,263.4041442871094
2019-06-19,47.374549865722656,127.88999938964844,90.88137817382812,127.68063354492188,3.8041939735412598,263.9986572265625
2019-06-20,47.75522994995117,131.11000061035156,91.11293029785156,128.8662872314453,3.828542709350586,266.5209655761719
2019-06-21,47.59242630004883,131.97999572753906,90.49275207519531,128.88507080078125,3.770406484603882,266.13360595703125
2019-06-24,47.54452896118164,133.94000244140625,89.84779357910156,129.6472625732422,3.792766571044922,265.8077392578125
2019-06-25,46.82387924194336,134.1999969482422,89.10362243652344,125.55402374267578,3.7634494304656982,263.2007141113281
2019-06-26,47.83664321899414,132.97000122070312,89.69894409179688,126.02455139160156,3.956740140914917,262.9382019042969
2019-06-27,47.82228088378906,132.83999633789062,89.99662017822266,126.23155212402344,4.055373668670654,263.8705139160156
2019-06-28,47.38652038574219,133.1999969482422,92.44418334960938,126.05278778076172,4.080216884613037,265.2283935546875
2019-07-01,48.25563049316406,130.6199951171875,93.99868774414062,127.6712646484375,4.128416538238525,267.6361999511719
2019-07-02,48.538143157958984,133.41000366210938,94.09790802001953,128.5181427001953,4.030528545379639,268.33331298828125
2019-07-03,48.94038009643555,133.6300048828125,93.94804382324219,129.34617614746094,4.043447017669678,270.4786682128906
2019-07-05,48.89727020263672,132.13999938964844,94.50595092773438,128.96978759765625,3.9808402061462402,270.1708984375
2019-07-08,47.889312744140625,131.2899932861328,93.98966217041016,128.8756866455078,3.9058096408843994,268.6863098144531
2019-07-09,48.1814079284668,131.75,94.38935852050781,128.40518188476562,3.9082937240600586,269.0212097167969
2019-07-10,48.6578483581543,133.8300018310547,94.11456298828125,129.71316528320312,3.9766154289245605,270.306640625
2019-07-11,48.30351638793945,132.6999969482422,95.013916015625,130.2306671142578,4.131150245666504,270.94024658203125
2019-07-12,48.674625396728516,133.52999877929688,96.01319122314453,130.70118713378906,4.164191246032715,272.1532287597656
2019-07-15,49.13191223144531,133.52999877929688,94.84736633300781,130.70118713378906,4.155745983123779,272.2438049316406
2019-07-16,48.96192169189453,132.39999389648438,95.8633041381836,128.98863220214844,4.151024341583252,271.3656921386719
2019-07-17,48.686588287353516,134.5800018310547,94.92230224609375,128.2263946533203,4.216367244720459,269.51904296875
2019-07-18,49.239654541015625,136.47999572753906,95.48857879638672,128.36756896972656,4.228043079376221,270.5057373046875
2019-07-19,48.5046272277832,134.47000122070312,94.54759216308594,128.55575561523438,4.184813976287842,269.0030212402344
2019-07-22,49.6131477355957,134.4499969482422,95.15546417236328,130.25889587402344,4.2563652992248535,269.66387939453125
2019-07-23,50.00102996826172,133.69000244140625,96.89588165283203,131.06814575195312,4.364189624786377,271.5920715332031
2019-07-24,49.9603157043457,134.3699951171875,97.28724670410156,132.4137420654297,4.438724994659424,272.868408203125
2019-07-25,49.56527328491211,133.4199981689453,96.35460662841797,131.9150390625,4.307545185089111,271.5649108886719
2019-07-26,49.737648010253906,133.63999938964844,96.779296875,132.9971160888672,4.349532127380371,273.3843688964844
2019-07-29,50.20213317871094,134.52999877929688,96.47116088867188,132.7053985595703,4.343321800231934,272.8864440917969
2019-07-30,49.98664855957031,134.97999572753906,96.25467681884766,132.06558227539062,4.358973026275635,272.2166748046875
2019-07-31,51.006591796875,133.2100067138672,96.59609985351562,128.2263946533203,4.191769123077393,269.2383728027344
2019-08-01,49.90285873413086,136.41000366210938,94.04794311523438,129.91075134277344,4.097360134124756,266.89398193359375
2019-08-02,48.847007751464844,135.88999938964844,94.03961944580078,128.81922912597656,4.0046892166137695,264.88446044921875
2019-08-05,46.289974212646484,137.7899932861328,91.2416763305664,124.40607452392578,3.746307134628296,256.91851806640625
2019-08-06,47.16625213623047,138.91000366210938,91.95780944824219,126.73965454101562,3.785064458847046,260.521240234375
2019-08-07,47.6546745300293,141.02000427246094,89.95925903320312,127.29481506347656,3.823326349258423,260.6751708984375
2019-08-08,48.70574951171875,141.72999572753906,91.48313903808594,130.69175720214844,3.9318957328796387,265.7895812988281
2019-08-09,48.30438995361328,141.25999450683594,91.38323211669922,129.5814666748047,3.830530881881714,263.979248046875
2019-08-12,48.18180847167969,142.6300048828125,89.66780090332031,127.77474975585938,3.762704849243164,260.7657165527344
2019-08-13,50.22224807739258,141.77999877929688,91.05013275146484,130.4188995361328,3.8769891262054443,264.82098388671875
2019-08-14,48.72736740112305,142.75,87.26957702636719,126.49138641357422,3.728419065475464,256.99090576171875
2019-08-15,48.48463439941406,143.6999969482422,87.60266876220703,126.20816040039062,3.69612193107605,257.6698303222656
2019-08-16,49.62861251831055,142.77999877929688,89.70111846923828,128.5211944580078,3.9641945362091064,261.4717712402344
2019-08-19,50.55389404296875,141.11000061035156,90.50886535644531,130.67381286621094,4.242948532104492,264.6218566894531
2019-08-20,50.556304931640625,142.2100067138672,89.3597183227539,129.5880584716797,4.170651912689209,262.5941467285156
2019-08-21,51.10425567626953,141.75999450683594,89.60953521728516,131.03250122070312,4.254129409790039,264.7304992675781
2019-08-22,51.060997009277344,141.39999389648438,90.53385925292969,130.07899475097656,4.260340213775635,264.6490173339844
2019-08-23,48.70094299316406,144.1699981689453,88.28549194335938,125.93440246582031,4.035745620727539,257.850830078125
2019-08-26,49.6262092590332,144.19000244140625,88.99331665039062,127.8792495727539,4.110527515411377,260.70233154296875
2019-08-27,49.066246032714844,145.57000732421875,88.05233001708984,128.15301513671875,4.019845008850098,259.67938232421875
2019-08-28,49.3954963684082,145.16000366210938,88.93502044677734,127.98308563232422,4.009400367736816,261.5079650878906
2019-08-29,50.231849670410156,144.1199951171875,90.95024108886719,130.40000915527344,4.153143882751465,264.84820556640625
2019-08-30,50.16696548461914,143.75,91.48313903808594,130.15451049804688,4.165826797485352,264.7304992675781
2019-09-03,49.43635177612305,145.75,90.40060424804688,128.43624877929688,4.082764625549316,263.1825866699219
2019-09-04,50.27511978149414,146.66000366210938,91.49149322509766,129.93743896484375,4.196915149688721,266.1698303222656
2019-09-05,51.25807571411133,143.13999938964844,93.57329559326172,132.22213745117188,4.469977855682373,269.5914611816406
2019-09-06,51.25325393676758,141.9199981689453,93.77316284179688,131.3252410888672,4.442870140075684,269.7996826171875
2019-09-09,51.47196578979492,141.38999938964844,96.09646606445312,129.83355712890625,4.488877773284912,269.935546875
2019-09-10,52.08000183105469,140.17999267578125,97.32054901123047,128.47401428222656,4.555527687072754,269.8721008300781
2019-09-11,53.73589324951172,141.02999877929688,97.58704376220703,128.5117645263672,4.584125995635986,271.7911682128906
2019-09-12,53.61573028564453,141.32000732421875,98.18661499023438,129.83355712890625,4.582634925842285,272.7326354980469
2019-09-13,52.57268142700195,140.14999389648438,100.11851501464844,129.64468383789062,4.524689197540283,272.5514831542969
2019-09-16,52.84907150268555,141.32000732421875,99.22750091552734,128.7100830078125,4.48166561126709,271.70965576171875
2019-09-17,53.04132843017578,141.60000610351562,98.73621368408203,129.7107696533203,4.503053188323975,272.3976745605469
2019-09-18,53.538818359375,140.7100067138672,99.72715759277344,130.7776336669922,4.475944995880127,272.5606994628906
2019-09-19,53.10382843017578,141.27999877929688,99.41069030761719,133.18508911132812,4.400343894958496,272.54254150390625
2019-09-20,52.327552795410156,142.9499969482422,99.01100158691406,131.64620971679688,4.294649600982666,271.2547302246094
2019-09-23,52.56547164916992,143.75,98.99432373046875,131.3629913330078,4.348117828369141,271.1911315917969
2019-09-24,52.31553268432617,144.50999450683594,97.70360565185547,129.70138549804688,4.290670871734619,269.0631408691406
2019-09-25,53.12064743041992,141.8300018310547,98.26154327392578,131.5706787109375,4.432425022125244,270.65460205078125
2019-09-26,52.84666061401367,141.7899932861328,97.45378875732422,131.74063110351562,4.410290241241455,270.0907897949219
2019-09-27,52.58950424194336,141.05999755859375,98.02836608886719,130.03179931640625,4.27152156829834,268.63568115234375
2019-09-30,53.82722854614258,138.8699951171875,98.00340270996094,131.25914001464844,4.3289690017700195,269.88165283203125
2019-10-01,53.976226806640625,139.6300048828125,96.22136688232422,129.40872192382812,4.327226638793945,266.6714172363281
2019-10-02,52.6231575012207,141.25999450683594,94.30609130859375,127.12395477294922,4.303353786468506,261.9607849121094
2019-10-03,53.0701789855957,141.89999389648438,94.17178344726562,128.66285705566406,4.509021282196045,264.1069030761719
2019-10-04,54.55782699584961,141.89999389648438,96.2115249633789,130.40000915527344,4.525435924530029,267.68084716796875
2019-10-07,54.56984329223633,140.69000244140625,96.00167846679688,129.45591735839844,4.584125995635986,266.5259094238281
2019-10-08,53.930564880371094,141.9199981689453,93.86121368408203,128.08694458007812,4.407554626464844,262.3881530761719
2019-10-09,54.56263732910156,142.0500030517578,94.54115295410156,130.5133056640625,4.4940996170043945,264.8799133300781
2019-10-10,55.29805374145508,140.80999755859375,95.86737060546875,131.3252410888672,4.55179500579834,266.6714172363281
2019-10-11,56.768898010253906,140.02999877929688,97.48741912841797,131.87283325195312,4.625410556793213,269.43597412109375
2019-10-14,56.68717956542969,140.58999633789062,97.74759674072266,131.7500762939453,4.638837814331055,269.135986328125
2019-10-15,56.55499267578125,139.61000061035156,100.69390106201172,133.65716552734375,4.883550643920898,271.80047607421875
2019-10-16,56.32667541503906,140.41000366210938,100.45886993408203,132.56201171875,4.829832553863525,271.3639221191406
2019-10-17,56.545379638671875,140.61000061035156,101.02127838134766,131.88221740722656,4.831823825836182,272.16424560546875
2019-10-18,56.81695556640625,140.4600067138672,101.19754028320312,129.7296600341797,4.737320899963379,270.9729309082031
2019-10-21,57.802310943603516,139.7899932861328,103.70733642578125,130.69264221191406,4.874598026275635,272.8099060058594
2019-10-22,57.67013168334961,140.1999969482422,104.74819946289062,128.74781799316406,4.864650726318359,271.918701171875
2019-10-23,58.444000244140625,140.52999877929688,105.02517700195312,129.56918334960938,4.851717472076416,272.7098083496094
2019-10-24,58.540138244628906,141.52999877929688,104.94962310791016,132.1182403564453,4.895736217498779,273.1554260253906
2019-10-25,59.26113510131836,141.86000061035156,105.7890396118164,132.86412048339844,5.08673095703125,274.2740478515625
2019-10-28,59.85475158691406,140.63999938964844,106.19194793701172,136.1307373046875,5.1426873207092285,275.8199157714844
2019-10-29,58.47044372558594,140.25,106.12479400634766,134.8467559814453,5.046443939208984,275.73809814453125
2019-10-30,58.46324157714844,141.02000427246094,105.53720092773438,136.5272216796875,5.048431873321533,276.58392333984375
2019-10-31,59.785057067871094,142.42999267578125,104.85730743408203,135.3565673828125,4.999192714691162,275.8473205566406
2019-11-01,61.4818115234375,142.55999755859375,107.2747802734375,135.68695068359375,5.03823709487915,278.4026794433594
2019-11-04,61.885562896728516,142.14999389648438,108.13094329833984,136.47059631347656,5.234951496124268,279.5211486816406
2019-11-05,61.79663848876953,139.85000610351562,108.36598205566406,136.38563537597656,5.212817668914795,279.2120361328125
2019-11-06,61.82308578491211,140.4499969482422,108.53388214111328,136.0080108642578,5.163578033447266,279.2756652832031
2019-11-07,62.53660583496094,138.27000427246094,109.12142944335938,136.1968231201172,5.181234836578369,280.2577819824219
2019-11-08,62.70774841308594,137.38999938964844,109.4404067993164,137.8018035888672,5.167305946350098,280.948974609375
2019-11-11,63.204315185546875,137.05999755859375,109.05429077148438,137.943359375,5.177255153656006,280.4124755859375
2019-11-12,63.14643859863281,137.42999267578125,108.41633605957031,138.8497772216797,5.212817668914795,281.0035705566406
2019-11-13,63.751495361328125,137.97999572753906,107.84555053710938,139.07635498046875,5.186954021453857,281.094482421875
2019-11-14,63.31037139892578,138.55999755859375,107.94627380371094,139.78443908691406,5.2172932624816895,281.5036315917969
2019-11-15,64.0624771118164,138.2100067138672,108.72691345214844,141.58766174316406,5.07802677154541,283.5407409667969
2019-11-18,64.38548278808594,138.6199951171875,109.64183807373047,141.9369659423828,5.279217720031738,283.7499084472656
2019-11-19,64.19022369384766,138.69000244140625,109.60828399658203,141.9841766357422,5.172530174255371,283.6679992675781
2019-11-20,63.442962646484375,138.75999450683594,108.81085205078125,141.7378692626953,5.251863479614258,282.6131286621094
2019-11-21,63.15850830078125,138.0,109.06266784667969,141.60525512695312,5.226993083953857,282.158447265625
2019-11-22,63.10306930541992,137.74000549316406,109.78455352783203,141.70950317382812,5.244650840759277,282.7857666015625
2019-11-25,64.20950317382812,137.0800018310547,110.37215423583984,143.26304626464844,5.501299858093262,284.97760009765625
2019-11-26,63.708133697509766,137.74000549316406,110.52322387695312,144.02093505859375,5.396600246429443,285.6231994628906
2019-11-27,64.5638427734375,137.00999450683594,110.85060119628906,144.295654296875,5.431443691253662,286.8963928222656
2019-11-29,64.42164611816406,137.86000061035156,110.5987777709961,143.4052276611328,5.394110679626465,285.8324279785156
2019-12-02,63.676780700683594,137.7899932861328,110.3553466796875,141.6715545654297,5.207705020904541,283.40435791015625
2019-12-03,62.541419982910156,139.11000061035156,108.93675231933594,141.44424438476562,5.1681318283081055,281.5036315917969
2019-12-04,63.09343338012695,138.9199981689453,111.08564758300781,141.95579528808594,5.211935043334961,283.24066162109375
2019-12-05,64.01907348632812,139.0,111.68999481201172,142.03155517578125,5.195009708404541,283.7499084472656
2019-12-06,65.25567626953125,137.6199951171875,113.35198974609375,143.7556915283203,5.280375957489014,286.34173583984375
2019-12-09,64.34208679199219,137.5800018310547,112.82317352294922,143.38623046875,5.280375957489014,285.44134521484375
2019-12-10,64.7181396484375,137.97000122070312,112.89869689941406,143.16836547851562,5.325422286987305,285.1230163574219
2019-12-11,65.2701416015625,138.9199981689453,112.6301040649414,143.7083282470703,5.409043788909912,285.93243408203125
2019-12-12,65.43648529052734,138.42999267578125,115.85340118408203,145.1671600341797,5.576536655426025,288.3969421386719
2019-12-13,66.3259506225586,139.0500030517578,114.83770751953125,146.3892059326172,5.5745463371276855,288.56976318359375
2019-12-16,67.46129608154297,139.0399932861328,115.28258514404297,147.33653259277344,5.6034159660339355,290.5522155761719
2019-12-17,67.59391021728516,139.00999450683594,115.9876937866211,146.54080200195312,5.681561470031738,290.6158142089844
2019-12-18,67.43240356445312,139.02000427246094,115.87020111083984,146.23760986328125,5.711925506591797,290.634033203125
2019-12-19,67.4998779296875,139.3800048828125,115.29100036621094,147.50709533691406,5.860004901885986,291.82537841796875
2019-12-20,67.36009216308594,139.52000427246094,115.19866943359375,149.11749267578125,5.9573140144348145,293.1047668457031
2019-12-23,68.45930480957031,139.9499969482422,115.16506958007812,149.11749267578125,5.9436259269714355,293.5525207519531
2019-12-24,68.52436828613281,141.27000427246094,115.48406219482422,149.089111328125,5.938647747039795,293.5616760253906
2019-12-26,69.88391876220703,142.3800048828125,116.70960235595703,150.31112670898438,5.952836036682129,295.1243896484375
2019-12-27,69.85739135742188,142.3300018310547,116.79351806640625,150.58584594726562,5.895096302032471,295.05126953125
2019-12-30,70.27201080322266,142.6300048828125,116.36541748046875,149.28805541992188,5.781859874725342,293.424560546875
2019-12-31,70.78546142578125,142.89999389648438,117.01173400878906,149.39222717285156,5.856022834777832,294.1374206542969
2020-01-02,72.4005126953125,143.9499969482422,118.43032836914062,152.1584014892578,5.9707536697387695,296.88812255859375
2020-01-03,71.6966552734375,145.86000061035156,116.86750030517578,150.2637481689453,5.875186920166016,294.6401062011719
2020-01-06,72.26793670654297,147.38999938964844,116.77452850341797,150.6521453857422,5.899823188781738,295.76416015625
2020-01-07,71.92803955078125,147.97000122070312,114.78934478759766,149.27853393554688,5.971251964569092,294.9324951171875
2020-01-08,73.0851058959961,146.86000061035156,115.68477630615234,151.65631103515625,5.982451438903809,296.50439453125
2020-01-09,74.63748931884766,146.02999877929688,116.107177734375,153.55093383789062,6.048156261444092,298.51483154296875
2020-01-10,74.80623626708984,146.91000366210938,114.94982147216797,152.84048461914062,6.080509185791016,297.65576171875
2020-01-13,76.40440368652344,145.82000732421875,115.90440368652344,154.67825317382812,6.271146774291992,299.7029113769531
2020-01-14,75.37271881103516,145.69000244140625,117.25607299804688,153.58888244628906,6.1541748046875,299.2459411621094
2020-01-15,75.04969024658203,146.5399932861328,115.49893951416016,154.58352661132812,6.111617565155029,299.92230224609375
2020-01-16,75.98982238769531,146.30999755859375,115.94667053222656,157.41603088378906,6.195239543914795,302.4170837402344
2020-01-17,76.8310775756836,146.5800018310547,116.74922180175781,158.2970428466797,6.203949928283691,303.3583679199219
2020-01-21,76.31040954589844,146.74000549316406,115.6003189086914,157.72865295410156,6.170600891113281,302.7642822265625
2020-01-22,76.58280181884766,146.7899932861328,115.46513366699219,156.97076416015625,6.224605560302734,302.8009033203125
2020-01-23,76.95161437988281,147.1199951171875,115.34686279296875,157.9370574951172,6.293046951293945,303.1481628417969
2020-01-24,76.72982788085938,147.97999572753906,112.48302459716797,156.3455352783203,6.233815670013428,300.4522399902344
2020-01-27,74.47358703613281,148.99000549316406,111.5368881225586,153.73095703125,5.977972984313965,295.6361999511719
2020-01-28,76.58037567138672,147.66000366210938,113.56438446044922,156.74343872070312,6.171346664428711,298.73419189453125
2020-01-29,78.18339538574219,148.4600067138672,113.39540100097656,159.1875,6.110870838165283,298.4874572753906
2020-01-30,78.07008361816406,148.47000122070312,114.79776763916016,163.6778106689453,6.117590427398682,299.4561462402344
2020-01-31,74.60857391357422,149.3300018310547,111.81566619873047,161.26214599609375,5.884145736694336,294.0186767578125
2020-02-03,74.40365600585938,148.36000061035156,112.66889190673828,165.19349670410156,5.98120641708374,296.20281982421875
2020-02-04,76.86002349853516,146.42999267578125,114.2908706665039,170.63108825683594,6.150442123413086,300.71722412109375
2020-02-05,77.48674011230469,146.61000061035156,116.23390197753906,170.4227294921875,6.240784168243408,304.18994140625
2020-02-06,78.39311981201172,147.39999389648438,116.25079345703125,173.95619201660156,6.327639102935791,305.21356201171875
2020-02-07,77.32754516601562,147.7899932861328,115.87905883789062,174.2025146484375,6.261440277099609,303.5868225097656
2020-02-10,77.69483184814453,148.1699981689453,116.36064147949219,178.7591094970703,6.544660568237305,305.85321044921875
2020-02-11,77.22603607177734,147.66000366210938,116.58025360107422,174.7235565185547,6.667106628417969,306.38330078125
2020-02-12,79.05998992919922,147.5399932861328,116.58025360107422,174.97933959960938,6.782833099365234,308.357177734375
2020-02-13,78.49700164794922,148.3800048828125,116.4788818359375,174.03199768066406,6.739030838012695,308.0283203125
2020-02-14,78.51634979248047,149.0,116.12409973144531,175.58558654785156,7.2121429443359375,308.521728515625
2020-02-18,77.07867431640625,150.91000366210938,114.58651733398438,177.36656188964844,7.380878448486328,307.7266540527344
2020-02-19,78.19498443603516,151.7899932861328,116.1494369506836,177.89846801757812,7.832089424133301,309.197998046875
2020-02-20,77.39278411865234,152.41000366210938,116.1494369506836,175.18182373046875,7.682764530181885,307.927734375
2020-02-21,75.6409912109375,154.6999969482422,114.73017120361328,169.64382934570312,7.318660736083984,304.7566833496094
2020-02-24,72.04801940917969,156.08999633789062,111.64671325683594,162.32949829101562,6.801249027252197,294.64923095703125
2020-02-25,69.60758972167969,153.3000030517578,106.66248321533203,159.6508026123047,6.521762847900391,285.720703125
2020-02-26,70.71180725097656,153.97000122070312,106.9834976196289,161.64556884765625,6.661133289337158,284.6697692871094
2020-02-27,66.08952331542969,154.0,102.5315170288086,150.25616455078125,6.290337085723877,271.8847351074219
2020-02-28,66.05087280273438,148.3800048828125,98.08792877197266,153.89434814453125,6.725380897521973,270.7424011230469
2020-03-02,72.20023345947266,149.1999969482422,102.65821075439453,164.13436889648438,6.88375997543335,282.4674072265625
2020-03-03,69.90721893310547,153.88999938964844,98.80599975585938,156.26913452148438,6.621289253234863,274.3795471191406
2020-03-04,73.14984893798828,154.16000366210938,101.24739074707031,162.006591796875,7.084971904754639,285.91253662109375
2020-03-05,70.77705383300781,157.49000549316406,96.28008270263672,157.94100952148438,6.805566310882568,276.4083557128906
2020-03-06,69.83715057373047,157.5500030517578,91.3042984008789,153.47642517089844,6.625024795532227,271.8390808105469
2020-03-09,64.31356048583984,157.80999755859375,78.9366455078125,143.0749053955078,6.112036228179932,250.60986328125
2020-03-10,68.9455337524414,154.47999572753906,85.06979370117188,152.8589630126953,6.501509666442871,263.5776672363281
2020-03-11,66.55103302001953,153.92999267578125,81.06552124023438,145.9341583251953,6.137685298919678,250.72869873046875
2020-03-12,59.978797912597656,147.7899932861328,74.3832778930664,132.09397888183594,5.386630058288574,226.7396697998047
2020-03-13,67.1647720336914,143.27999877929688,87.78155517578125,150.87364196777344,5.997485637664795,246.12286376953125
2020-03-16,58.52421951293945,141.63999938964844,74.64514923095703,128.63633728027344,4.890824317932129,219.19117736816406
2020-03-17,61.097530364990234,143.55999755859375,79.20698547363281,139.22784423828125,5.410537242889404,231.0257568359375
2020-03-18,59.601863861083984,140.6999969482422,70.86894989013672,133.36688232421875,5.0506978034973145,219.3282928466797
2020-03-19,59.14519500732422,138.0399932861328,72.06011199951172,135.56117248535156,5.303456783294678,219.7943115234375
2020-03-20,55.39033126831055,140.11000061035156,70.53949737548828,130.46966552734375,5.123663425445557,210.32247924804688
2020-03-23,54.21360397338867,146.3000030517578,66.7633056640625,129.1682891845703,5.296482563018799,204.9448699951172
2020-03-24,59.65260696411133,153.39999389648438,74.70429229736328,140.90914916992188,6.205170631408691,223.51353454589844
2020-03-25,59.324005126953125,151.3000030517578,77.49207305908203,139.56027221679688,6.116518497467041,226.8595733642578
2020-03-26,62.44580078125,153.24000549316406,82.8902587890625,148.28990173339844,6.405883312225342,240.10586547851562
2020-03-27,59.86039733886719,152.25,76.9852066040039,142.2010040283203,6.29357385635376,232.95413208007812
2020-03-30,61.56869888305664,152.9199981689453,78.98735809326172,152.20350646972656,6.613818645477295,240.51951599121094
2020-03-31,61.44305419921875,148.0500030517578,76.05595397949219,149.8097686767578,6.564263343811035,236.93446350097656
2020-04-01,58.21009063720703,149.4499969482422,71.26602935791016,144.4902801513672,6.0530171394348145,226.2712860107422
2020-04-02,59.18143844604492,151.89999389648438,73.92707824707031,147.4824676513672,6.361806392669678,231.4925994873047
2020-04-03,58.33090591430664,152.64999389648438,71.7419662475586,146.1240997314453,6.073935508728027,228.1465606689453
2020-04-06,63.419559478759766,156.8800048828125,76.35972595214844,156.99105834960938,6.683794021606445,243.47024536132812
2020-04-07,62.68501663208008,156.0399932861328,77.36695098876953,155.30027770996094,6.450458526611328,243.718505859375
2020-04-08,64.28942108154297,154.64999389648438,80.49099731445312,156.8580780029297,6.647686004638672,251.89974975585938
2020-04-09,64.75333404541016,158.69000244140625,87.71214294433594,156.86758422851562,6.548076152801514,255.73301696777344
2020-04-13,66.02427673339844,161.41000366210938,83.81136322021484,157.2190704345703,6.719902038574219,253.3981170654297
2020-04-14,69.35869598388672,162.67999267578125,81.51524353027344,164.9987335205078,7.071025848388672,260.87152099609375
2020-04-15,68.72563934326172,161.85000610351562,77.49495697021484,163.26998901367188,6.993579387664795,255.32859802246094
2020-04-16,69.27174377441406,161.7100067138672,74.54165649414062,168.17144775390625,7.338726043701172,256.5603332519531
2020-04-17,68.33181762695312,158.57000732421875,81.24212646484375,169.6533203125,7.279458522796631,263.49139404296875
2020-04-20,66.91346740722656,159.6999969482422,78.28023529052734,166.29061889648438,7.148223400115967,258.84918212890625
2020-04-21,64.84513854980469,158.61000061035156,76.00977325439453,159.41331481933594,6.711434841156006,250.9896697998047
2020-04-22,66.71289825439453,161.72999572753906,76.25730895996094,164.82778930664062,7.125810623168945,256.5603332519531
2020-04-23,66.45439147949219,163.33999633789062,76.29998779296875,162.83297729492188,7.0725202560424805,256.5418701171875
2020-04-24,68.37289428710938,162.63999938964844,77.42669677734375,165.8061981201172,7.211475372314453,260.1177978515625
2020-04-27,68.42120361328125,161.55999755859375,80.7641372680664,165.3312530517578,7.397995471954346,263.8683166503906
2020-04-28,67.31214904785156,160.83999633789062,81.33599090576172,161.3036651611328,7.255551815032959,262.6549072265625
2020-04-29,69.5230484008789,161.72999572753906,83.5296630859375,168.5419158935547,7.4323601722717285,269.53082275390625
2020-04-30,70.98969268798828,158.8000030517578,81.73719024658203,170.2327423095703,7.278462886810303,267.021240234375
2020-05-01,69.84680938720703,159.77999877929688,79.59473419189453,165.82522583007812,7.0418901443481445,259.9523010253906
2020-05-04,70.83504486083984,160.33999633789062,78.64727783203125,169.8813018798828,7.253809928894043,260.6692810058594
2020-05-05,71.89820861816406,161.02000427246094,78.52779388427734,171.70509338378906,7.314820766448975,263.0777587890625
2020-05-06,72.63998413085938,158.9499969482422,77.05113220214844,173.39596557617188,7.415675640106201,261.29437255859375
2020-05-07,73.39144897460938,161.38999938964844,77.85346984863281,174.4028778076172,7.591983795166016,264.4473876953125
2020-05-08,75.1382827758789,160.4199981689453,79.12529754638672,175.42874145507812,7.78198766708374,268.8229675292969
2020-05-11,76.32062530517578,159.4199981689453,76.79505157470703,177.3855743408203,8.034000396728516,268.87811279296875
2020-05-12,75.44841766357422,160.0399932861328,74.28559112548828,173.3674774169922,7.772027015686035,263.5188903808594
2020-05-13,74.53742980957031,161.5800018310547,71.72489166259766,170.74571228027344,7.74961519241333,258.8584289550781
2020-05-14,74.995361328125,163.00999450683594,74.70381164550781,171.4866485595703,7.999139785766602,261.95623779296875
2020-05-15,74.5519790649414,163.92999267578125,73.32106018066406,173.98487854003906,8.457588195800781,263.1604309082031
2020-05-18,76.30851745605469,162.69000244140625,77.20478057861328,175.64724731445312,8.716073989868164,271.17626953125
2020-05-19,75.8675765991211,164.25999450683594,75.68541717529297,174.4313507080078,8.77110767364502,268.3908996582031
2020-05-20,77.3430404663086,164.64999389648438,77.95591735839844,176.850830078125,8.934966087341309,272.9502868652344
2020-05-21,76.76641845703125,162.25,76.96578216552734,174.72666931152344,8.740978240966797,271.0659484863281
2020-05-22,77.26065826416016,163.2100067138672,76.36827850341797,174.8028564453125,8.990994453430176,271.58062744140625
2020-05-26,76.73737335205078,160.88999938964844,81.78840637207031,172.9549102783203,8.683703422546387,274.9266662597656
2020-05-27,77.07170104980469,161.17999267578125,86.52568817138672,173.18350219726562,8.491954803466797,279.017333984375
2020-05-28,77.10560607910156,161.72000122070312,85.23680114746094,172.79293823242188,8.45385456085205,278.5025634765625
2020-05-29,77.0304946899414,162.91000366210938,83.06018829345703,174.55517578125,8.840835571289062,279.7435607910156
2020-06-01,77.97781372070312,163.66000366210938,84.16131591796875,174.15509033203125,8.771856307983398,280.8742370605469
2020-06-02,78.33881378173828,162.60000610351562,84.4429702758789,176.13641357421875,8.79078483581543,283.1999206542969
2020-06-03,78.77005767822266,159.60000610351562,89.00101470947266,176.56509399414062,8.735252380371094,286.96875
2020-06-04,78.0916748046875,161.27999877929688,90.85323333740234,174.2408447265625,8.736247062683105,286.2149963378906
2020-06-05,80.31580352783203,158.00999450683594,94.94181823730469,178.31777954101562,8.8892183303833,293.550537109375
2020-06-08,80.79066467285156,159.72000122070312,96.83673858642578,179.42271423339844,8.774612426757812,297.098876953125
2020-06-09,83.3418960571289,161.25999450683594,94.35284423828125,180.79441833496094,9.014781951904297,294.8835144042969
2020-06-10,85.486083984375,163.57000732421875,90.52886962890625,187.50035095214844,9.334427833557129,293.238037109375
2020-06-11,81.38184356689453,162.38999938964844,82.97484588623047,177.431884765625,8.765894889831543,276.33319091796875
2020-06-12,82.0844497680664,162.6199951171875,85.24532318115234,178.83212280273438,8.901673316955566,279.6423645019531
2020-06-15,83.099609375,162.3300018310547,86.42325592041016,179.97520446777344,9.14209270477295,282.25299072265625
2020-06-16,85.30192565917969,162.25,87.11461639404297,184.38552856445312,9.037202835083008,287.685791015625
2020-06-17,85.18321228027344,162.55999755859375,84.91244506835938,185.0237579345703,9.20412826538086,286.4908447265625
2020-06-18,85.2171401977539,162.24000549316406,84.45150756835938,187.0050048828125,9.186189651489258,286.60113525390625
2020-06-19,84.73014831542969,164.02999877929688,83.48699188232422,185.8905487060547,9.229289054870605,284.9632568359375
2020-06-22,86.947021484375,165.08999633789062,82.58223724365234,191.05340576171875,9.493874549865723,286.7912902832031
2020-06-23,88.80289459228516,166.47999572753906,83.58943176269531,192.3297882080078,9.417388916015625,288.1116027832031
2020-06-24,87.23533630371094,165.89999389648438,80.79826354980469,188.45291137695312,9.203630447387695,280.7621765136719
2020-06-25,88.39341735839844,165.8000030517578,83.61502838134766,190.8343048095703,9.457250595092773,283.7721252441406
2020-06-26,85.67748260498047,166.5399932861328,79.03138732910156,187.0146026611328,9.123405456542969,277.0321350097656
2020-06-29,87.65206146240234,166.6300048828125,79.38134765625,189.0244598388672,9.168251991271973,281.1038513183594
2020-06-30,88.38374328613281,167.3699951171875,80.28612518310547,193.85389709472656,9.464974403381348,284.70465087890625
2020-07-01,88.21658325195312,166.6199951171875,79.603271484375,194.98739624023438,9.497113227844238,286.69891357421875
2020-07-02,88.21658325195312,166.97999572753906,79.86185455322266,196.473388671875,9.579080581665039,288.27777099609375
2020-07-06,90.5763931274414,167.97999572753906,81.87864685058594,200.70272827148438,9.805295944213867,292.7280578613281
2020-07-07,90.29532623291016,169.0399932861328,79.56881713867188,198.3689727783203,9.83768367767334,289.7088928222656
2020-07-08,92.39830017089844,170.08999633789062,80.4134521484375,202.73171997070312,10.180743217468262,291.9248352050781
2020-07-09,92.79566192626953,169.6300048828125,78.67245483398438,204.15097045898438,10.472734451293945,290.2628173828125
2020-07-10,92.95796966552734,169.19000244140625,82.97322082519531,203.53182983398438,10.443085670471191,293.2265930175781
2020-07-13,92.52915954589844,169.39999389648438,84.16262817382812,197.24496459960938,10.017558097839355,290.6875305175781
2020-07-14,94.06036376953125,170.19000244140625,84.6452865600586,198.4641876220703,10.341187477111816,294.4546203613281
2020-07-15,94.70723724365234,170.33999633789062,85.9553451538086,198.16896057128906,10.191953659057617,297.1597900390625
2020-07-16,93.5418930053711,168.72999572753906,86.1966552734375,194.24441528320312,10.099775314331055,296.1811218261719
2020-07-17,93.35289764404297,170.1199951171875,84.6021957397461,193.2537841796875,10.166296005249023,297.03985595703125
2020-07-20,95.3202133178711,170.94000244140625,83.8609619140625,201.56004333496094,10.474477767944336,299.4403076171875
2020-07-21,94.004638671875,173.0,85.6795425415039,198.8452911376953,10.29285717010498,300.0773010253906
2020-07-22,94.26870727539062,175.6300048828125,85.05899810791016,201.70294189453125,10.402726173400879,301.785400390625
2020-07-23,89.97795104980469,177.17999267578125,85.30892944335938,192.92991638183594,10.094796180725098,298.1846618652344
2020-07-24,89.75505065917969,178.6999969482422,84.70561218261719,191.748779296875,10.159317970275879,296.2642517089844
2020-07-27,91.88226318359375,182.22999572753906,83.51620483398438,194.17774963378906,10.385536193847656,298.4247131347656
2020-07-28,90.37287139892578,183.75,83.87820434570312,192.43458557128906,10.18024730682373,296.531982421875
2020-07-29,92.10519409179688,185.1300048828125,85.91226959228516,194.3777618408203,10.429383277893066,300.1789855957031
2020-07-30,93.21964263916016,183.75999450683594,83.61964416503906,194.22535705566406,10.577371597290039,299.10797119140625
2020-07-31,102.97869873046875,185.42999267578125,83.29212188720703,195.28269958496094,10.578120231628418,301.4715881347656
2020-08-03,105.57350158691406,185.63999938964844,82.82672119140625,206.26564025878906,10.972250938415527,303.56744384765625
2020-08-04,106.27855682373047,189.58999633789062,82.35269165039062,203.16981506347656,11.189001083374023,304.7400207519531
2020-08-05,106.66378021240234,191.35000610351562,83.78339385986328,202.8364715576172,11.247798919677734,306.6327209472656
2020-08-06,110.38518524169922,193.88999938964844,83.80925750732422,206.0846710205078,11.296380043029785,308.682373046875
2020-08-07,107.8755111694336,190.80999755859375,85.6536865234375,202.3982696533203,11.16085147857666,308.90399169921875
2020-08-10,109.4434585571289,190.14999389648438,86.7396469116211,198.3689727783203,11.126473426818848,309.8273010253906
2020-08-11,106.1885986328125,179.94000244140625,89.48043823242188,193.73004150390625,10.812560081481934,307.269775390625
2020-08-12,109.71770477294922,179.10000610351562,88.72197723388672,199.26438903808594,11.40077018737793,311.5538635253906
2020-08-13,111.65943145751953,183.3300018310547,88.23072052001953,198.79762268066406,11.403510093688965,310.9906005859375
2020-08-14,111.55994415283203,182.5399932861328,88.26517486572266,198.98812866210938,11.524092674255371,310.99981689453125
2020-08-17,111.26868438720703,186.5,85.93809509277344,200.3026580810547,12.294426918029785,311.9877624511719
2020-08-18,112.19585418701172,188.17999267578125,84.7400894165039,201.45526123046875,12.218440055847168,312.6617431640625
2020-08-19,112.33662414550781,182.24000549316406,84.93831634521484,200.23304748535156,12.096611022949219,311.35992431640625
2020-08-20,114.82931518554688,183.5,83.92130279541016,204.89276123046875,12.099102973937988,312.32940673828125
2020-08-21,120.74677276611328,182.02999877929688,83.87820434570312,203.40313720703125,12.639728546142578,313.4374084472656
2020-08-24,122.19094848632812,181.0,86.23975372314453,204.04290771484375,12.676356315612793,316.613525390625
2020-08-25,121.18851470947266,181.22000122070312,86.6189956665039,206.69741821289062,12.706002235412598,317.721435546875
2020-08-26,122.83656311035156,183.36000061035156,85.40373229980469,211.16610717773438,12.728921890258789,320.9067687988281
2020-08-27,121.36812591552734,181.24000549316406,88.21347045898438,216.3509979248047,12.584671020507812,321.6084289550781
2020-08-28,121.17154693603516,184.38999938964844,88.57545471191406,218.57583618164062,13.102377891540527,323.68585205078125
2020-08-31,125.28073120117188,184.8300018310547,86.35179901123047,215.34840393066406,13.328346252441406,322.51324462890625
2020-09-01,130.27098083496094,185.0500030517578,86.30870819091797,217.0098419189453,13.777423858642578,325.5508728027344
2020-09-02,127.57196044921875,182.6199951171875,87.61014556884766,221.19210815429688,14.301268577575684,330.2596130371094
2020-09-03,117.35844421386719,181.13999938964844,87.33435821533203,207.4899139404297,12.974462509155273,318.8939514160156
2020-09-04,117.43610382080078,181.63999938964844,89.22186279296875,204.57763671875,12.5827054977417,316.2902526855469
2020-09-08,109.53323364257812,181.2899932861328,86.11908721923828,193.5108642578125,11.87544059753418,307.6483459472656
2020-09-09,113.90213775634766,183.0500030517578,86.93787384033203,201.75125122070312,12.674911499023438,313.7236328125
2020-09-10,110.18372344970703,182.4600067138672,86.04151916503906,196.0985565185547,12.272934913635254,308.2762145996094
2020-09-11,108.73712921142578,182.4499969482422,87.11028289794922,194.8190155029297,12.126147270202637,308.4330749511719
2020-09-14,111.9992446899414,183.88999938964844,88.31689453125,196.13673400878906,12.83166790008545,312.49554443359375
2020-09-15,112.17401885986328,183.4499969482422,85.56748962402344,199.3546142578125,12.950042724609375,314.07440185546875
2020-09-16,108.86334228515625,183.97000122070312,85.92947387695312,195.79296875,12.475044250488281,312.8280029296875
2020-09-17,107.12548828125,182.9600067138672,84.94693756103516,193.74960327148438,12.424203872680664,310.0765686035156
2020-09-18,103.72744750976562,183.1999969482422,84.76594543457031,191.3433380126953,12.150816917419434,306.5067443847656
2020-09-21,106.87307739257812,179.52000427246094,82.14583587646484,193.3962860107422,12.477785110473633,303.09539794921875
2020-09-22,108.55268096923828,178.64999389648438,81.24947357177734,198.0559844970703,12.597905158996582,306.1823425292969
2020-09-23,103.99932861328125,174.7899932861328,79.93081665039062,191.53436279296875,12.085527420043945,299.0816650390625
2020-09-24,105.06725311279297,175.44000244140625,79.86185455322266,194.01693725585938,12.30906867980957,299.87884521484375
2020-09-25,109.00897979736328,174.94000244140625,80.55997467041016,198.4379119873047,12.833163261413574,304.7269592285156
2020-09-28,111.61089324951172,176.6999969482422,82.87843322753906,199.98477172851562,12.993904113769531,309.7882385253906
2020-09-29,110.76624298095703,178.19000244140625,82.1802978515625,197.9032440185547,13.184053421020508,308.1011047363281
2020-09-30,112.4361343383789,177.1199951171875,82.97322082519531,200.83460998535156,13.487842559814453,310.43719482421875
2020-10-01,113.38761138916016,178.6999969482422,83.57656860351562,202.86843872070312,13.571574211120605,312.4302062988281
2020-10-02,109.72743225097656,178.5399932861328,84.36947631835938,196.88150024414062,13.02106761932373,309.4638671875
2020-10-05,113.10603332519531,179.41000366210938,86.15274047851562,200.88235473632812,13.599488258361816,314.9515686035156
2020-10-06,109.86334991455078,177.3000030517578,85.26545715332031,196.61415100097656,13.693191528320312,310.4742431640625
2020-10-07,111.7274169921875,177.22000122070312,86.75296020507812,200.35720825195312,13.919974327087402,315.87860107421875
2020-10-08,111.62061309814453,177.85000610351562,88.53620147705078,201.07334899902344,13.795119285583496,318.6780700683594
2020-10-09,113.56233215332031,181.0800018310547,88.03167724609375,206.0672149658203,13.71935749053955,321.5239562988281
2020-10-12,120.77588653564453,180.55999755859375,89.11032104492188,211.4048614501953,14.181147575378418,326.6963806152344
2020-10-13,117.57201385498047,177.72000122070312,87.66630554199219,212.79893493652344,14.203329086303711,324.5643005371094
2020-10-14,117.65941619873047,178.27000427246094,87.17919158935547,210.88922119140625,14.050812721252441,322.52490234375
2020-10-15,117.19339752197266,178.9199981689453,88.48401641845703,209.74342346191406,13.925956726074219,322.12640380859375
2020-10-16,115.5526123046875,178.3000030517578,88.30132293701172,209.74342346191406,13.767955780029297,321.9317626953125
2020-10-19,112.60120391845703,178.38999938964844,86.81382751464844,204.5490264892578,13.455195426940918,317.0372619628906
2020-10-20,114.08663177490234,179.25,87.30967712402344,204.9595947265625,13.602478981018066,318.3072509765625
2020-10-21,113.46527862548828,180.60000610351562,86.43978881835938,205.102783203125,13.482110023498535,317.7047119140625
2020-10-22,112.37789154052734,178.8300018310547,89.4930648803711,205.1887664794922,13.31887435913086,319.4473876953125
2020-10-23,111.6885757446289,178.63999938964844,90.30205535888672,206.46824645996094,13.547403335571289,320.5321044921875
2020-10-26,111.69828796386719,178.5500030517578,88.06645965576172,200.59588623046875,13.099818229675293,314.6086120605469
2020-10-27,113.20313262939453,179.02000427246094,86.4050064086914,203.62281799316406,13.354514122009277,313.52398681640625
2020-10-28,107.96044158935547,176.1300048828125,83.97804260253906,193.52993774414062,12.587188720703125,302.80810546875
2020-10-29,111.96041107177734,175.39999389648438,84.52605438232422,195.47784423828125,12.982938766479492,305.88568115234375
2020-10-30,105.68861389160156,176.1999969482422,85.28285217285156,193.3294219970703,12.49448299407959,302.6968078613281
2020-11-02,105.60123443603516,177.91000366210938,87.2052993774414,193.1957550048828,12.541086196899414,306.0896301269531
2020-11-03,107.22258758544922,178.9199981689453,89.95410919189453,197.11068725585938,12.9784517288208,311.493896484375
2020-11-04,111.60120391845703,178.82000732421875,87.2052993774414,206.6210174560547,13.750761985778809,318.45556640625
2020-11-05,115.56233978271484,182.92999267578125,90.77178192138672,213.20953369140625,14.115357398986816,324.6663513183594
2020-11-06,115.4310531616211,183.19000244140625,89.56265258789062,213.62010192871094,14.51608943939209,324.5921936035156
2020-11-09,113.12612915039062,175.0800018310547,101.68877410888672,208.53070068359375,13.587775230407715,328.6710510253906
2020-11-10,112.78572845458984,175.66000366210938,101.35820007324219,201.48388671875,12.729740142822266,328.1888732910156
2020-11-11,116.20907592773438,174.89999389648438,99.8446044921875,206.77381896972656,13.375696182250977,330.62689208984375
2020-11-12,115.93677520751953,175.9600067138672,98.61808776855469,205.7139434814453,13.414323806762695,327.4195556640625
2020-11-13,115.98540496826172,177.16000366210938,99.23568725585938,206.73561096191406,13.255077362060547,331.9524841308594
2020-11-16,116.99684143066406,177.14999389648438,102.03668975830078,207.4231414794922,13.472638130187988,336.0960693359375
2020-11-17,116.1118392944336,176.5,101.00155639648438,204.77813720703125,13.37993335723877,334.2884216308594
2020-11-18,114.7891616821289,175.49000549316406,100.2534408569336,202.0784149169922,13.386411666870117,330.26531982421875
2020-11-19,115.38241577148438,175.16000366210938,100.52312469482422,203.3612823486328,13.39787483215332,331.65582275390625
2020-11-20,114.11809539794922,175.69000244140625,99.66195678710938,201.4178466796875,13.046487808227539,329.3847351074219
2020-11-23,110.72393035888672,172.22999572753906,102.53253936767578,201.14979553222656,13.098573684692383,331.3591613769531
2020-11-24,112.00769805908203,169.58999633789062,107.27336883544922,204.73985290527344,12.916899681091309,336.6986083984375
2020-11-25,112.84408569335938,169.50999450683594,106.1512222290039,204.74942016601562,13.193024635314941,336.17950439453125
2020-11-27,113.38867950439453,167.7899932861328,105.4466323852539,206.05140686035156,13.219437599182129,337.1157531738281
2020-11-30,115.7811508178711,166.6699981689453,102.5412368774414,204.9408721923828,13.35925006866455,335.62335205078125
2020-12-01,119.35037994384766,170.17999267578125,104.15921783447266,206.98965454101562,13.347786903381348,339.2940979003906
2020-12-02,119.70051574707031,171.4600067138672,106.15992736816406,206.18545532226562,13.501797676086426,340.00799560546875
2020-12-03,119.5643539428711,172.80999755859375,105.46402740478516,205.10362243652344,13.357708930969238,339.91522216796875
2020-12-04,118.893310546875,172.32000732421875,106.42088317871094,205.21852111816406,13.51949691772461,342.844482421875
2020-12-07,120.35209655761719,174.88999938964844,106.02073669433594,205.1514892578125,13.56785774230957,342.1399841308594
2020-12-08,120.96479797363281,175.5,106.1251449584961,206.7981719970703,13.31184196472168,343.14111328125
2020-12-09,118.43619537353516,172.5,105.29874420166016,202.7677459716797,12.893789291381836,340.0635681152344
2020-12-10,119.8561019897461,172.1699981689453,104.62025451660156,201.5423126220703,12.935172080993652,339.9523620605469
2020-12-11,119.04889678955078,172.49000549316406,104.00260162353516,204.16542053222656,12.976056098937988,339.5536804199219
2020-12-14,118.43619537353516,171.5399932861328,102.90660095214844,205.06536865234375,13.270708084106445,338.03350830078125
2020-12-15,124.36869049072266,173.94000244140625,104.66372680664062,204.99835205078125,13.322312355041504,342.6034240722656
2020-12-16,124.30062866210938,174.89999389648438,104.96819305419922,209.9287109375,13.204651832580566,343.14111328125
2020-12-17,125.16619873046875,176.74000549316406,104.09831237792969,210.06272888183594,13.303115844726562,345.0599670410156
2020-12-18,123.18220520019531,176.44000244140625,103.58509063720703,209.26815795898438,13.234063148498535,343.6822204589844
2020-12-21,124.7090835571289,175.8800048828125,107.47345733642578,213.0975799560547,13.29414176940918,342.453369140625
2020-12-22,128.25888061523438,174.49000549316406,105.83807373046875,214.3900146484375,13.240296363830566,341.8761291503906
2020-12-23,127.36414337158203,175.64999389648438,108.795654296875,211.5945281982422,12.972067832946777,342.18341064453125
2020-12-24,128.3463897705078,176.35000610351562,108.31723022460938,213.250732421875,12.956608772277832,343.5146789550781
2020-12-28,132.9368133544922,175.7100067138672,109.0305404663086,215.3665313720703,12.863129615783691,346.4657287597656
2020-12-29,131.1667938232422,176.35000610351562,108.74346160888672,214.59103393554688,12.906253814697266,345.8047180175781
2020-12-30,130.04837036132812,177.6999969482422,109.04792785644531,212.2263641357422,13.108176231384277,346.29815673828125
2020-12-31,129.04661560058594,178.36000061035156,110.53540802001953,212.93482971191406,13.01768684387207,348.0576171875
2021-01-04,125.85669708251953,182.3300018310547,109.4915771484375,208.4065399169922,13.076016426086426,343.31915283203125
2021-01-05,127.41273498535156,182.8699951171875,110.08734130859375,208.60757446289062,13.366436004638672,345.6836853027344
2021-01-06,123.12385559082031,179.89999389648438,115.25658416748047,203.1985321044922,12.578444480895996,347.7503662109375
2021-01-07,127.32521057128906,179.47999572753906,119.04150390625,208.98089599609375,13.305858612060547,352.9170837402344
2021-01-08,128.42425537109375,173.33999633789062,119.17294311523438,210.25421142578125,13.238801002502441,354.92791748046875
2021-01-11,125.43850708007812,173.0,120.9515151977539,208.21507263183594,13.582565307617188,352.535400390625
2021-01-12,125.26345825195312,174.1199951171875,122.8527603149414,205.76425170898438,13.446205139160156,352.60986328125
2021-01-13,127.29608154296875,173.3699951171875,122.96662139892578,207.1140899658203,13.493074417114258,353.559326171875
2021-01-14,125.37042236328125,173.27999877929688,123.6850814819336,203.93569946289062,13.162518501281738,352.3212890625
2021-01-15,123.64903259277344,171.1300048828125,121.46846008300781,203.58145141601562,12.822745323181152,349.75189208984375
2021-01-19,124.32007598876953,172.5800018310547,120.9427719116211,207.2098388671875,12.988019943237305,352.49810791015625
2021-01-20,128.40475463867188,175.38999938964844,119.12911987304688,214.77291870117188,13.327548027038574,357.3763122558594
2021-01-21,133.11187744140625,175.27999877929688,118.13034057617188,215.37608337402344,13.827864646911621,357.7019958496094
2021-01-22,135.25143432617188,173.89999389648438,117.21912384033203,216.31427001953125,13.673306465148926,356.4360046386719
2021-01-25,138.99575805664062,174.0500030517578,115.75598907470703,219.74159240722656,13.614224433898926,357.8417663574219
2021-01-26,139.2291717529297,173.6199951171875,115.28288269042969,222.42218017578125,13.396849632263184,357.28314208984375
2021-01-27,138.1593475341797,172.52000427246094,112.02361297607422,222.9678955078125,12.880827903747559,348.5509948730469
2021-01-28,133.32582092285156,172.67999267578125,113.99492645263672,228.74073791503906,13.013693809509277,351.54864501953125
2021-01-29,128.33665466308594,172.61000061035156,112.7332763671875,222.06800842285156,12.952621459960938,344.51068115234375
2021-02-01,130.45680236816406,174.22999572753906,113.56563568115234,229.43002319335938,13.199166297912598,350.2453308105469
2021-02-02,131.28350830078125,172.11000061035156,117.0614242553711,229.2960205078125,13.517999649047852,355.1979064941406
2021-02-03,130.2623291015625,171.85000610351562,118.40191650390625,232.63717651367188,13.491827011108398,355.4770812988281
2021-02-04,133.61758422851562,168.14999389648438,121.12675476074219,231.68939208984375,13.62519359588623,359.51739501953125
2021-02-05,133.20361328125,169.80999755859375,120.89018249511719,231.87132263183594,13.552153587341309,360.932373046875
2021-02-08,133.34974670410156,171.52000427246094,122.78264617919922,232.12973022460938,14.397481918334961,363.5390319824219
2021-02-09,132.47311401367188,172.0800018310547,122.2920150756836,233.37437438964844,14.222482681274414,363.29705810546875
2021-02-10,131.8692626953125,172.7100067138672,122.36211395263672,232.46487426757812,14.722049713134766,363.13873291015625
2021-02-11,131.6160125732422,171.2100067138672,122.02041625976562,234.0636749267578,15.207159996032715,363.72515869140625
2021-02-12,131.84976196289062,170.69000244140625,123.75516510009766,234.54234313964844,14.918487548828125,365.52191162109375
2021-02-16,129.7264862060547,168.24000549316406,126.73403930664062,233.3072967529297,15.286432266235352,365.2053527832031
2021-02-17,127.43757629394531,166.3300018310547,127.12835693359375,234.32444763183594,14.863394737243652,365.2890930175781
2021-02-18,126.33694458007812,166.32000732421875,127.55760955810547,233.9310302734375,14.786615371704102,363.7345275878906
2021-02-19,126.49280548095703,167.00999450683594,129.6866455078125,231.22509765625,14.883834838867188,363.0921630859375
2021-02-22,122.72344207763672,169.50999450683594,130.9044952392578,225.0262908935547,14.314718246459961,360.29937744140625
2021-02-23,122.58709716796875,169.1199951171875,131.95587158203125,223.83645629882812,14.101580619812012,360.7369079589844
2021-02-24,122.09033203125,169.0,134.2776641845703,225.064697265625,14.457557678222656,364.7120056152344
2021-02-25,117.84371948242188,165.82000732421875,132.45526123046875,219.7295684814453,13.269461631774902,355.9239807128906
2021-02-26,118.10671997070312,161.80999755859375,128.9419403076172,222.98248291015625,13.675298690795898,354.09002685546875
2021-03-01,124.4668960571289,161.52999877929688,131.8594970703125,227.35806274414062,13.802186012268066,362.67327880859375
2021-03-02,121.8663330078125,162.41000366210938,131.43014526367188,224.41220092773438,13.367931365966797,359.8431701660156
2021-03-03,118.88589477539062,160.6199951171875,133.97096252441406,218.35736083984375,12.76815128326416,355.07684326171875
2021-03-04,117.00609588623047,159.0399932861328,131.9120635986328,217.5609893798828,12.334892272949219,350.6828308105469
2021-03-05,118.2625503540039,159.13999938964844,132.2187042236328,222.2340087890625,12.42587947845459,357.1342468261719
2021-03-08,113.33411407470703,157.49000549316406,133.97096252441406,218.19422912597656,11.560111999511719,355.35614013671875
2021-03-09,117.94110870361328,160.83999633789062,133.0247802734375,224.32583618164062,12.488774299621582,360.4296569824219
2021-03-10,116.8599853515625,161.66000366210938,135.91604614257812,223.0208282470703,12.436905860900879,362.67327880859375
2021-03-11,118.78849792480469,161.52000427246094,135.20639038085938,227.5403594970703,12.960830688476562,366.3504333496094
2021-03-12,117.88268280029297,161.49000549316406,136.8096923828125,226.21617126464844,12.82367992401123,366.8438415527344
2021-03-15,120.76570892333984,162.1999969482422,136.1262969970703,225.31417846679688,13.158086776733398,369.0315246582031
2021-03-16,122.30464935302734,162.35000610351562,134.4967041015625,228.09689331054688,13.257834434509277,368.5660095214844
2021-03-17,121.51568603515625,163.50999450683594,135.88095092773438,227.45396423339844,13.307709693908691,369.8228454589844
2021-03-18,117.39569854736328,162.55999755859375,138.12391662597656,221.3896026611328,12.690511703491211,364.4420471191406
2021-03-19,116.86972045898438,163.24000549316406,135.92478942871094,221.03457641601562,12.813454627990723,363.7676696777344
2021-03-22,120.18132019042969,163.0,132.2712860107422,226.44650268554688,13.153097152709961,366.67230224609375
2021-03-23,119.35340881347656,161.80999755859375,130.94830322265625,227.97219848632812,13.037890434265137,363.786376953125
2021-03-24,116.96713256835938,162.3699951171875,131.9646453857422,225.9379119873047,12.611215591430664,361.93707275390625
2021-03-25,117.4541244506836,161.77999877929688,133.65557861328125,222.94406127929688,12.50373649597168,363.9732360839844
2021-03-26,118.05799865722656,162.24000549316406,135.88095092773438,226.91664123535156,12.80696964263916,369.8385314941406
2021-03-29,118.23332977294922,160.30999755859375,133.7694549560547,225.72683715820312,12.91569709777832,369.6518249511719
2021-03-30,116.7820816040039,157.57000732421875,135.34652709960938,222.47390747070312,12.83938980102539,368.6710510253906
2021-03-31,118.97355651855469,159.9600067138672,133.37521362304688,226.2353973388672,13.314692497253418,370.1654052734375
2021-04-01,119.80144500732422,161.97999572753906,134.67189025878906,232.5492706298828,13.77702808380127,374.16290283203125
2021-04-05,122.62603759765625,161.9199981689453,135.38575744628906,238.99749755859375,13.952333450317383,379.53326416015625
2021-04-06,122.927978515625,163.22000122070312,134.4339599609375,237.8364715576172,13.826650619506836,379.3092041015625
2021-04-07,124.57404327392578,162.75999450683594,136.54026794433594,239.79393005371094,14.107942581176758,379.7481384277344
2021-04-08,126.97007751464844,164.50999450683594,136.70770263671875,243.0084686279297,14.281005859375,381.55072021484375
2021-04-09,129.54144287109375,163.27000427246094,137.73001098632812,245.50331115722656,14.363795280456543,384.3246765136719
2021-04-12,127.82715606689453,162.27999877929688,137.43922424316406,245.5608673095703,15.170761108398438,384.4647216796875
2021-04-13,130.93423461914062,163.42999267578125,135.79998779296875,248.03656005859375,15.640082359313965,385.6042175292969
2021-04-14,128.5966339111328,162.72000122070312,133.26182556152344,245.25381469726562,15.238593101501465,384.2873229980469
2021-04-15,131.00241088867188,165.35000610351562,134.10789489746094,249.0056915283203,16.0966796875,388.4155578613281
2021-04-16,130.67127990722656,166.35000610351562,135.103759765625,250.19549560546875,15.8724946975708,389.7137145996094
2021-04-19,131.33355712890625,165.88999938964844,134.53086853027344,248.27642822265625,15.323126792907715,387.799072265625
2021-04-20,129.64852905273438,166.47999572753906,131.55210876464844,247.8158416748047,15.133109092712402,384.9598083496094
2021-04-21,130.02842712402344,168.1300048828125,132.6713409423828,250.0420379638672,15.321883201599121,388.6022644042969
2021-04-22,128.5089874267578,167.0399932861328,129.8776092529297,246.76992797851562,14.812914848327637,385.05316162109375
2021-04-23,130.8271026611328,166.39999389648438,132.36289978027344,250.58897399902344,15.2268705368042,389.22802734375
2021-04-26,131.21670532226562,166.83999633789062,132.68899536132812,250.97279357910156,15.4390869140625,390.04058837890625
2021-04-27,130.89524841308594,166.4199981689453,133.2970733642578,251.37583923339844,15.343076705932617,389.9565124511719
2021-04-28,130.1063232421875,166.91000366210938,134.1607666015625,244.2655029296875,15.238343238830566,389.844482421875
2021-04-29,130.00894165039062,166.22000122070312,136.76942443847656,242.29833984375,15.286223411560059,392.3288879394531
2021-04-30,128.04147338867188,165.66000366210938,135.55322265625,241.98171997070312,14.97176456451416,389.7510986328125
2021-05-03,129.09339904785156,167.80999755859375,135.1566162109375,241.67466735839844,14.79944896697998,390.59173583984375
2021-05-04,124.52533721923828,166.5800018310547,137.0249786376953,237.769287109375,14.315170288085938,388.1820068359375
2021-05-05,124.76882934570312,167.27000427246094,138.82286071777344,236.50262451171875,14.422148704528809,388.30340576171875
2021-05-06,126.3661880493164,170.05999755859375,141.61656188964844,239.63079833984375,14.486485481262207,391.404296875
2021-05-07,127.03937530517578,171.58999633789062,142.10128784179688,242.25038146972656,14.775009155273438,394.2529296875
2021-05-10,123.76118469238281,172.11000061035156,142.08367919921875,237.18389892578125,14.22988224029541,390.348876953125
2021-05-11,122.84408569335938,172.13999938964844,139.72178649902344,236.27236938476562,14.270283699035645,386.8650207519531
2021-05-12,119.78053283691406,170.42999267578125,138.7611541748047,229.33473205566406,13.72391128540039,378.6460876464844
2021-05-13,121.92698669433594,171.1300048828125,142.33041381835938,233.20175170898438,13.63089370727539,383.1944580078125
2021-05-14,124.34657287597656,172.69000244140625,144.5425262451172,238.11471557617188,14.207189559936523,389.0785827636719
2021-05-17,123.1953125,174.6999969482422,145.12417602539062,235.2648162841797,14.129884719848633,388.088623046875
2021-05-18,121.80989837646484,175.0399932861328,143.0795440673828,233.24972534179688,13.980512619018555,384.7449951171875
2021-05-19,121.6537857055664,175.16000366210938,141.9867401123047,233.82681274414062,14.030387878417969,383.7362060546875
2021-05-20,124.20999145507812,175.9600067138672,141.73995971679688,237.058349609375,14.575761795043945,387.8644104003906
2021-05-21,122.3757553100586,176.0399932861328,143.35272216796875,235.79844665527344,14.954058647155762,387.5469055175781
2021-05-24,124.005126953125,176.35000610351562,144.12831115722656,241.1940155029297,15.572750091552734,391.49761962890625
2021-05-25,123.80996704101562,177.9499969482422,142.63890075683594,242.09808349609375,15.60840892791748,390.6290588378906
2021-05-26,123.76118469238281,177.63999938964844,142.6212615966797,241.87689208984375,15.660531997680664,391.404296875
2021-05-27,122.22943115234375,177.7100067138672,144.8421630859375,239.78018188476562,15.44906234741211,391.6097106933594
2021-05-28,121.57574462890625,178.3800048828125,144.74520874023438,240.1360321044922,16.203655242919922,392.3102111816406
2021-06-01,121.2537841796875,177.89999389648438,146.34034729003906,237.94320678710938,16.223608016967773,391.964599609375
2021-06-02,122.0147933959961,178.77000427246094,146.34918212890625,237.84706115722656,16.73606300354004,392.5811462402344
2021-06-03,120.53179168701172,175.27000427246094,146.4460906982422,236.31781005859375,16.92708396911621,391.1240539550781
2021-06-04,122.82456970214844,177.16000366210938,146.68406677246094,241.20359802246094,17.534055709838867,394.7012023925781
2021-06-07,122.83432006835938,177.8699951171875,145.99667358398438,244.10821533203125,17.57469940185547,394.31829833984375
2021-06-08,123.65388488769531,177.32000732421875,145.41502380371094,242.9156036376953,17.41311264038086,394.40228271484375
2021-06-09,124.03438568115234,176.97999572753906,143.5994873046875,243.89659118652344,17.318580627441406,393.8139343261719
2021-06-10,123.03923797607422,177.74000549316406,141.36102294921875,247.40708923339844,17.385177612304688,395.6445007324219
2021-06-11,124.2490234375,175.74000549316406,141.26402282714844,248.03224182128906,17.784509658813477,396.29827880859375
2021-06-14,127.30278015136719,174.7100067138672,138.86688232421875,249.95579528808594,17.977567672729492,397.1856384277344
2021-06-15,126.48324584960938,174.0500030517578,136.76060485839844,248.48423767089844,17.747840881347656,396.4571533203125
2021-06-16,126.98084259033203,171.11000061035156,137.7212371826172,247.54171752929688,17.769542694091797,394.24359130859375
2021-06-17,128.58091735839844,165.85000610351562,133.7465362548828,250.9272003173828,18.614612579345703,394.11279296875
2021-06-18,127.28329467773438,164.92999267578125,130.3623504638672,249.51336669921875,18.596149444580078,388.7959899902344
2021-06-21,129.07846069335938,166.9499969482422,132.57440185546875,252.59107971191406,18.385133743286133,394.36199951171875
2021-06-22,130.71754455566406,166.25,132.38050842285156,255.3610076904297,18.843584060668945,396.4703674316406
2021-06-23,130.44436645507812,166.13999938964844,133.18247985839844,255.13011169433594,19.013696670532227,395.99249267578125
2021-06-24,130.16143798828125,166.0399932861328,134.40750122070312,256.49591064453125,19.161603927612305,398.3350830078125
2021-06-25,129.86875915527344,166.58999633789062,135.7647247314453,254.88967895507812,18.98750877380371,399.75
2021-06-28,131.4981231689453,166.5800018310547,136.01150512695312,258.4482727050781,19.9393253326416,400.5558776855469
2021-06-29,133.01036071777344,164.8300018310547,135.8440399169922,261.02587890625,19.980979919433594,400.7713928222656
2021-06-30,133.6250457763672,165.6300048828125,137.07785034179688,260.544921875,19.956789016723633,401.1087646484375
2021-07-01,133.92750549316406,166.1999969482422,138.43507385253906,261.2181701660156,20.16580581665039,403.3294982910156
2021-07-02,136.5519561767578,167.2899932861328,138.30213928222656,267.0368957519531,20.440176010131836,406.412353515625
2021-07-06,138.56178283691406,168.1199951171875,135.9798126220703,267.0465087890625,20.651193618774414,405.672119140625
2021-07-07,141.0497283935547,168.75999450683594,136.13937377929688,269.22979736328125,20.325191497802734,407.1057434082031
2021-07-08,139.75210571289062,168.64999389648438,133.79043579101562,266.8157043457031,19.857263565063477,403.7886047363281
2021-07-09,141.57655334472656,169.2100067138672,138.07168579101562,267.3157958984375,20.004425048828125,408.0990295410156
2021-07-12,140.9814453125,169.0,140.04830932617188,266.719482421875,20.465621948242188,409.560791015625
2021-07-13,142.09364318847656,169.22000122070312,137.96530151367188,270.2396545410156,20.203720092773438,408.1646423339844
2021-07-14,145.51821899414062,171.0399932861328,137.49551391601562,271.71112060546875,19.79615592956543,408.7736511230469
2021-07-15,144.86448669433594,171.07000732421875,137.796875,270.2877502441406,18.922901153564453,407.3775329589844
2021-07-16,142.8253936767578,169.41000366210938,134.65023803710938,270.0185241699219,18.119489669799805,404.1822814941406
2021-07-19,138.9813232421875,169.61000061035156,130.27146911621094,266.4214172363281,18.73682975769043,398.2132568359375
2021-07-20,142.59124755859375,169.38999938964844,132.70018005371094,268.64306640625,18.569461822509766,403.91986083984375
2021-07-21,141.85951232910156,168.75999450683594,135.49229431152344,270.6435546875,19.365636825561523,407.19012451171875
2021-07-22,143.22540283203125,169.08999633789062,133.78158569335938,275.2023620605469,19.549217224121094,408.0428161621094
2021-07-23,144.94256591796875,168.55999755859375,133.52452087402344,278.5974426269531,19.5132999420166,412.24072265625
2021-07-26,145.36209106445312,168.16000366210938,134.4197540283203,278.00115966796875,19.249906539916992,413.2526550292969
2021-07-27,143.19613647460938,168.44000244140625,134.24253845214844,275.5870666503906,19.164098739624023,411.3692321777344
2021-07-28,141.44970703125,169.2899932861328,134.46409606933594,275.2793884277344,19.458423614501953,411.2006530761719
2021-07-29,142.09364318847656,171.1699981689453,135.6164093017578,275.54864501953125,19.617061614990234,412.90606689453125
2021-07-30,142.3083038330078,169.82000732421875,134.53494262695312,274.0194091796875,19.454435348510742,410.9007873535156
2021-08-02,141.97659301757812,169.61000061035156,133.99429321289062,273.932861328125,19.70486068725586,410.03863525390625
2021-08-03,143.77175903320312,169.49000549316406,135.51885986328125,276.1448974609375,19.769712448120117,413.3744812011719
2021-08-04,143.3717498779297,169.52999877929688,134.0563201904297,275.5582275390625,20.227663040161133,411.3412170410156
2021-08-05,143.4790802001953,168.86000061035156,135.7493438720703,278.45318603515625,20.58983612060547,413.9461975097656
2021-08-06,142.7951202392578,164.63999938964844,139.60511779785156,278.3954772949219,20.31945037841797,414.6301574707031
2021-08-09,142.7462615966797,161.72000122070312,139.45440673828125,277.3087158203125,20.248615264892578,414.2928466796875
2021-08-10,142.2674560546875,161.77000427246094,141.16513061523438,275.49090576171875,19.89043617248535,414.80828857421875
2021-08-11,142.52154541015625,164.0,142.84922790527344,275.9814758300781,19.65397834777832,415.8389587402344
2021-08-12,145.482177734375,164.0399932861328,143.4076690673828,278.73211669921875,19.859508514404297,417.0851745605469
2021-08-13,145.68739318847656,166.38999938964844,141.80332946777344,281.6558837890625,20.14185905456543,417.8442687988281
2021-08-16,147.66110229492188,167.22000122070312,140.87261962890625,283.3390197753906,19.90440559387207,418.828125
2021-08-17,146.75241088867188,166.97000122070312,139.17074584960938,281.8770751953125,19.413524627685547,416.0826110839844
2021-08-18,143.0100555419922,167.10000610351562,137.9032440185547,280.15228271484375,18.996482849121094,411.5285339355469
2021-08-19,143.34231567382812,166.61000061035156,136.75094604492188,285.9725036621094,19.75275421142578,412.165771484375
2021-08-20,144.7981719970703,166.6999969482422,137.14096069335938,293.286376953125,20.768428802490234,415.4454345703125
2021-08-23,146.28343200683594,168.72999572753906,138.89596557617188,293.5658264160156,21.907814025878906,419.09991455078125
2021-08-24,146.1954803466797,168.64999389648438,139.75576782226562,291.6095886230469,21.74319076538086,419.7652587890625
2021-08-25,144.96426391601562,167.47999572753906,142.63653564453125,291.0218811035156,22.1622314453125,420.64605712890625
2021-08-26,144.16307067871094,167.6699981689453,143.37217712402344,288.2080993652344,22.017560958862305,418.162841796875
2021-08-27,145.19879150390625,170.19000244140625,144.5244903564453,288.8151550292969,22.58426856994629,421.9015808105469
2021-08-30,149.61532592773438,169.35000610351562,142.21102905273438,292.5443115234375,22.63614845275879,423.7569274902344
2021-08-31,148.3548583984375,169.69000244140625,141.77671813964844,290.89654541015625,22.33777618408203,423.12908935546875
2021-09-01,149.019287109375,169.6999969482422,141.5728759765625,290.848388671875,22.393661499023438,423.35400390625
2021-09-02,150.13320922851562,169.25,142.22879028320312,290.193115234375,22.3487548828125,424.656494140625
2021-09-03,150.7683563232422,171.05999755859375,141.36903381347656,290.1834716796875,22.79480743408203,424.55340576171875
2021-09-07,153.10365295410156,167.7100067138672,141.12081909179688,289.2584228515625,22.61419105529785,423.03546142578125
2021-09-08,151.559814453125,167.2899932861328,140.49147033691406,289.2872619628906,22.291872024536133,422.5200500488281
2021-09-09,150.5436248779297,168.02999877929688,141.1030731201172,286.43505859375,22.13021469116211,420.71160888671875
2021-09-10,145.56036376953125,167.17999267578125,139.48101806640625,284.9510192871094,22.430580139160156,417.39453125
2021-09-13,146.1270751953125,167.74000549316406,141.6969757080078,286.18450927734375,22.10527229309082,418.4626770019531
2021-09-14,144.72976684570312,168.82000732421875,139.2239227294922,288.88262939453125,22.195079803466797,416.2043762207031
2021-09-15,145.61895751953125,167.8300018310547,140.1901092529297,293.7296447753906,22.293869018554688,419.6808166503906
2021-09-16,145.38446044921875,164.02999877929688,140.12806701660156,294.11505126953125,22.195079803466797,419.0155944824219
2021-09-17,142.71693420410156,163.77000427246094,139.7646484375,288.9596862792969,21.853801727294922,414.933837890625
2021-09-20,139.66831970214844,164.94000244140625,135.58094787597656,283.5923156738281,21.06846046447754,408.0152282714844
2021-09-21,140.1471405029297,166.0399932861328,135.5986328125,284.0741882324219,21.20117950439453,407.6297607421875
2021-09-22,142.51177978515625,165.4199981689453,138.1957550048828,287.7165832519531,21.894712448120117,411.6061706542969
2021-09-23,143.46929931640625,163.50999450683594,142.86695861816406,288.6609802246094,22.434574127197266,416.6071472167969
2021-09-24,143.5572509765625,163.3000030517578,144.51564025878906,288.4586486816406,22.03441619873047,417.2933654785156
2021-09-27,142.04273986816406,163.63999938964844,148.0080108642578,283.4671325683594,21.614301681518555,416.09954833984375
2021-09-28,138.6619110107422,162.0500030517578,147.2102813720703,273.2045593261719,20.65533447265625,407.71435546875
2021-09-29,139.5608673095703,161.32000732421875,147.09500122070312,273.6671142578125,20.473716735839844,408.4006042480469
2021-09-30,138.26132202148438,164.22000122070312,145.09181213378906,271.66278076171875,20.672298431396484,403.408935546875
2021-10-01,139.38499450683594,164.58999633789062,148.14093017578125,278.58154296875,20.698244094848633,408.2032165527344
2021-10-04,135.95530700683594,165.36000061035156,147.98138427734375,272.8094482421875,19.69037628173828,402.9389343261719
2021-10-05,137.88026428222656,164.58999633789062,150.39796447753906,278.25390625,20.407855987548828,407.131591796875
2021-10-06,138.7498779296875,165.02999877929688,150.718994140625,282.4455871582031,20.656335830688477,408.8236083984375
2021-10-07,140.0103302001953,164.16000366210938,151.67311096191406,284.1223449707031,21.030542373657227,412.3581848144531
2021-10-08,139.62930297851562,164.22999572753906,151.78904724121094,284.1223449707031,20.787052154541016,411.6061706542969
2021-10-11,139.54132080078125,163.9199981689453,148.59669494628906,283.5249328613281,20.651342391967773,408.6262512207031
2021-10-12,138.27108764648438,164.66000366210938,147.45530700683594,282.2239685058594,20.62739372253418,407.6203918457031
2021-10-13,137.684814453125,167.58999633789062,143.56736755371094,285.5292053222656,20.894824981689453,409.08685302734375
2021-10-14,140.46954345703125,168.0,145.76992797851562,291.73492431640625,21.70012664794922,415.9679870605469
2021-10-15,141.52487182617188,165.3300018310547,148.5699462890625,293.141845703125,21.815879821777344,419.1358337402344
2021-10-18,143.19570922851562,164.9199981689453,148.5164337158203,296.1097106933594,22.175121307373047,420.3767395019531
2021-10-19,145.35516357421875,165.4499969482422,150.31771850585938,297.0155029296875,22.242979049682617,423.619873046875
2021-10-20,145.8437042236328,166.89999389648438,152.34188842773438,296.2253723144531,22.056367874145508,425.2837219238281
2021-10-21,146.05865478515625,166.75,151.14700317382812,299.4534912109375,22.644128799438477,426.39300537109375
2021-10-22,145.2867889404297,167.77000427246094,153.18014526367188,297.9117431640625,22.678054809570312,425.9511413574219
2021-10-25,145.2378692626953,168.92999267578125,152.4310760498047,296.9191589355469,23.11713218688965,428.2355041503906
2021-10-26,145.9022979736328,167.67999267578125,152.84129333496094,298.8270568847656,24.664857864379883,428.6208190917969
2021-10-27,145.44309997558594,168.1199951171875,149.65785217285156,311.4119873046875,24.399417877197266,426.7220153808594
2021-10-28,149.0779266357422,168.0800018310547,151.9139404296875,312.549072265625,24.888383865356445,430.83941650390625
2021-10-29,146.37135314941406,166.64999389648438,151.49478149414062,319.5544738769531,25.5130672454834,431.713623046875
2021-11-01,145.55056762695312,167.52000427246094,151.41452026367188,317.3863830566406,25.772518157958984,432.45623779296875
2021-11-02,146.58628845214844,167.16000366210938,152.0120086669922,321.0095520019531,26.34530258178711,434.2047119140625
2021-11-03,148.0226287841797,165.77000427246094,152.06549072265625,321.847900390625,26.54189109802246,436.8556823730469
2021-11-04,147.50482177734375,167.64999389648438,150.06800842285156,324.1991271972656,29.738136291503906,438.9144287109375
2021-11-05,148.033203125,169.83999633789062,149.85400390625,323.8329162597656,29.689239501953125,440.43719482421875
2021-11-08,147.21119689941406,170.4499969482422,150.75465393066406,324.7291259765625,30.739013671875,440.8132629394531
2021-11-09,147.5732879638672,171.2899932861328,149.61322021484375,323.72698974609375,30.592327117919922,439.3561096191406
2021-11-10,144.7453155517578,173.14999389648438,149.4705810546875,318.76434326171875,29.3968505859375,435.8216247558594
2021-11-11,144.6964111328125,174.1199951171875,149.46163940429688,320.33502197265625,30.325885772705078,435.9625549316406
2021-11-12,146.77090454101562,174.4499969482422,148.79286193847656,324.4689636230469,30.325885772705078,439.2527160644531
2021-11-15,146.78067016601562,174.17999267578125,148.52532958984375,323.8426208496094,29.96165657043457,439.403076171875
2021-11-16,147.75917053222656,172.9199981689453,147.45530700683594,327.1574401855469,30.139280319213867,441.14227294921875
2021-11-17,150.1957550048828,174.5,146.66165161132812,327.37945556640625,29.19927406311035,440.0705261230469
2021-11-18,154.4817657470703,173.94000244140625,145.3953857421875,329.455078125,31.608179092407227,441.5652160644531
2021-11-19,157.10426330566406,172.61000061035156,143.4960479736328,331.2313232421875,32.9154167175293,440.775634765625
2021-11-22,157.56414794921875,168.74000549316406,146.5546417236328,328.0649108886719,31.88858985900879,439.5346984863281
2021-11-23,157.94577026367188,167.27999877929688,150.0591278076172,325.98931884765625,31.679035186767578,440.1176452636719
2021-11-24,158.46441650390625,167.1199951171875,148.88204956054688,326.2113342285156,32.605072021484375,441.2926025390625
2021-11-26,153.44448852539062,166.85000610351562,144.3966827392578,318.2663269042969,31.436542510986328,431.450439453125
2021-11-29,156.80087280273438,166.6199951171875,143.77247619628906,324.9757385253906,33.30559539794922,436.74285888671875
2021-11-30,161.75228881835938,165.5,141.63233947753906,319.1448059082031,32.60707092285156,428.2448425292969
2021-12-01,161.23365783691406,166.16000366210938,140.7940673828125,318.65252685546875,31.37252426147461,423.48822021484375
2021-12-02,160.245361328125,165.24000549316406,143.75465393066406,318.0828552246094,32.06215286254883,429.97454833984375
2021-12-03,158.36656188964844,166.6300048828125,141.1508026123047,311.82720947265625,30.632001876831055,426.233154296875
2021-12-06,161.77188110351562,166.22000122070312,142.81834411621094,314.8970947265625,29.977306365966797,431.28125
2021-12-07,167.50608825683594,166.80999755859375,144.96737670898438,323.3248596191406,32.3625602722168,440.2021484375
2021-12-08,171.32237243652344,166.89999389648438,143.3087615966797,323.3731384277344,31.76274871826172,441.3678283691406
2021-12-09,170.81356811523438,165.8800048828125,143.0858612060547,321.56793212890625,30.42940330505371,438.3879089355469
2021-12-10,175.59860229492188,166.5800018310547,142.51513671875,330.6811218261719,30.137985229492188,442.5146789550781
2021-12-13,171.9682159423828,167.0,140.82083129882812,327.6498107910156,28.105030059814453,438.5947570800781
2021-12-14,170.58851623535156,165.44000244140625,141.89984130859375,316.97271728515625,28.280683517456055,435.5771484375
2021-12-15,175.45184326171875,166.14999389648438,140.8386993408203,323.06427001953125,30.398468017578125,442.38311767578125
2021-12-16,168.56292724609375,168.16000366210938,143.04122924804688,313.65179443359375,28.330585479736328,438.48199462890625
2021-12-17,167.46694946289062,167.8000030517578,139.78646850585938,312.5898742675781,27.745750427246094,433.8151550292969
2021-12-20,166.10678100585938,167.08999633789062,137.27178955078125,308.8345642089844,27.66391372680664,429.2022399902344
2021-12-21,169.27728271484375,167.02000427246094,139.18902587890625,315.9590759277344,29.0172176361084,436.824462890625
2021-12-22,171.870361328125,168.58999633789062,139.7329559326172,321.6645202636719,29.341571807861328,441.1921691894531
2021-12-23,172.49667358398438,168.97000122070312,140.23231506347656,323.1028747558594,29.581092834472656,443.93731689453125
2021-12-27,176.459716796875,169.3699951171875,141.03488159179688,330.5942077636719,30.883501052856445,450.2200012207031
2021-12-28,175.44207763671875,168.63999938964844,141.46292114257812,329.4356994628906,30.26173973083496,449.85205078125
2021-12-29,175.53013610839844,168.58999633789062,141.39154052734375,330.1114807128906,29.941375732421875,450.427490234375
2021-12-30,174.3754119873047,169.8000030517578,141.32022094726562,327.57257080078125,29.527204513549805,449.18231201171875
2021-12-31,173.75897216796875,170.9600067138672,141.20428466796875,324.6763916015625,29.352550506591797,448.0502624511719
2022-01-03,178.10366821289062,168.3300018310547,144.19158935546875,323.16070556640625,30.061141967773438,450.6444396972656
2022-01-04,175.84323120117188,169.57000732421875,149.65785217285156,317.6195373535156,29.23179054260254,450.4934387207031
2022-01-05,171.1658477783203,169.05999755859375,146.92176818847656,305.4267578125,27.54914093017578,441.8429870605469
2022-01-06,168.30848693847656,166.99000549316406,148.48268127441406,303.01336669921875,28.121997833251953,441.4279479980469
2022-01-07,168.474853515625,167.75,149.95388793945312,303.16778564453125,27.19284439086914,439.68280029296875
2022-01-10,168.49441528320312,168.25999450683594,150.097412109375,303.3897705078125,27.34554672241211,439.1356506347656
2022-01-11,171.32237243652344,170.2899932861328,150.24989318847656,304.07525634765625,27.761720657348633,443.1354064941406
2022-01-12,171.7627410888672,170.74000549316406,151.10211181640625,307.2513122558594,27.943355560302734,444.33349609375
2022-01-13,168.49441528320312,170.16000366210938,150.91372680664062,294.2476806640625,26.522188186645508,438.21124267578125
2022-01-14,169.3555450439453,169.6699981689453,141.63803100585938,299.4607238769531,26.888452529907227,438.3904113769531
2022-01-18,166.15573120117188,169.38999938964844,135.69947814941406,292.1721496582031,25.851518630981445,430.626708984375
2022-01-19,162.66233825683594,172.0800018310547,133.600341796875,292.8284912109375,25.017181396484375,426.1552429199219
2022-01-20,160.979248046875,171.64999389648438,132.4610595703125,291.158447265625,24.102001190185547,421.4385070800781
2022-01-21,158.92431640625,171.08999633789062,130.14662170410156,285.78125,23.327545166015625,413.1654357910156
2022-01-24,158.1512451171875,172.02999877929688,130.0299835205078,286.1095275878906,23.325550079345703,414.9200439453125
2022-01-25,156.3507537841797,172.5800018310547,131.44737243652344,278.5022888183594,22.279632568359375,409.8542785644531
2022-01-26,156.26271057128906,169.7899932861328,132.69427490234375,286.4377746582031,22.726743698120117,408.8260192871094
2022-01-27,155.8028106689453,167.60000610351562,130.35293579101562,289.45941162109375,21.900390625,406.80731201171875
2022-01-28,166.67433166503906,167.10000610351562,131.51913452148438,297.5878601074219,22.79460906982422,416.9104919433594
2022-01-31,171.02882385253906,168.08999633789062,133.30429077148438,300.2137451171875,24.43733787536621,424.4195251464844
2022-02-01,170.8624725341797,168.22999572753906,135.59182739257812,298.0705261230469,24.58903694152832,427.2872619628906
2022-02-02,172.06607055664062,168.83999633789062,134.50637817382812,302.60784912109375,25.191837310791016,431.4380187988281
2022-02-03,169.1891632080078,168.60000610351562,133.39395141601562,290.8205871582031,23.900402069091797,421.2970275878906
2022-02-04,168.90505981445312,168.86000061035156,136.856689453125,295.3481750488281,24.27066993713379,423.2780456542969
2022-02-07,168.1898193359375,170.11000061035156,137.31417846679688,290.53094482421875,24.678857803344727,421.9197082519531
2022-02-08,171.29574584960938,170.6300048828125,139.89773559570312,294.0159912109375,25.058101654052734,425.39111328125
2022-02-09,172.7164306640625,171.2100067138672,140.48085021972656,300.4356384277344,26.65192985534668,431.6172790527344
2022-02-10,168.64053344726562,170.55999755859375,139.89773559570312,291.9114990234375,25.772682189941406,423.8630065917969
2022-02-11,165.23086547851562,173.80999755859375,138.07666015625,284.8255310058594,23.90140151977539,415.5048828125
2022-02-14,165.46603393554688,174.74000549316406,136.7938995361328,284.7869567871094,24.21877670288086,414.14642333984375
2022-02-15,169.2969512939453,173.0800018310547,138.7943572998047,290.0675964355469,26.442344665527344,420.825439453125
2022-02-16,169.06182861328125,174.86000061035156,139.04554748535156,289.7290344238281,26.45831298828125,421.2970275878906
2022-02-17,165.46603393554688,177.25,135.84298706054688,281.24517822265625,24.458297729492188,412.29754638671875
2022-02-18,163.91793823242188,177.1199951171875,136.4799346923828,278.53643798828125,23.595008850097656,409.6278991699219
2022-02-22,160.9982147216797,177.49000549316406,136.23768615722656,278.3333435058594,23.343517303466797,405.23187255859375
2022-02-23,156.8341064453125,178.2899932861328,133.385009765625,271.12640380859375,22.34250831604004,398.0436706542969
2022-02-24,159.4501190185547,177.13999938964844,129.67117309570312,284.9792175292969,23.700803756713867,404.0338439941406
2022-02-25,161.5175018310547,176.5500030517578,132.73912048339844,287.6104736328125,24.108991622924805,412.948486328125
2022-02-28,161.78201293945312,178.3800048828125,127.20423889160156,289.0421142578125,24.336536407470703,411.891845703125
2022-03-01,159.9008331298828,181.6199951171875,122.40491485595703,285.3274230957031,23.430339813232422,405.61865234375
2022-03-02,163.1929168701172,179.72999572753906,124.94363403320312,290.396484375,24.175979614257812,413.08050537109375
2022-03-03,162.8695831298828,180.8000030517578,124.0555191040039,286.265869140625,23.6709041595459,411.0240173339844
2022-03-04,159.87142944335938,183.67999267578125,120.5659408569336,280.4034729003906,22.89432144165039,407.6846008300781
2022-03-07,156.07969665527344,186.41000366210938,115.91016387939453,269.81072998046875,21.31319808959961,395.6663513183594
2022-03-08,154.25726318359375,191.50999450683594,115.09380340576172,266.8505859375,21.47490119934082,392.6666259765625
2022-03-09,159.65589904785156,185.82000732421875,119.70475769042969,279.08782958984375,22.97217559814453,403.19427490234375
2022-03-10,155.3154754638672,186.39999389648438,118.2873764038086,276.2727966308594,22.6168212890625,401.37359619140625
2022-03-11,151.60206604003906,185.08999633789062,115.62309265136719,270.93292236328125,22.059833526611328,396.2702331542969
2022-03-14,147.5751190185547,182.3000030517578,116.77132415771484,267.4212951660156,21.291236877441406,393.37408447265625
2022-03-15,151.9547576904297,178.88999938964844,118.84355163574219,277.78192138671875,22.93125343322754,402.0245666503906
2022-03-16,156.3638153076172,180.00999450683594,124.1541976928711,284.78564453125,24.451478958129883,410.9391174316406
2022-03-17,157.3730010986328,180.88999938964844,125.72407531738281,285.5887145996094,24.720991134643555,416.080322265625
2022-03-18,160.66506958007812,179.3000030517578,125.6792221069336,290.6286315917969,26.404922485351562,420.63763427734375
2022-03-21,162.03677368164062,180.6699981689453,125.27554321289062,289.4001159667969,26.68541717529297,420.5145568847656
2022-03-22,165.4072265625,179.36000061035156,127.93981170654297,294.1402587890625,26.475793838500977,425.43524169921875
2022-03-23,166.76914978027344,181.80999755859375,125.39215850830078,289.71929931640625,25.587413787841797,419.9562683105469
2022-03-24,170.5511016845703,183.1300048828125,126.20845794677734,294.178955078125,28.098838806152344,426.2868347167969
2022-03-25,171.1879425048828,182.3800048828125,127.31187438964844,293.77264404296875,27.64167594909668,428.36865234375
2022-03-28,172.0501708984375,179.05999755859375,126.36996459960938,300.5636291503906,28.16771697998047,431.4156799316406
2022-03-29,175.34225463867188,179.13999938964844,126.64803314208984,305.1200256347656,28.603918075561523,436.7525939941406
2022-03-30,174.17628479003906,180.5800018310547,126.07392120361328,303.6205139160156,27.639680862426758,434.0558166503906
2022-03-31,171.08016967773438,180.64999389648438,122.28831481933594,298.2515869140625,27.236413955688477,427.3750915527344
2022-04-01,170.78619384765625,179.5,121.38224792480469,299.32537841796875,26.6634578704834,428.5863037109375
2022-04-04,174.83279418945312,180.3699951171875,121.92049407958984,304.69427490234375,27.310277938842773,432.2578125
2022-04-05,171.52105712890625,179.24000549316406,120.50165557861328,300.7377014160156,25.883878707885742,426.7978210449219
2022-04-06,168.35638427734375,179.66000366210938,118.82979583740234,289.7290344238281,24.36264419555664,422.5301208496094
2022-04-07,168.6601104736328,180.33999633789062,118.46830749511719,291.53790283203125,24.16400909423828,424.65924072265625
2022-04-08,166.65155029296875,181.47000122070312,120.63723754882812,287.2815856933594,23.076984405517578,423.5237121582031
2022-04-11,162.3992462158203,182.3699951171875,120.19440460205078,275.95355224609375,21.877172470092773,416.2847595214844
2022-04-12,164.2706756591797,183.77000427246094,118.87496185302734,272.8580017089844,21.46491813659668,414.7422790527344
2022-04-13,166.95529174804688,184.64999389648438,115.04322052001953,278.2366027832031,22.16265296936035,419.49261474609375
2022-04-14,161.9485626220703,184.0399932861328,113.97683715820312,270.70074462890625,21.21936798095703,414.2691955566406
2022-04-18,161.73304748535156,184.61000061035156,116.09153747558594,271.3681640625,21.743412017822266,414.439453125
2022-04-19,164.01593017578125,181.82000732421875,118.49539947509766,275.9922180175781,22.157657623291016,421.1296691894531
2022-04-20,163.84938049316406,182.7100067138672,118.9111328125,277.0177001953125,21.442960739135742,420.81744384765625
2022-04-21,163.05575561523438,182.05999755859375,117.98934173583984,271.648681640625,20.146318435668945,414.524658203125
2022-04-22,158.5193328857422,180.2899932861328,114.60038757324219,265.0899658203125,19.479530334472656,403.15045166015625
2022-04-25,159.5873260498047,177.0500030517578,114.5642318725586,271.56170654296875,19.86583137512207,405.4876708984375
2022-04-26,153.6302032470703,177.32000732421875,111.17529296875,261.404296875,18.753854751586914,393.7445373535156
2022-04-27,153.4048614501953,175.97999572753906,109.7293472290039,273.9801330566406,18.38153076171875,394.8516540527344
2022-04-28,160.3319549560547,176.92999267578125,111.46449279785156,280.18096923828125,19.746051788330078,404.8253173828125
2022-04-29,154.46299743652344,176.91000366210938,107.86770629882812,268.46612548828125,18.51329803466797,389.8647155761719
2022-05-02,154.76678466796875,173.6300048828125,108.85275268554688,275.1893310546875,19.49750518798828,392.2115478515625
2022-05-03,156.2560272216797,174.08999633789062,111.18433380126953,272.58709716796875,19.566373825073242,394.0094299316406
2022-05-04,162.66383361816406,175.8000030517578,114.86247253417969,280.5196228027344,20.297046661376953,406.0082092285156
2022-05-05,153.60079956054688,175.1300048828125,111.9886474609375,268.3016662597656,18.809755325317383,391.5774841308594
2022-05-06,154.32691955566406,175.4199981689453,111.80790710449219,265.76708984375,18.641061782836914,389.240234375
2022-05-09,149.2049560546875,172.8800048828125,110.12699890136719,255.9482879638672,16.919198989868164,376.7778015136719
2022-05-10,151.6089324951172,171.4199981689453,107.44294738769531,260.7077331542969,17.563020706176758,377.64837646484375
2022-05-11,143.74932861328125,172.82000732421875,106.76516723632812,252.04966735839844,16.599775314331055,371.6490173339844
2022-05-12,139.88330078125,170.1699981689453,106.67478942871094,247.01934814453125,16.145606994628906,371.26104736328125
2022-05-13,144.34788513183594,168.7899932861328,107.62368774414062,252.60108947753906,17.67382049560547,380.1370849609375
2022-05-16,142.80734252929688,170.39999389648438,106.87361907958984,252.9687042236328,17.232624053955078,378.59466552734375
2022-05-17,146.4378662109375,169.3300018310547,110.41617584228516,258.11517333984375,18.143964767456055,386.38250732421875
2022-05-18,138.1759796142578,169.4199981689453,108.52742004394531,246.36325073242188,16.907217025756836,370.80682373046875
2022-05-19,134.7711181640625,171.91000366210938,106.91879272460938,245.4518585205078,17.092880249023438,368.5357666015625
2022-05-20,135.00662231445312,172.02999877929688,106.04217529296875,244.88943481445312,16.663660049438477,368.6966247558594
2022-05-23,140.42300415039062,172.8300018310547,112.60317993164062,252.7336883544922,16.867290496826172,375.5950012207031
2022-05-24,137.72459411621094,174.1300048828125,114.19371795654297,251.73500061035156,16.12464141845703,372.7277526855469
2022-05-25,137.881591796875,173.0800018310547,114.98898315429688,254.54693603515625,16.944149017333984,376.02081298828125
2022-05-26,141.0803985595703,172.75999450683594,116.9771728515625,257.8243103027344,17.818557739257812,383.5342102050781
2022-05-27,146.83038330078125,172.85000610351562,118.6309585571289,264.94140625,18.77681541442871,392.9496765136719
2022-05-31,146.04537963867188,171.13999938964844,119.49855041503906,263.6130065917969,18.638065338134766,390.7448425292969
2022-06-01,145.91781616210938,172.22999572753906,117.40191650390625,264.1462707519531,18.286705017089844,387.58428955078125
2022-06-02,148.37088012695312,174.35000610351562,119.29068756103516,266.2406005859375,19.556396484375,394.9652404785156
2022-06-03,142.65037536621094,172.5800018310547,117.62784576416016,261.8191833496094,18.685977935791016,388.4832763671875
2022-06-06,143.39610290527344,171.82000732421875,117.2392578125,260.5877380371094,18.751861572265625,389.6661376953125
2022-06-07,145.91781616210938,172.94000244140625,117.54652404785156,264.2238464355469,18.89160919189453,393.40386962890625
2022-06-08,145.18191528320312,172.77999877929688,115.67581176757812,262.19732666015625,18.6180477142334,389.1266784667969
2022-06-09,139.96182250976562,172.22999572753906,113.24481201171875,256.7479553222656,18.019010543823242,379.87213134765625
2022-06-10,134.55526733398438,174.5399932861328,108.03939819335938,245.30638122558594,16.94673728942871,368.85748291015625
2022-06-13,129.4038543701172,169.92999267578125,104.82217407226562,234.90223693847656,15.621868133544922,354.8526306152344
2022-06-14,130.267333984375,168.57000732421875,103.0780029296875,237.06454467773438,15.810562133789062,353.7832946777344
2022-06-15,132.88717651367188,170.77000427246094,104.29802703857422,244.1137237548828,16.500452041625977,358.8269348144531
2022-06-16,127.61796569824219,172.69000244140625,102.5086441040039,237.5299835205078,15.575940132141113,346.9512634277344
2022-06-17,129.08985900878906,171.27000427246094,102.14717102050781,240.12855529785156,15.854491233825684,347.69927978515625
2022-06-21,133.3188934326172,170.6300048828125,104.67756652832031,246.03363037109375,16.53938865661621,356.4519958496094
2022-06-22,132.80870056152344,171.30999755859375,104.09014892578125,245.44212341308594,16.33371925354004,355.8058166503906
2022-06-23,135.6738739013672,170.25999450683594,102.95147705078125,250.998046875,16.198938369750977,359.29364013671875
2022-06-24,139.0001983642578,170.08999633789062,106.02411651611328,259.5695495605469,17.098487854003906,370.7168884277344
2022-06-27,139.0001983642578,169.89999389648438,105.17462158203125,256.844970703125,16.841901779174805,369.3008728027344
2022-06-28,134.8594512939453,169.6199951171875,104.66854095458984,248.6903839111328,15.956329345703125,361.7550354003906
2022-06-29,136.61582946777344,169.49000549316406,104.19861602783203,252.35552978515625,15.517033576965332,361.4604187011719
2022-06-30,134.15293884277344,168.4600067138672,101.76761627197266,249.02972412109375,15.134651184082031,358.5238037109375
2022-07-01,136.32147216796875,168.32000732421875,103.0689697265625,251.6962127685547,14.499671936035156,362.31573486328125
2022-07-05,138.90206909179688,164.75,102.67692565917969,254.8668975830078,14.939963340759277,363.0000305175781
2022-07-06,140.23654174804688,162.13999938964844,102.0113754272461,258.124755859375,15.105695724487305,364.2259521484375
2022-07-07,143.60214233398438,162.22999572753906,104.59152221679688,260.2483825683594,15.832527160644531,369.6810302734375
2022-07-08,144.2791748046875,162.3000030517578,104.26329803466797,259.5308837890625,15.81256103515625,369.376953125
2022-07-11,142.1499481201172,161.42999267578125,102.8957290649414,256.4765319824219,15.127660751342773,365.1573181152344
2022-07-12,143.12135314941406,160.8300018310547,102.99603271484375,245.96571350097656,15.057774543762207,361.9260559082031
2022-07-13,142.75831604003906,161.60000610351562,102.02962493896484,245.04457092285156,15.139642715454102,360.0254211425781
2022-07-14,145.6823272705078,159.3300018310547,98.46482849121094,246.36325073242188,15.347309112548828,359.15106201171875
2022-07-15,147.3504638671875,159.00999450683594,102.977783203125,248.92306518554688,15.73668098449707,366.0126647949219
2022-07-18,144.30862426757812,159.16000366210938,101.92019653320312,246.52810668945312,16.075136184692383,362.9906005859375
2022-07-19,148.16481018066406,159.5399932861328,104.44564056396484,251.6477508544922,16.964706420898438,372.7982177734375
2022-07-20,150.16653442382812,158.0399932861328,104.42742156982422,254.3045196533203,17.77839469909668,375.1741027832031
2022-07-21,152.4331817626953,160.27000427246094,105.13855743408203,256.7964782714844,18.02100372314453,378.9945373535156
2022-07-22,151.1968231201172,160.6699981689453,104.62799072265625,252.45252990722656,17.291179656982422,375.4782409667969
2022-07-25,150.07823181152344,160.22999572753906,105.04739379882812,250.96900939941406,16.996654510498047,375.9344177246094
2022-07-26,148.75357055664062,160.0399932861328,103.40631866455078,244.2494659423828,16.506446838378906,371.48675537109375
2022-07-27,153.84613037109375,161.6699981689453,105.06559753417969,260.5780334472656,17.76142692565918,381.1329345703125
2022-07-28,154.39564514160156,163.63999938964844,104.67357635498047,268.0151062011719,17.955110549926758,385.9132080078125
2022-07-29,159.45872497558594,164.10000610351562,105.17501831054688,272.21356201171875,18.133827209472656,391.53936767578125
2022-08-01,158.47752380371094,165.02999877929688,104.12652587890625,269.5664978027344,18.411380767822266,390.3799743652344
2022-08-02,157.00564575195312,164.0500030517578,102.50370788574219,266.4733581542969,18.496240615844727,387.8044128417969
2022-08-03,163.01077270507812,164.4499969482422,103.57950592041016,273.8910217285156,18.86264991760254,393.87725830078125
2022-08-04,162.69677734375,167.1699981689453,102.43988037109375,275.03515625,19.184133529663086,393.61114501953125
2022-08-05,162.4707794189453,165.2899932861328,105.5396957397461,274.31768798828125,18.958498001098633,392.9458923339844
2022-08-08,161.99911499023438,166.69000244140625,104.25415802001953,271.80633544921875,17.764415740966797,392.4897155761719
2022-08-09,162.0482635498047,167.1999969482422,105.1932373046875,273.7262878417969,17.058555603027344,390.9311828613281
2022-08-10,166.2930450439453,166.77999877929688,107.9375,280.3778381347656,18.06793212890625,399.14227294921875
2022-08-11,165.55609130859375,166.33999633789062,109.53298950195312,278.3028564453125,17.913175582885742,399.14227294921875
2022-08-12,169.10324096679688,167.8699951171875,111.3472900390625,283.0443115234375,18.67894744873047,405.89935302734375
2022-08-15,170.17422485351562,165.7100067138672,111.6481704711914,284.5569152832031,19.001428604125977,407.5719299316406
2022-08-16,170.0170440673828,165.4199981689453,112.7148666381836,283.820068359375,18.848678588867188,408.3703308105469
2022-08-17,171.5105743408203,164.35000610351562,111.76669311523438,283.0718078613281,18.3055477142334,405.4716491699219
2022-08-18,171.11752319335938,163.9199981689453,110.90054321289062,281.9543762207031,18.742843627929688,406.6501159667969
2022-08-19,168.53334045410156,162.72000122070312,108.15628814697266,278.0481872558594,17.820327758789062,401.1855773925781
2022-08-22,164.652099609375,161.63999938964844,106.3693618774414,269.8860778808594,17.00663948059082,392.8318786621094
2022-08-23,164.3180389404297,162.77000427246094,105.32089233398438,268.6131896972656,17.153404235839844,391.8815002441406
2022-08-24,164.61279296875,163.25,105.57616424560547,267.9815673828125,17.1943359375,393.13592529296875
2022-08-25,167.06927490234375,163.75,108.08336639404297,270.9549255371094,17.884225845336914,398.68609619140625
2022-08-26,160.7708740234375,161.75999450683594,104.54592895507812,260.4994812011719,16.233884811401367,385.19091796875
2022-08-29,158.56983947753906,161.86000061035156,104.2906494140625,257.7205505371094,15.775616645812988,382.64404296875
2022-08-30,156.14295959472656,160.50999450683594,104.30889129638672,255.52444458007812,15.443155288696289,378.44329833984375
2022-08-31,154.48236083984375,159.27000427246094,103.68893432617188,254.0669708251953,15.06975269317627,375.56378173828125
2022-09-01,155.20947265625,157.8699951171875,104.40005493164062,253.02720642089844,13.914612770080566,376.74224853515625
2022-09-02,153.09689331054688,159.25999450683594,103.67068481445312,248.81015014648438,13.625079154968262,372.76971435546875
2022-09-06,151.8391876220703,158.3300018310547,103.69804382324219,246.07968139648438,13.443371772766113,371.3631896972656
2022-09-07,153.2442626953125,159.94000244140625,105.66734313964844,250.78262329101562,13.696039199829102,378.0347595214844
2022-09-08,151.7704315185547,158.97999572753906,108.12895965576172,251.20050048828125,13.971675872802734,380.50567626953125
2022-09-09,154.6296844482422,159.82000732421875,108.64862060546875,256.9723205566406,14.368158340454102,386.4169616699219
2022-09-12,160.5841827392578,160.6300048828125,109.93415832519531,259.1003112792969,14.486003875732422,390.5700378417969
2022-09-13,151.1612091064453,158.5399932861328,106.11407470703125,244.85537719726562,13.113801956176758,373.5870666503906
2022-09-14,152.60560607910156,157.92999267578125,105.86792755126953,245.07882690429688,13.110808372497559,375.01263427734375
2022-09-15,149.71678161621094,154.97999572753906,107.46339416503906,238.4325408935547,12.912067413330078,370.7549743652344
2022-09-16,148.07589721679688,155.83999633789062,106.74317169189453,237.81065368652344,13.180715560913086,367.926513671875
2022-09-19,151.79000854492188,155.9600067138672,107.7278060913086,237.59689331054688,13.364474296569824,370.77978515625
2022-09-20,154.1679229736328,155.07000732421875,105.60352325439453,235.58546447753906,13.158742904663086,366.52374267578125
2022-09-21,151.0432891845703,155.7899932861328,102.55839538574219,232.1845703125,13.243632316589355,360.1301574707031
2022-09-22,150.08033752441406,155.6999969482422,101.39141082763672,234.15708923339844,12.544549942016602,357.10516357421875
2022-09-23,147.81056213378906,153.00999450683594,99.5041732788086,231.18374633789062,12.499608993530273,351.1219482421875
2022-09-26,148.14466857910156,151.22999572753906,97.36164855957031,230.72706604003906,12.211984634399414,347.6483459472656
2022-09-27,149.11740112304688,151.5399932861328,96.50463104248047,229.71649169921875,12.396743774414062,346.76092529296875
2022-09-28,147.2308349609375,154.69000244140625,98.45569610595703,234.2445526123047,12.719320297241211,353.58392333984375
2022-09-29,139.99899291992188,154.66000366210938,96.78728485107422,230.77566528320312,12.203995704650879,346.1978759765625
2022-09-30,135.7935333251953,154.6699981689453,95.2738265991211,226.30587768554688,12.123101234436035,340.8444519042969
2022-10-03,139.969482421875,158.42999267578125,98.21865844726562,233.92388916015625,12.495615005493164,349.8431396484375
2022-10-04,143.55596923828125,160.6999969482422,102.81367492675781,241.8334503173828,13.149754524230957,360.6836242675781
2022-10-05,143.8507537841797,159.80999755859375,101.54426574707031,242.1443634033203,13.191699028015137,359.8439025878906
2022-10-06,142.89764404296875,159.6300048828125,99.47456359863281,239.80259704589844,13.112805366516113,356.1318359375
2022-10-07,137.65061950683594,157.8800048828125,97.48764038085938,227.6079559326172,12.060187339782715,346.1978759765625
2022-10-10,137.97488403320312,155.47999572753906,96.57697296142578,222.75924682617188,11.654717445373535,343.5546569824219
2022-10-11,136.55995178222656,155.16000366210938,93.78977966308594,219.0279541015625,11.570828437805176,341.37884521484375
2022-10-12,135.93112182617188,155.99000549316406,95.30756378173828,219.35830688476562,11.484938621520996,340.2528381347656
2022-10-13,140.50013732910156,154.91000366210938,100.60601043701172,227.6079559326172,11.9443359375,349.2324523925781
2022-10-14,135.9703826904297,152.97999572753906,102.2801742553711,222.08872985839844,11.212294578552246,341.27392578125
2022-10-17,139.93023681640625,153.4199981689453,106.57593536376953,230.80477905273438,11.872429847717285,350.04364013671875
2022-10-18,141.24688720703125,153.75,109.31714630126953,231.747314453125,11.95132827758789,354.1564636230469
2022-10-19,141.35494995117188,151.69000244140625,107.1738510131836,229.7845001220703,12.035216331481934,351.64678955078125
2022-10-20,140.89317321777344,151.4499969482422,106.82429504394531,229.46383666992188,12.178030967712402,348.6981201171875
2022-10-21,144.7056121826172,154.14999389648438,112.43549346923828,235.26478576660156,12.449673652648926,357.1720275878906
2022-10-24,146.84762573242188,153.64999389648438,112.57347106933594,240.2495880126953,12.582500457763672,361.54248046875
2022-10-25,149.6873321533203,154.0,112.86783599853516,243.56301879882812,13.243632316589355,367.3157958984375
2022-10-26,146.74935913085938,154.97999572753906,114.16486358642578,224.77059936523438,12.879109382629395,364.54840087890625
2022-10-27,142.2786102294922,154.74000549316406,114.61558532714844,220.32998657226562,13.158742904663086,362.601806640625
2022-10-28,153.02813720703125,153.16000366210938,115.97701263427734,229.19178771972656,13.815881729125977,371.2283020019531
2022-10-31,150.66989135742188,151.91000366210938,115.79300689697266,225.55767822265625,13.479325294494629,368.5467529296875
2022-11-01,148.02671813964844,153.4600067138672,117.88111877441406,221.7097930908203,13.52526569366455,366.93408203125
2022-11-02,142.50457763671875,152.38999938964844,116.7956771850586,213.86830139160156,13.20168685913086,357.72540283203125
2022-11-03,136.46170043945312,151.80999755859375,117.00724029541016,208.1839141845703,13.403422355651855,354.0419616699219
2022-11-04,136.19595336914062,156.47000122070312,120.2083740234375,215.1217498779297,14.137460708618164,359.13775634765625
2022-11-07,136.72744750976562,155.85000610351562,120.84309387207031,221.41830444335938,14.282268524169922,362.57305908203125
2022-11-08,137.2982635498047,159.4499969482422,120.91667938232422,222.38998413085938,14.582877159118652,364.52935791015625
2022-11-09,132.7413330078125,158.64999389648438,119.34371185302734,218.15341186523438,13.75795841217041,357.0192565917969
2022-11-10,144.55194091796875,163.47999572753906,124.25580596923828,236.10047912597656,15.72937297821045,376.6390380859375
2022-11-11,147.33729553222656,164.55999755859375,124.45817565917969,240.11355590820312,16.305620193481445,380.2842712402344
2022-11-14,145.939697265625,164.9199981689453,123.17957305908203,234.7109832763672,16.27366065979004,377.0493469238281
2022-11-15,147.6719207763672,165.5,122.28731536865234,235.1190643310547,16.644174575805664,380.2651672363281
2022-11-16,146.441650390625,165.1199951171875,122.4528579711914,235.54782104492188,15.889162063598633,377.36419677734375
2022-11-17,148.34117126464844,163.9199981689453,121.91934967041016,235.4990997314453,15.656469345092773,376.2095031738281
2022-11-18,148.90219116210938,162.7899932861328,123.11516571044922,235.0508575439453,15.38882064819336,377.9176940917969
2022-11-21,145.67396545410156,161.8800048828125,122.38848114013672,235.85964965820312,15.296939849853516,376.5435485839844
2022-11-22,147.80970764160156,162.07000732421875,124.21900939941406,238.76344299316406,16.016996383666992,381.61065673828125
2022-11-23,148.68565368652344,163.0800018310547,125.54360961914062,241.24818420410156,16.497360229492188,384.01544189453125
2022-11-25,145.77236938476562,163.22000122070312,125.78279876708984,241.16053771972656,16.248689651489258,383.9295349121094
2022-11-28,141.94378662109375,161.92999267578125,123.58431243896484,235.5770263671875,15.806272506713867,377.8031311035156
2022-11-29,138.94192504882812,162.72999572753906,125.6172103881836,234.18360900878906,15.61851692199707,377.1543273925781
2022-11-30,145.69363403320312,164.80999755859375,127.10740661621094,248.61483764648438,16.905162811279297,389.0348205566406
2022-12-01,145.96922302246094,167.83999633789062,125.32286834716797,248.17636108398438,17.116939544677734,388.74853515625
2022-12-02,145.47714233398438,167.25999450683594,124.32940673828125,248.49790954589844,16.85820960998535,388.30010986328125
2022-12-05,144.3157501220703,164.38999938964844,120.84309387207031,243.80120849609375,16.592491149902344,381.31488037109375
2022-12-06,140.65447998046875,164.83999633789062,121.04548645019531,238.85113525390625,15.970147132873535,375.8183288574219
2022-12-07,138.71556091308594,166.3300018310547,120.96266174316406,238.1202850341797,16.103008270263672,375.178955078125
2022-12-08,140.39854431152344,166.47000122070312,122.23210906982422,241.07278442382812,17.150901794433594,378.1180419921875
2022-12-09,139.91627502441406,167.05999755859375,121.56981658935547,239.14344787597656,16.983076095581055,375.29345703125
2022-12-12,142.2095489501953,165.67999267578125,123.4555435180664,246.0521240234375,17.51651382446289,380.70416259765625
2022-12-13,143.1740264892578,168.50999450683594,123.3359375,250.34933471679688,18.052949905395508,383.5860595703125
2022-12-14,140.94970703125,168.10000610351562,122.71964263916016,250.6416778564453,17.655370712280273,381.1335754394531
2022-12-15,134.3456268310547,165.35000610351562,119.67486572265625,242.6416015625,16.93412971496582,371.8104248046875
2022-12-16,132.38702392578125,166.7899932861328,118.92977142333984,238.43212890625,16.55353355407715,367.42071533203125
2022-12-19,130.28079223632812,166.32000732421875,119.63807678222656,234.30052185058594,16.236865997314453,364.3051452636719
2022-12-20,130.21188354492188,169.0800018310547,120.21759796142578,235.6160430908203,16.06804656982422,364.8035888671875
2022-12-21,133.31219482421875,168.8000030517578,121.56981658935547,238.1787567138672,16.483604431152344,370.25836181640625
2022-12-22,130.14300537109375,166.75999450683594,120.19000244140625,232.09835815429688,15.322830200195312,364.97613525390625
2022-12-23,129.7788543701172,167.25999450683594,120.76031494140625,232.62451171875,15.189970970153809,367.0755920410156
2022-12-27,127.97771453857422,168.6699981689453,121.18345642089844,230.89979553222656,14.10611629486084,365.6280822753906
2022-12-28,124.05071258544922,167.91000366210938,121.84576416015625,228.53196716308594,14.021203994750977,361.0841064453125
2022-12-29,127.56433868408203,168.85000610351562,122.54484558105469,234.84622192382812,14.587604522705078,367.5836181640625
2022-12-30,127.87930297851562,169.63999938964844,123.35435485839844,233.68666076660156,14.598596572875977,366.615478515625
2023-01-03,123.09602355957031,171.05999755859375,124.29261016845703,233.45277404785156,14.299909591674805,365.0720520019531
2023-01-04,124.36566925048828,172.6699981689453,125.45165252685547,223.2408447265625,14.733452796936035,367.8905029296875
2023-01-05,123.04680633544922,170.52000427246094,125.423828125,216.62448120117188,14.249963760375977,363.6916198730469
2023-01-06,127.57418823242188,173.7100067138672,127.82391357421875,219.17745971679688,14.843338012695312,372.0318603515625
2023-01-09,128.09584045410156,174.10000610351562,127.29570007324219,221.31143188476562,15.611526489257812,371.8209533691406
2023-01-10,128.66668701171875,174.74000549316406,128.43548583984375,222.99722290039062,15.892229080200195,374.42840576171875
2023-01-11,131.3831329345703,174.6199951171875,129.38995361328125,229.74024963378906,15.984132766723633,379.1641540527344
2023-01-12,131.3043975830078,176.63999938964844,129.26023864746094,232.41015625,16.493595123291016,380.54461669921875
2023-01-13,132.633056640625,178.75999450683594,132.5220489501953,233.1117401123047,16.881189346313477,382.02093505859375
2023-01-17,133.7944793701172,177.58999633789062,130.47415161132812,234.20310974121094,17.683338165283203,381.3211364746094
2023-01-18,133.0759735107422,177.0800018310547,126.55436706542969,229.7792205810547,17.35868263244629,375.30078125
2023-01-19,133.13504028320312,179.88999938964844,124.86783599853516,225.99844360351562,16.74732780456543,372.5687255859375
2023-01-20,135.69400024414062,179.2899932861328,125.17362976074219,234.07643127441406,17.8201961517334,379.5093078613281
2023-01-23,138.8828887939453,179.6300048828125,127.2030029296875,236.37608337402344,19.172765731811523,384.0628356933594
2023-01-24,140.28045654296875,180.27999877929688,128.2965087890625,235.84988403320312,19.244688034057617,383.650634765625
2023-01-25,139.6210174560547,181.11000061035156,128.9173583984375,234.45645141601562,19.302629470825195,383.7944641113281
2023-01-26,141.68789672851562,179.47000122070312,129.7143096923828,241.65745544433594,19.7811279296875,388.012451171875
2023-01-27,143.6267852783203,179.22000122070312,130.0293426513672,241.81336975097656,20.343528747558594,388.904052734375
2023-01-30,140.74302673339844,178.75999450683594,128.92662048339844,236.50274658203125,19.141799926757812,384.02447509765625
2023-01-31,142.01266479492188,179.41000366210938,129.69577026367188,241.47230529785156,19.51640510559082,389.6709899902344
2023-02-01,143.13470458984375,181.6699981689453,129.35287475585938,246.28598022460938,20.920923233032227,393.8122863769531
2023-02-02,148.43963623046875,177.89999389648438,128.75057983398438,257.8328857421875,21.686115264892578,399.5450439453125
2023-02-03,152.06153869628906,173.4600067138672,130.7428741455078,251.74276733398438,21.077756881713867,395.2982482910156
2023-02-06,149.33522033691406,173.82000732421875,131.5120086669922,250.2031707763672,21.066768646240234,392.8824462890625
2023-02-07,152.20916748046875,173.97999572753906,133.1151580810547,260.71722412109375,22.149625778198242,398.0207214355469
2023-02-08,149.52223205566406,174.41000366210938,132.17921447753906,259.908447265625,22.181591033935547,393.6685485839844
2023-02-09,148.48880004882812,173.02999877929688,130.1220245361328,256.87799072265625,22.313451766967773,390.2557373046875
2023-02-10,148.85354614257812,173.36000061035156,130.69654846191406,256.37127685546875,21.242582321166992,391.16644287109375
2023-02-13,151.6529998779297,172.47999572753906,132.11436462402344,264.381103515625,21.765031814575195,395.75830078125
2023-02-14,151.0122528076172,172.61000061035156,132.69813537597656,265.2093200683594,22.946781158447266,395.5762634277344
2023-02-15,153.11183166503906,170.88999938964844,133.25416564941406,263.0895080566406,22.74000358581543,396.8608093261719
2023-02-16,151.51498413085938,170.75,131.41937255859375,256.08538818359375,21.97880744934082,391.3965148925781
2023-02-17,150.37156677246094,171.25999450683594,131.80857849121094,252.08998107910156,21.36545181274414,390.4186706542969
2023-02-21,146.3596649169922,170.6199951171875,129.38995361328125,246.82470703125,20.633230209350586,382.5865478515625
2023-02-22,146.78353881835938,169.66000366210938,128.3984375,245.69155883789062,20.73212242126465,382.0592956542969
2023-02-23,147.26654052734375,169.57000732421875,129.427001953125,248.87611389160156,23.639055252075195,384.0916442871094
2023-02-24,144.6149444580078,168.35000610351562,130.5946044921875,243.45449829101562,23.261451721191406,379.9885559082031
2023-02-27,145.8076629638672,169.00999450683594,131.7344207763672,244.37278747558594,23.476226806640625,381.28277587890625
2023-02-28,145.30494689941406,169.77999877929688,132.83712768554688,243.64991760253906,23.191524505615234,379.8735656738281
2023-03-01,143.2349395751953,170.75999450683594,132.09579467773438,240.57276916503906,22.674072265625,378.4164123535156
2023-03-02,143.82638549804688,170.66000366210938,130.72434997558594,245.30076599121094,23.289424896240234,381.35943603515625
2023-03-03,148.8732452392578,172.49000549316406,133.12440490722656,249.3840789794922,23.864816665649414,387.4756774902344
2023-03-06,151.63328552246094,171.6199951171875,132.3460235595703,250.92755126953125,23.529170989990234,387.74407958984375
2023-03-07,149.4351043701172,168.6199951171875,128.4540252685547,248.27044677734375,23.267404556274414,381.8004455566406
2023-03-08,150.68701171875,168.5399932861328,127.69414520263672,247.83090209960938,24.15961456298828,382.4236145019531
2023-03-09,148.43954467773438,170.1999969482422,120.78126525878906,246.48280334472656,23.41527557373047,375.3679504394531
2023-03-10,146.37940979003906,173.8699951171875,123.84851837158203,242.83908081054688,22.944686889648438,369.9515686035156
2023-03-13,148.3212890625,177.86000061035156,121.62451171875,248.04580688476562,22.945682525634766,369.4242858886719
2023-03-14,150.4109649658203,176.8300018310547,124.74737548828125,254.7568817138672,24.04171371459961,375.53094482421875
2023-03-15,150.80526733398438,178.2100067138672,118.85379791259766,259.29925537109375,24.206567764282227,373.1822509765625
2023-03-16,153.6244354248047,178.57000732421875,121.16119384765625,269.8103942871094,25.51841163635254,379.7297668457031
2023-03-17,152.78656005859375,183.77000427246094,116.58348083496094,272.9656982421875,25.70224952697754,375.2896423339844
2023-03-20,155.1522979736328,183.83999633789062,117.81593322753906,265.9322509765625,25.877092361450195,378.89837646484375
2023-03-21,157.00543212890625,180.3699951171875,120.97586059570312,267.44635009765625,26.175825119018555,383.87347412109375
2023-03-22,155.576171875,183.44000244140625,117.8530044555664,265.9908447265625,26.444591522216797,377.3298034667969
2023-03-23,156.66043090820312,185.74000549316406,117.53794860839844,271.236572265625,27.166955947875977,378.3498840332031
2023-03-24,157.96157836914062,183.64999389648438,115.74948120117188,274.0792236328125,26.75531578063965,380.83251953125
2023-03-27,156.0196990966797,181.9499969482422,119.06695556640625,269.9862060546875,26.507532119750977,381.544677734375
2023-03-28,155.39869689941406,183.44000244140625,119.42833709716797,268.8628234863281,26.386642456054688,380.6882629394531
2023-03-29,158.47413635253906,182.52999877929688,119.66926574707031,274.0206604003906,26.960132598876953,386.22149658203125
2023-03-30,160.04147338867188,184.17999267578125,119.307861328125,277.4787292480469,27.35877799987793,388.4829406738281
2023-03-31,162.54518127441406,183.22000122070312,120.75344848632812,281.63037109375,27.752431869506836,393.9584655761719
2023-04-03,163.7970428466797,184.5399932861328,120.61444854736328,280.585205078125,27.940263748168945,395.4595642089844
2023-04-04,163.2647705078125,187.97999572753906,119.00205993652344,280.5362854003906,27.428714752197266,393.265625
2023-04-05,161.42147827148438,187.8300018310547,119.17951202392578,277.7620544433594,26.85722541809082,392.23590087890625
2023-04-06,162.30862426757812,186.49000549316406,119.04877471923828,284.8540344238281,27.01308822631836,393.76605224609375
2023-04-10,159.71617126464844,185.11000061035156,119.44100189208984,282.69525146484375,27.554607391357422,394.1701354980469
2023-04-11,158.50376892089844,186.27999877929688,120.02938079833984,276.2869567871094,27.144973754882812,394.27606201171875
2023-04-12,157.8137664794922,187.19000244140625,120.0107192993164,276.9317321777344,26.471567153930664,392.66888427734375
2023-04-13,163.19573974609375,189.72000122070312,120.46833038330078,283.1347961425781,26.439590454101562,397.8846435546875
2023-04-14,162.85073852539062,186.36000061035156,129.56488037109375,279.5203552246094,26.73433494567871,396.9126892089844
2023-04-17,162.8704833984375,185.52999877929688,130.59222412109375,282.11883544921875,26.978118896484375,398.3369445800781
2023-04-18,164.0927734375,186.25,132.05845642089844,281.69879150390625,27.64253044128418,398.5966796875
2023-04-19,165.2362060546875,185.36000061035156,131.89039611816406,281.7770080566406,27.90629768371582,398.5294189453125
2023-04-20,164.2701873779297,186.08999633789062,131.5074462890625,279.4910888671875,27.080028533935547,396.35455322265625
2023-04-21,162.66348266601562,184.25,131.25527954101562,279.149169921875,27.095014572143555,396.6625671386719
2023-04-24,162.9690399169922,184.80999755859375,131.4327392578125,275.2514953613281,27.018081665039062,397.0763244628906
2023-04-25,161.43133544921875,185.75,128.5749053955078,269.04840087890625,26.217788696289062,390.7732238769531
2023-04-26,161.42147827148438,184.74000549316406,126.2961196899414,288.5368347167969,26.93215560913086,389.1180114746094
2023-04-27,166.0050506591797,184.75,127.9958724975586,297.77801513671875,27.201919555664062,396.8645935058594
2023-04-28,167.25694274902344,184.8000030517578,129.1072540283203,300.1518249511719,27.724458694458008,400.2519226074219
2023-05-01,167.16822814941406,183.97000122070312,131.8717041015625,298.4911804199219,28.884429931640625,399.84771728515625
2023-05-02,166.13320922851562,187.52000427246094,129.74232482910156,298.3446044921875,28.18505096435547,395.353759765625
2023-05-03,165.0587615966797,189.11000061035156,126.9965591430664,297.35797119140625,27.777408599853516,392.6400451660156
2023-05-04,163.4224853515625,190.44000244140625,125.25940704345703,298.3446044921875,27.53762435913086,389.8589782714844
2023-05-05,171.0913848876953,187.4600067138672,127.70634460449219,303.4633483886719,28.654634475708008,397.0763244628906
2023-05-08,171.02236938476562,187.69000244140625,128.01455688476562,301.5097351074219,29.125213623046875,397.1821594238281
2023-05-09,169.3170928955078,189.02000427246094,127.39814758300781,299.8978271484375,28.545726776123047,395.4403991699219
2023-05-10,171.08152770996094,188.75,127.46350860595703,305.0849304199219,28.859453201293945,397.2879943847656
2023-05-11,171.26881408691406,187.1300048828125,127.06193542480469,302.93585205078125,28.552724838256836,396.5951843261719
2023-05-12,170.34097290039062,186.80999755859375,125.24077606201172,301.8222351074219,28.31493377685547,396.07550048828125
2023-05-15,169.847412109375,187.2100067138672,126.2961196899414,302.3009338378906,28.927392959594727,397.44195556640625
2023-05-16,169.847412109375,184.8699951171875,125.44623565673828,304.5281677246094,29.18716049194336,394.7859802246094
2023-05-17,170.45941162109375,184.22999572753906,129.3033905029297,307.4064025878906,30.151308059692383,399.5782775878906
2023-05-18,172.7888946533203,181.83999633789062,130.2840118408203,311.8315124511719,31.649978637695312,403.42755126953125
2023-05-19,172.89749145507812,183.63999938964844,129.98513793945312,311.6553039550781,31.236343383789062,402.8404846191406
2023-05-22,171.9499053955078,183.2100067138672,128.91114807128906,314.4356994628906,31.148427963256836,403.00408935546875
2023-05-23,169.34397888183594,183.42999267578125,127.56624603271484,308.6399230957031,30.660856246948242,398.4813232421875
2023-05-24,169.620361328125,181.9499969482422,126.39883422851562,307.25958251953125,30.510990142822266,395.59429931640625
2023-05-25,170.7555389404297,180.1999969482422,126.70703125,319.0761413574219,37.946407318115234,399.0201416015625
2023-05-26,173.16400146484375,180.9199981689453,127.89311981201172,325.8997497558594,38.911556243896484,404.187744140625
2023-05-30,175.00985717773438,182.0399932861328,128.37879943847656,324.2550354003906,40.07552719116211,404.34173583984375
2023-05-31,174.96046447753906,182.32000732421875,126.7444076538086,321.4942932128906,37.800537109375,402.0995788574219
2023-06-01,177.76382446289062,183.75999450683594,128.4908447265625,325.59625244140625,39.734825134277344,405.919921875
2023-06-02,178.61268615722656,181.0500030517578,131.18992614746094,328.3570251464844,39.29222106933594,411.7900085449219
2023-06-05,177.26040649414062,182.13999938964844,129.90109252929688,328.8857421875,39.136356353759766,411.0008544921875
2023-06-06,176.8951873779297,182.33999633789062,130.13455200195312,326.6732177734375,38.61981201171875,411.89581298828125
2023-06-07,175.52313232421875,180.14999389648438,131.3953857421875,316.58941650390625,37.445716857910156,410.47161865234375
2023-06-08,178.23760986328125,182.52999877929688,131.4327392578125,318.4299621582031,38.47991943359375,412.9543762207031
2023-06-09,178.62258911132812,182.0399932861328,131.69424438476562,319.9278869628906,38.73971939086914,413.69537353515625
2023-06-12,181.41603088378906,181.8800048828125,131.68495178222656,324.88165283203125,39.45116424560547,417.44830322265625
2023-06-13,180.94219970703125,180.5399932861328,132.6375274658203,327.2703857421875,40.989959716796875,420.20050048828125
2023-06-14,181.5739288330078,180.63999938964844,132.14256286621094,330.25634765625,42.96342086791992,420.7008972167969
2023-06-15,183.60736083984375,181.91000366210938,133.63682556152344,340.7904052734375,42.61968994140625,425.9166259765625
2023-06-16,182.53140258789062,181.6300048828125,133.7956085205078,335.1415710449219,42.65864944458008,424.46588134765625
2023-06-20,182.62025451660156,179.75,133.1138153076172,330.951416015625,43.773780822753906,422.263671875
2023-06-21,181.58383178710938,179.49000549316406,132.91770935058594,326.55572509765625,43.01137924194336,420.10009765625
2023-06-22,184.58456420898438,177.7100067138672,130.35874938964844,332.5765380859375,42.99139404296875,421.61651611328125
2023-06-23,184.2686767578125,178.1999969482422,129.6769561767578,327.98504638671875,42.176025390625,418.4290771484375
2023-06-26,182.8768768310547,178.50999450683594,129.99447631835938,321.6998596191406,40.60026550292969,416.71954345703125
2023-06-27,185.630859375,177.69000244140625,130.00384521484375,327.5444641113281,41.84328842163086,421.28814697265625
2023-06-28,186.80551147460938,177.27999877929688,129.4341278076172,328.7976379394531,41.08488464355469,421.5006408691406
2023-06-29,187.14109802246094,177.08999633789062,133.95436096191406,328.014404296875,40.79011154174805,423.1619567871094
2023-06-30,191.46450805664062,178.27000427246094,135.83157348632812,333.3891296386719,42.26895523071289,428.1554870605469
2023-07-03,189.97406005859375,178.47000122070312,136.92428588867188,330.8926696777344,42.37986755371094,428.6481628417969
2023-07-05,188.85865783691406,177.83999633789062,136.0121612548828,331.04931640625,42.28395080566406,428.0106506347656
2023-07-06,189.3324432373047,177.30999755859375,134.66746520996094,334.103759765625,42.07011413574219,424.65899658203125
2023-07-07,188.21701049804688,178.63999938964844,135.7300567626953,330.13885498046875,42.46979904174805,423.5869140625
2023-07-10,186.1737823486328,178.77999877929688,136.49171447753906,324.86199951171875,42.147056579589844,424.65899658203125
2023-07-11,185.65061950683594,179.4499969482422,138.62631225585938,325.488525390625,42.37187576293945,427.3634948730469
2023-07-12,187.3187713623047,181.8800048828125,139.312744140625,330.1192626953125,43.867706298828125,430.802001953125
2023-07-13,188.0788116455078,182.00999450683594,139.9898223876953,335.4645690917969,45.94108963012695,434.22125244140625
2023-07-14,188.22689819335938,181.42999267578125,140.8361358642578,337.9904479980469,45.43348693847656,433.9508056640625
2023-07-17,191.48426818847656,181.55999755859375,144.23080444335938,338.4701232910156,46.424705505371094,435.45751953125
2023-07-18,191.22760009765625,183.63999938964844,144.4940948486328,351.941162109375,47.4568977355957,438.69329833984375
2023-07-19,192.57994079589844,183.6699981689453,145.04891967773438,347.623779296875,47.04022979736328,439.6687927246094
2023-07-20,190.63536071777344,182.74000549316406,146.83554077148438,339.586181640625,45.48444747924805,436.7518005371094
2023-07-21,189.46075439453125,182.17999267578125,145.70713806152344,336.55126953125,44.27438735961914,436.7518005371094
2023-07-24,190.26028442382812,181.39999389648438,148.5751953125,337.8631286621094,44.577152252197266,438.70294189453125
2023-07-25,191.11904907226562,182.41000366210938,147.46560668945312,343.60986328125,45.64331817626953,439.9006042480469
2023-07-26,191.9876708984375,183.3000030517578,148.34951782226562,330.6772766113281,45.41649627685547,439.96826171875
2023-07-27,190.72422790527344,180.4199981689453,146.71334838867188,323.7753601074219,45.86415100097656,437.05126953125
2023-07-28,193.30050659179688,181.86000061035156,147.55023193359375,331.2646789550781,46.71348190307617,441.3302001953125
2023-07-31,193.91250610351562,182.35000610351562,148.53761291503906,328.8661804199219,46.6925048828125,442.1705017089844
2023-08-01,193.08334350585938,180.4600067138672,147.80413818359375,329.27728271484375,46.47066879272461,440.9051208496094
2023-08-02,190.09249877929688,179.60000610351562,146.13027954101562,320.6229553222656,44.23442840576172,434.77178955078125
2023-08-03,188.70069885253906,179.5399932861328,147.02365112304688,319.80059814453125,44.480224609375,433.52581787109375
2023-08-04,179.6392822265625,180.19000244140625,146.71334838867188,320.8970642089844,44.64509582519531,431.56512451171875
2023-08-07,176.5398406982422,179.77999877929688,147.4091796875,323.17816162109375,45.38153076171875,435.3320007324219
2023-08-08,177.47756958007812,178.63999938964844,146.58168029785156,319.203369140625,44.62911605834961,433.43890380859375
2023-08-09,175.8883819580078,177.7899932861328,144.61634826660156,315.4635925292969,42.5207633972168,430.54119873046875
2023-08-10,175.6711883544922,177.60000610351562,144.40005493164062,316.14892578125,42.35490036010742,430.69580078125
2023-08-11,175.73049926757812,177.60000610351562,145.2370147705078,314.269287109375,40.823081970214844,430.44464111328125
2023-08-14,177.3811492919922,177.05999755859375,145.53790283203125,317.2356262207031,43.71882629394531,432.8207702636719
2023-08-15,175.3944091796875,176.58999633789062,141.83291625976562,315.10137939453125,43.905677795410156,427.77886962890625
2023-08-16,174.52464294433594,175.57000732421875,141.2310791015625,314.336181640625,43.4520378112793,424.6397399902344
2023-08-17,171.98439025878906,175.3000030517578,139.76412963867188,310.8828125,43.31014633178711,421.4040222167969
2023-08-18,172.46873474121094,175.3300018310547,140.08387756347656,310.4903564453125,43.26518249511719,421.6068420410156
2023-08-21,173.80308532714844,175.80999755859375,140.56344604492188,315.7881774902344,46.93031311035156,424.3499755859375
2023-08-22,175.17698669433594,176.10000610351562,137.64837646484375,316.357177734375,45.63232421875,423.2005615234375
2023-08-23,179.02191162109375,177.88999938964844,138.57928466796875,320.8112487792969,47.07920455932617,427.9140930175781
2023-08-24,174.33682250976562,177.85000610351562,138.44764709472656,313.914306640625,47.126155853271484,421.98358154296875
2023-08-25,176.54100036621094,177.6199951171875,138.27838134765625,316.8673400878906,45.9820556640625,424.9584655761719
2023-08-28,178.10272216796875,178.1300048828125,138.75796508789062,317.57366943359375,46.79841613769531,427.6532897949219
2023-08-29,181.98716735839844,179.8699951171875,139.88638305664062,322.19451904296875,48.74589157104492,433.8349304199219
2023-08-30,185.4762725830078,180.32000732421875,139.3221893310547,322.5673522949219,49.22552490234375,435.62176513671875
2023-08-31,185.69374084472656,180.02000427246094,137.6013641357422,321.5568542480469,49.31645584106445,434.9842834472656
2023-09-01,187.2653350830078,180.11000061035156,138.06210327148438,322.4398193359375,48.471107482910156,435.7956237792969
2023-09-05,187.50253295898438,178.63999938964844,136.53875732421875,327.23724365234375,48.51007843017578,433.9122009277344
2023-09-06,180.7911834716797,177.8300018310547,136.31307983398438,326.5799865722656,47.028114318847656,430.9952392578125
2023-09-07,175.503173828125,178.02000427246094,135.1470184326172,323.66619873046875,46.20869445800781,429.6719970703125
2023-09-08,176.115966796875,178.0800018310547,135.25045776367188,327.9436340332031,45.540157318115234,430.3190612792969
2023-09-11,177.2823028564453,178.41000366210938,135.84291076660156,331.5442199707031,45.14643478393555,433.1491394042969
2023-09-12,174.2577667236328,177.49000549316406,137.61073303222656,325.490966796875,44.838645935058594,430.7730712890625
2023-09-13,172.1919708251953,177.0800018310547,137.67654418945312,329.6997985839844,45.45322036743164,431.2752990722656
2023-09-14,173.70423889160156,177.1699981689453,140.34715270996094,332.28985595703125,45.549156188964844,434.9939270019531
2023-09-15,172.9827117919922,178.33999633789062,139.93338012695312,323.9703369140625,43.869319915771484,429.7530517578125
2023-09-18,175.90841674804688,179.38999938964844,140.22491455078125,322.8323059082031,43.93528366088867,430.0050048828125
2023-09-19,176.99569702148438,179.22000122070312,140.0462188720703,322.4300231933594,43.489585876464844,429.11328125
2023-09-20,173.45713806152344,179.35000610351562,139.4538116455078,314.6991271972656,42.2094841003418,425.1683044433594
2023-09-21,171.9152069091797,178.0500030517578,138.36302185058594,313.48260498046875,40.988338470458984,418.1409606933594
2023-09-22,172.7652587890625,178.6199951171875,137.03713989257812,311.0103454589844,41.5809211730957,417.2007751464844
2023-09-25,174.04029846191406,177.6999969482422,137.7141571044922,311.5302734375,42.19249725341797,418.95513916015625
2023-09-26,169.96804809570312,176.27999877929688,136.2848358154297,306.23248291015625,41.881710052490234,412.8002014160156
2023-09-27,168.45578002929688,174.10000610351562,137.0841522216797,306.8702392578125,42.43832778930664,412.96490478515625
2023-09-28,168.71275329589844,173.22999572753906,138.78619384765625,307.7041015625,43.058895111083984,415.3591003417969
2023-09-29,169.22671508789062,171.4499969482422,136.3694610595703,309.7742004394531,43.468605041503906,414.3510437011719
2023-10-02,171.73728942871094,169.64999389648438,135.19403076171875,315.7096862792969,44.75070571899414,414.18621826171875
2023-10-03,170.40289306640625,169.16000366210938,134.19725036621094,307.4588317871094,43.4865837097168,408.64190673828125
2023-10-04,171.6483612060547,169.13999938964844,134.79910278320312,312.9233703613281,44.010231018066406,411.6177062988281
2023-10-05,172.88388061523438,168.8300018310547,135.36746215820312,313.3158264160156,44.65677261352539,411.4625549316406
2023-10-06,175.43397521972656,169.6999969482422,137.45152282714844,321.06634521484375,45.73002243041992,416.3477783203125
2023-10-09,176.9166259765625,172.82000732421875,137.13888549804688,323.577880859375,45.241363525390625,419.01336669921875
2023-10-10,176.3235626220703,172.52999877929688,137.97250366210938,322.17498779296875,45.7659912109375,421.1942138671875
2023-10-11,177.7172393798828,173.7899932861328,138.44615173339844,326.1286315917969,46.77329635620117,422.91949462890625
2023-10-12,178.61666870117188,173.25999450683594,138.12408447265625,324.8925476074219,46.912200927734375,420.3412780761719
2023-10-13,176.77822875976562,178.8300018310547,140.19863891601562,321.5274658203125,45.42923355102539,418.24755859375
2023-10-16,176.6497344970703,177.9600067138672,140.05654907226562,326.3445129394531,46.06279373168945,422.6481018066406
2023-10-17,175.09793090820312,178.2899932861328,139.75341796875,325.77545166015625,43.90729904174805,422.6286926269531
2023-10-18,173.80308532714844,180.8699951171875,138.21881103515625,323.8623962402344,42.1665153503418,416.9971618652344
2023-10-19,173.427490234375,183.08999633789062,137.6315155029297,325.04949951171875,42.07158279418945,413.333251953125
2023-10-20,170.87738037109375,183.58999633789062,135.41481018066406,320.4875183105469,41.35808181762695,408.2541809082031
2023-10-23,170.99598693847656,182.97000122070312,133.56761169433594,323.0873718261719,42.944969177246094,407.546630859375
2023-10-24,171.430908203125,182.9499969482422,133.72866821289062,324.2744445800781,43.63249206542969,410.6192932128906
2023-10-25,169.1179962158203,183.72000122070312,132.99923706054688,334.22259521484375,41.74980545043945,404.72601318359375
2023-10-26,164.956787109375,184.00999450683594,133.3402862548828,321.6844482421875,40.297821044921875,399.8795471191406
2023-10-27,166.27134704589844,186.14999389648438,128.53753662109375,323.5680847167969,40.47169876098633,398.0669860839844
2023-10-30,168.31735229492188,185.10000610351562,130.17636108398438,330.9261169433594,41.13223648071289,402.82623291015625
2023-10-31,168.7918243408203,184.08999633789062,131.72987365722656,331.7109680175781,40.751502990722656,405.3560791015625
2023-11-01,171.95472717285156,183.50999450683594,131.6162109375,339.52032470703125,42.295433044433594,409.6790771484375
2023-11-02,175.51304626464844,184.1199951171875,133.96546936035156,341.7277526855469,43.4755973815918,417.5302734375
2023-11-03,174.60369873046875,184.7899932861328,135.4622039794922,346.1229553222656,44.97355270385742,421.3396301269531
2023-11-06,177.15382385253906,183.35000610351562,136.4852752685547,349.7823486328125,45.71903610229492,422.30889892578125
2023-11-07,179.71385192871094,182.58999633789062,136.4189453125,353.7066650390625,45.92289352416992,423.5107727050781
2023-11-08,180.7714385986328,180.77000427246094,137.09153747558594,356.3261413574219,46.54146194458008,423.8209533691406
2023-11-09,180.29696655273438,181.49000549316406,136.68418884277344,353.86358642578125,46.91719055175781,420.5157165527344
2023-11-10,184.4834747314453,179.50999450683594,138.71139526367188,362.6736755371094,48.30122375488281,427.0777282714844
2023-11-13,182.89996337890625,180.50999450683594,138.09564208984375,359.74029541015625,48.586021423339844,426.670654296875
2023-11-14,185.5128173828125,182.1199951171875,140.615478515625,363.2623291015625,49.621299743652344,434.9483947753906
2023-11-15,186.07693481445312,181.63999938964844,141.84695434570312,363.4097900390625,48.85383605957031,435.8691711425781
2023-11-16,187.7594757080078,183.69000244140625,143.46678161621094,369.79974365234375,49.44542694091797,436.40234375
2023-11-17,187.7396697998047,183.6699981689453,144.76455688476562,363.5867614746094,49.26355743408203,436.9450988769531
2023-11-20,189.4815673828125,183.3699951171875,145.2097930908203,371.0481872558594,50.373775482177734,440.30859375
2023-11-21,188.67991638183594,185.35000610351562,144.9066925048828,366.7522277832031,49.909095764160156,439.3489685058594
2023-11-22,189.343017578125,184.55999755859375,145.2476806640625,371.4512634277344,48.68195724487305,441.045166015625
2023-11-24,188.0167999267578,185.52000427246094,145.4466094970703,371.0384216308594,47.742618560791016,441.3165588378906
2023-11-27,187.838623046875,186.77000427246094,145.11508178710938,372.1983642578125,48.20828628540039,440.5218200683594
2023-11-28,188.44235229492188,189.25999450683594,145.4466094970703,376.2191162109375,47.78759002685547,440.9579772949219
2023-11-29,187.42295837402344,189.5399932861328,146.18548583984375,372.4342956542969,48.10636520385742,440.6478271484375
2023-11-30,187.9969940185547,188.75,147.85272216796875,372.4933166503906,46.7373161315918,442.3828430175781
2023-12-01,189.27374267578125,192.00999450683594,148.57266235351562,368.1678161621094,46.73231887817383,444.99993896484375
2023-12-04,187.48231506347656,187.86000061035156,149.6620330810547,362.8887634277344,45.47819519042969,442.6639404296875
2023-12-05,191.43130493164062,187.14999389648438,149.64309692382812,366.21148681640625,46.537559509277344,442.5766906738281
2023-12-06,190.3426513671875,187.83999633789062,148.07058715820312,362.55450439453125,45.47520065307617,440.7931823730469
2023-12-07,192.2725830078125,188.14999389648438,148.5252685546875,364.6680908203125,46.56753158569336,444.1566467285156
2023-12-08,193.6977996826172,185.63999938964844,150.1641082763672,367.8925476074219,47.47697830200195,446.06610107421875
2023-12-11,191.19378662109375,183.58999633789062,150.71353149414062,365.0121765136719,46.598514556884766,447.8011169433594
2023-12-12,192.7080535888672,183.49000549316406,152.05868530273438,368.0400390625,47.62788391113281,449.8463439941406
2023-12-13,195.9246368408203,187.6300048828125,152.57020568847656,368.03021240234375,48.058631896972656,456.0498046875
2023-12-14,196.07310485839844,188.72999572753906,155.34579467773438,359.73309326171875,48.320465087890625,457.513427734375
2023-12-15,195.53866577148438,187.0,156.52040100097656,364.4517822265625,48.86013412475586,456.7601318359375
2023-12-18,193.8759307861328,187.85000610351562,157.4676971435547,366.3392639160156,50.046409606933594,459.3294677734375
2023-12-19,194.91510009765625,189.1300048828125,159.5706329345703,366.9389953613281,49.573692321777344,462.12255859375
2023-12-20,192.8268280029297,188.10000610351562,157.7708282470703,364.3437194824219,48.081607818603516,455.71881103515625
2023-12-21,192.6783447265625,189.42999267578125,158.67074584960938,367.2142333984375,48.9600715637207,460.0398864746094
2023-12-22,191.6094512939453,190.27000427246094,158.57601928710938,368.23663330078125,48.8001708984375,460.9644470214844
2023-12-26,191.06512451171875,191.72000122070312,159.51385498046875,368.31524658203125,49.2488899230957,462.9108581542969
2023-12-27,191.16407775878906,192.58999633789062,160.47059631347656,367.73529052734375,49.386810302734375,463.7478332519531
2023-12-28,191.58966064453125,191.47000122070312,161.3231658935547,368.9248046875,49.49174880981445,463.92303466796875
2023-12-29,190.55047607421875,191.1699981689453,161.13372802734375,369.67193603515625,49.49174880981445,462.5799560546875
